neighbourhood_cleansed,latitude,longitude,estimated_occupancy_l365d,room_type,property_type,accommodates,bedrooms,bathrooms,number_of_reviews,reviews_per_month,number_of_reviews_ltm,review_scores_rating,review_scores_value,review_scores_location,availability_365,host_is_superhost,amenities,id,amenities_list,amenity_count,has_full_kitchen,has_laundry,has_parking,has_self_checkin,has_workspace,has_air_conditioning,has_outdoor_space,has_family_friendly,has_premium_leisure,has_view_or_water_access,allows_pets,has_entertainment,property_type_grouped
THIRD WARD,42.65789,-73.7537,0,Entire home/apt,Entire rental unit,4,2.0,1.0,9,0.06,0,3.56,3.67,3.22,321,f,"[""Smoke alarm"", ""Kitchen"", ""Air conditioning"", ""Essentials"", ""TV with standard cable"", ""Wifi"", ""Heating"", ""Carbon monoxide alarm""]",2992450,"['Smoke alarm', 'Kitchen', 'Air conditioning', 'Essentials', 'TV with standard cable', 'Wifi', 'Heating', 'Carbon monoxide alarm']",8,1,0,0,0,0,1,0,0,0,0,0,1,Entire place
SIXTH WARD,42.65222,-73.76724,60,Entire home/apt,Entire rental unit,3,1.0,1.0,317,2.26,10,4.75,4.78,4.82,301,t,"[""Smoke alarm"", ""Kitchen"", ""Dishwasher"", ""Wifi"", ""Shower gel"", ""Coffee maker"", ""Hair dryer"", ""Body soap"", ""Carbon monoxide alarm"", ""Cooking basics"", ""Shampoo"", ""Iron"", ""Central air conditioning"", ""Dedicated workspace"", ""Microwave"", ""Dining table"", ""Heating"", ""Smart lock"", ""Pets allowed"", ""HDTV with standard cable, Apple TV"", ""Oven"", ""Noise decibel monitors on property"", ""Essentials"", ""Conditioner"", ""Free washer \u2013 In unit"", ""Dishes and silverware"", ""Free parking on premises"", ""Hangers"", ""Refrigerator"", ""Self check-in"", ""Freezer"", ""Free dryer \u2013 In unit"", ""Stove""]",3820211,"['Smoke alarm', 'Kitchen', 'Dishwasher', 'Wifi', 'Shower gel', 'Coffee maker', 'Hair dryer', 'Body soap', 'Carbon monoxide alarm', 'Cooking basics', 'Shampoo', 'Iron', 'Central air conditioning', 'Dedicated workspace', 'Microwave', 'Dining table', 'Heating', 'Smart lock', 'Pets allowed', 'HDTV with standard cable, Apple TV', 'Oven', 'Noise decibel monitors on property', 'Essentials', 'Conditioner', 'Free washer – In unit', 'Dishes and silverware', 'Free parking on premises', 'Hangers', 'Refrigerator', 'Self check-in', 'Freezer', 'Free dryer – In unit', 'Stove']",33,1,1,1,1,1,1,0,0,0,0,1,1,Entire place
SECOND WARD,42.64615,-73.75966,120,Entire home/apt,Entire rental unit,2,0.0,1.0,389,2.96,20,4.51,4.63,4.76,35,f,"[""Smoke alarm"", ""Kitchen"", ""Wifi"", ""Shower gel"", ""Hot water"", ""Coffee maker"", ""Private entrance"", ""Hair dryer"", ""TV"", ""Carbon monoxide alarm"", ""Bed linens"", ""Luggage dropoff allowed"", ""Cooking basics"", ""Ceiling fan"", ""Shampoo"", ""Iron"", ""Hot water kettle"", ""Wine glasses"", ""Baking sheet"", ""Dedicated workspace"", ""Microwave"", ""Dining table"", ""Heating"", ""Long term stays allowed"", ""Oven"", ""Backyard"", ""Air conditioning"", ""Toaster"", ""Essentials"", ""Free washer \u2013 In unit"", ""Dishes and silverware"", ""Free parking on premises"", ""Hangers"", ""Refrigerator"", ""Self check-in"", ""Free street parking"", ""Lockbox"", ""Fire extinguisher"", ""Free dryer \u2013 In unit"", ""Stove""]",5651579,"['Smoke alarm', 'Kitchen', 'Wifi', 'Shower gel', 'Hot water', 'Coffee maker', 'Private entrance', 'Hair dryer', 'TV', 'Carbon monoxide alarm', 'Bed linens', 'Luggage dropoff allowed', 'Cooking basics', 'Ceiling fan', 'Shampoo', 'Iron', 'Hot water kettle', 'Wine glasses', 'Baking sheet', 'Dedicated workspace', 'Microwave', 'Dining table', 'Heating', 'Long term stays allowed', 'Oven', 'Backyard', 'Air conditioning', 'Toaster', 'Essentials', 'Free washer – In unit', 'Dishes and silverware', 'Free parking on premises', 'Hangers', 'Refrigerator', 'Self check-in', 'Free street parking', 'Lockbox', 'Fire extinguisher', 'Free dryer – In unit', 'Stove']",40,1,1,1,1,1,1,1,0,0,0,0,1,Entire place
THIRTEENTH WARD,42.67198,-73.79339,0,Entire home/apt,Entire home,8,3.0,2.0,0,,0,,,,324,f,"[""Smoke alarm"", ""Kitchen"", ""Gas stove"", ""Wifi"", ""Shower gel"", ""Hot water"", ""Coffee maker"", ""Hair dryer"", ""Body soap"", ""TV"", ""Carbon monoxide alarm"", ""Bed linens"", ""Cooking basics"", ""Baking sheet"", ""Shampoo"", ""Room-darkening shades"", ""Wine glasses"", ""Free parking garage on premises"", ""Clothing storage"", ""Heating"", ""Stainless steel oven"", ""Washer"", ""EV charger - level 2"", ""Backyard"", ""Air conditioning"", ""Conditioner"", ""Self check-in"", ""Refrigerator"", ""Freezer"", ""Free street parking"", ""Fire extinguisher"", ""Free dryer \u2013 In unit"", ""Keypad""]",6015313,"['Smoke alarm', 'Kitchen', 'Gas stove', 'Wifi', 'Shower gel', 'Hot water', 'Coffee maker', 'Hair dryer', 'Body soap', 'TV', 'Carbon monoxide alarm', 'Bed linens', 'Cooking basics', 'Baking sheet', 'Shampoo', 'Room-darkening shades', 'Wine glasses', 'Free parking garage on premises', 'Clothing storage', 'Heating', 'Stainless steel oven', 'Washer', 'EV charger - level 2', 'Backyard', 'Air conditioning', 'Conditioner', 'Self check-in', 'Refrigerator', 'Freezer', 'Free street parking', 'Fire extinguisher', 'Free dryer – In unit', 'Keypad']",33,1,1,1,1,0,1,1,0,0,0,0,1,Entire place
SIXTH WARD,42.65222,-73.76724,6,Entire home/apt,Entire rental unit,2,1.0,1.0,332,2.55,1,4.73,4.72,4.8,348,t,"[""Smoke alarm"", ""Kitchen"", ""Dishwasher"", ""Wifi"", ""Shower gel"", ""Hot water"", ""Coffee maker"", ""Private entrance"", ""Hair dryer"", ""Body soap"", ""Dryer"", ""Carbon monoxide alarm"", ""Bed linens"", ""Bathtub"", ""Cooking basics"", ""Shampoo"", ""Iron"", ""Wine glasses"", ""TV with standard cable"", ""Dedicated workspace"", ""Microwave"", ""Dining table"", ""Heating"", ""Washer"", ""Smart lock"", ""Extra pillows and blankets"", ""Pets allowed"", ""Oven"", ""Noise decibel monitors on property"", ""Air conditioning"", ""Patio or balcony"", ""Essentials"", ""Coffee"", ""Clothing storage: closet"", ""Conditioner"", ""Free parking on premises"", ""Dishes and silverware"", ""Hangers"", ""Refrigerator"", ""Self check-in"", ""Freezer"", ""Free street parking"", ""Cleaning products"", ""Stove""]",6623339,"['Smoke alarm', 'Kitchen', 'Dishwasher', 'Wifi', 'Shower gel', 'Hot water', 'Coffee maker', 'Private entrance', 'Hair dryer', 'Body soap', 'Dryer', 'Carbon monoxide alarm', 'Bed linens', 'Bathtub', 'Cooking basics', 'Shampoo', 'Iron', 'Wine glasses', 'TV with standard cable', 'Dedicated workspace', 'Microwave', 'Dining table', 'Heating', 'Washer', 'Smart lock', 'Extra pillows and blankets', 'Pets allowed', 'Oven', 'Noise decibel monitors on property', 'Air conditioning', 'Patio or balcony', 'Essentials', 'Coffee', 'Clothing storage: closet', 'Conditioner', 'Free parking on premises', 'Dishes and silverware', 'Hangers', 'Refrigerator', 'Self check-in', 'Freezer', 'Free street parking', 'Cleaning products', 'Stove']",44,1,1,1,1,1,1,1,0,0,0,1,1,Entire place
SIXTH WARD,42.65559,-73.76506,78,Entire home/apt,Entire rental unit,4,1.0,1.0,623,5.37,13,4.79,4.77,4.87,16,f,"[""Smoke alarm"", ""Kitchen"", ""Dishwasher"", ""Wifi"", ""Shower gel"", ""Hot water"", ""Coffee maker"", ""Private entrance"", ""Hair dryer"", ""TV"", ""Carbon monoxide alarm"", ""Bed linens"", ""Cooking basics"", ""Shampoo"", ""Microwave"", ""Heating"", ""Long term stays allowed"", ""Pets allowed"", ""Oven"", ""Portable fans"", ""Essentials"", ""Laundromat nearby"", ""Pack \u2019n play/Travel crib"", ""Conditioner"", ""Window AC unit"", ""Dishes and silverware"", ""Hangers"", ""Refrigerator"", ""Self check-in"", ""Free street parking"", ""Fire extinguisher"", ""Keypad"", ""Stove""]",9005989,"['Smoke alarm', 'Kitchen', 'Dishwasher', 'Wifi', 'Shower gel', 'Hot water', 'Coffee maker', 'Private entrance', 'Hair dryer', 'TV', 'Carbon monoxide alarm', 'Bed linens', 'Cooking basics', 'Shampoo', 'Microwave', 'Heating', 'Long term stays allowed', 'Pets allowed', 'Oven', 'Portable fans', 'Essentials', 'Laundromat nearby', 'Pack ’n play/Travel crib', 'Conditioner', 'Window AC unit', 'Dishes and silverware', 'Hangers', 'Refrigerator', 'Self check-in', 'Free street parking', 'Fire extinguisher', 'Keypad', 'Stove']",33,1,1,1,1,0,1,0,1,0,0,1,1,Entire place
SECOND WARD,42.64734,-73.75851,228,Private room,Private room in rental unit,2,1.0,1.0,448,3.67,38,4.57,4.67,4.76,252,f,"[""Smoke alarm"", ""Wifi"", ""Shower gel"", ""Hot water"", ""Coffee maker"", ""Private entrance"", ""Hair dryer"", ""Mini fridge"", ""Carbon monoxide alarm"", ""Bed linens"", ""Shampoo"", ""Iron"", ""TV with standard cable"", ""Dedicated workspace"", ""Microwave"", ""Heating"", ""Long term stays allowed"", ""Portable fans"", ""Essentials"", ""Lock on bedroom door"", ""Laundromat nearby"", ""Window AC unit"", ""Dishes and silverware"", ""Hangers"", ""Refrigerator"", ""Self check-in"", ""Free street parking"", ""Lockbox""]",9501054,"['Smoke alarm', 'Wifi', 'Shower gel', 'Hot water', 'Coffee maker', 'Private entrance', 'Hair dryer', 'Mini fridge', 'Carbon monoxide alarm', 'Bed linens', 'Shampoo', 'Iron', 'TV with standard cable', 'Dedicated workspace', 'Microwave', 'Heating', 'Long term stays allowed', 'Portable fans', 'Essentials', 'Lock on bedroom door', 'Laundromat nearby', 'Window AC unit', 'Dishes and silverware', 'Hangers', 'Refrigerator', 'Self check-in', 'Free street parking', 'Lockbox']",28,1,1,1,1,1,1,0,0,0,0,0,1,Private room
FOURTEENTH WARD,42.66078,-73.80553,255,Private room,Private room in guest suite,1,1.0,1.0,871,7.13,111,4.83,4.91,4.93,183,t,"[""Smoke alarm"", ""Ethernet connection"", ""Wifi"", ""Hot water"", ""Hair dryer"", ""Carbon monoxide alarm"", ""Bed linens"", ""Shampoo"", ""Iron"", ""TV with standard cable"", ""Dedicated workspace"", ""Microwave"", ""Heating"", ""Patio or balcony"", ""Essentials"", ""Lock on bedroom door"", ""Single level home"", ""Free parking on premises"", ""Window AC unit"", ""Hangers"", ""Refrigerator"", ""Self check-in"", ""Lockbox""]",10768745,"['Smoke alarm', 'Ethernet connection', 'Wifi', 'Hot water', 'Hair dryer', 'Carbon monoxide alarm', 'Bed linens', 'Shampoo', 'Iron', 'TV with standard cable', 'Dedicated workspace', 'Microwave', 'Heating', 'Patio or balcony', 'Essentials', 'Lock on bedroom door', 'Single level home', 'Free parking on premises', 'Window AC unit', 'Hangers', 'Refrigerator', 'Self check-in', 'Lockbox']",23,0,1,1,1,1,1,1,0,0,0,0,1,Private room
FIFTEENTH WARD,42.67567,-73.82438,255,Entire home/apt,Entire place,10,3.0,2.0,220,1.86,43,4.96,4.88,4.94,362,t,"[""Shower gel"", ""Coffee maker"", ""Hair dryer"", ""GE stainless steel gas stove"", ""Luggage dropoff allowed"", ""65 inch HDTV with Roku, premium cable, Amazon Prime Video, standard cable, Apple TV, Netflix, Hulu"", ""Stainless steel oven"", ""Rice maker"", ""Pets allowed"", ""Exterior security cameras on property"", ""Toaster"", ""Coffee"", ""Window AC unit"", ""Sonos sound system with Bluetooth and aux"", ""Sun loungers"", ""Indoor fireplace: gas"", ""Dishwasher"", ""Clothing storage: walk-in closet and wardrobe"", ""Ethernet connection"", ""Outdoor dining area"", ""Cooking basics"", ""Iron"", ""Room-darkening shades"", ""Wine glasses"", ""Dedicated workspace"", ""Microwave"", ""Heating"", ""Long term stays allowed"", ""Essentials"", ""Books and reading material"", ""Conditioner"", ""Free washer \u2013 In unit"", ""Free parking on premises"", ""Hangers"", ""Refrigerator"", ""Fire extinguisher"", ""Cleaning products"", ""Kitchen"", ""Wifi"", ""Hot water"", ""Private entrance"", ""Private backyard \u2013 Not fully fenced"", ""Bed linens"", ""Bathtub"", ""Ceiling fan"", ""Baking sheet"", ""Safe"", ""BBQ grill"", ""Portable fans"", ""Outdoor furniture"", ""Self check-in"", ""Blender"", ""Babysitter recommendations"", ""Freezer"", ""Free street parking"", ""Free dryer \u2013 In unit"", ""Keypad"", ""High chair"", ""Outlet covers"", ""Smoke alarm"", ""Private patio or balcony"", ""Baby safety gates"", ""Body soap"", ""Fire pit"", ""Carbon monoxide alarm"", ""Shampoo"", ""Hot water kettle"", ""Dining table"", ""Extra pillows and blankets"", ""Drying rack for clothing"", ""Laundromat nearby"", ""Garden view"", ""Pack \u2019n play/Travel crib"", ""First aid kit"", ""Barbecue utensils"", ""Baby bath"", ""Dishes and silverware"", ""Game console"", ""Board games"", ""Cleaning available during stay""]",11253948,"['Shower gel', 'Coffee maker', 'Hair dryer', 'GE stainless steel gas stove', 'Luggage dropoff allowed', '65 inch HDTV with Roku, premium cable, Amazon Prime Video, standard cable, Apple TV, Netflix, Hulu', 'Stainless steel oven', 'Rice maker', 'Pets allowed', 'Exterior security cameras on property', 'Toaster', 'Coffee', 'Window AC unit', 'Sonos sound system with Bluetooth and aux', 'Sun loungers', 'Indoor fireplace: gas', 'Dishwasher', 'Clothing storage: walk-in closet and wardrobe', 'Ethernet connection', 'Outdoor dining area', 'Cooking basics', 'Iron', 'Room-darkening shades', 'Wine glasses', 'Dedicated workspace', 'Microwave', 'Heating', 'Long term stays allowed', 'Essentials', 'Books and reading material', 'Conditioner', 'Free washer – In unit', 'Free parking on premises', 'Hangers', 'Refrigerator', 'Fire extinguisher', 'Cleaning products', 'Kitchen', 'Wifi', 'Hot water', 'Private entrance', 'Private backyard – Not fully fenced', 'Bed linens', 'Bathtub', 'Ceiling fan', 'Baking sheet', 'Safe', 'BBQ grill', 'Portable fans', 'Outdoor furniture', 'Self check-in', 'Blender', 'Babysitter recommendations', 'Freezer', 'Free street parking', 'Free dryer – In unit', 'Keypad', 'High chair', 'Outlet covers', 'Smoke alarm', 'Private patio or balcony', 'Baby safety gates', 'Body soap', 'Fire pit', 'Carbon monoxide alarm', 'Shampoo', 'Hot water kettle', 'Dining table', 'Extra pillows and blankets', 'Drying rack for clothing', 'Laundromat nearby', 'Garden view', 'Pack ’n play/Travel crib', 'First aid kit', 'Barbecue utensils', 'Baby bath', 'Dishes and silverware', 'Game console', 'Board games', 'Cleaning available during stay']",80,1,1,1,1,1,1,1,1,0,1,1,1,Entire place
ELEVENTH WARD,42.67583,-73.78297,0,Private room,Private room in home,1,0.0,1.5,231,1.95,0,4.81,4.87,4.52,364,f,"[""Smoke alarm"", ""Kitchen"", ""Dishwasher"", ""Gas stove"", ""Wifi"", ""Hot water"", ""Hair dryer"", ""Carbon monoxide alarm"", ""Cooking basics"", ""Shampoo"", ""Host greets you"", ""Safe"", ""Free dryer \u2013 In building"", ""Microwave"", ""Heating"", ""Long term stays allowed"", ""Oven"", ""Essentials"", ""Books and reading material"", ""Clothing storage: closet"", ""First aid kit"", ""Conditioner"", ""Dishes and silverware"", ""Hangers"", ""Refrigerator"", ""Free washer \u2013 In building"", ""Free street parking"", ""Breakfast""]",11639446,"['Smoke alarm', 'Kitchen', 'Dishwasher', 'Gas stove', 'Wifi', 'Hot water', 'Hair dryer', 'Carbon monoxide alarm', 'Cooking basics', 'Shampoo', 'Host greets you', 'Safe', 'Free dryer – In building', 'Microwave', 'Heating', 'Long term stays allowed', 'Oven', 'Essentials', 'Books and reading material', 'Clothing storage: closet', 'First aid kit', 'Conditioner', 'Dishes and silverware', 'Hangers', 'Refrigerator', 'Free washer – In building', 'Free street parking', 'Breakfast']",28,1,1,1,0,0,0,0,0,0,0,0,1,Private room
SIXTH WARD,42.65154,-73.76867,10,Private room,Private room in rental unit,1,1.0,1.0,29,0.43,1,4.83,4.76,4.72,320,f,"[""Smoke alarm"", ""Kitchen"", ""Trash compactor"", ""Wifi"", ""Hot water"", ""Hair dryer"", ""Dryer"", ""Carbon monoxide alarm"", ""Bed linens"", ""Luggage dropoff allowed"", ""Bathtub"", ""Cooking basics"", ""Baking sheet"", ""Shampoo"", ""Iron"", ""Hot water kettle"", ""Host greets you"", ""Dedicated workspace"", ""Microwave"", ""Heating"", ""Exercise equipment"", ""Washer"", ""Extra pillows and blankets"", ""Long term stays allowed"", ""Oven"", ""Toaster"", ""Essentials"", ""Lock on bedroom door"", ""Laundromat nearby"", ""Shared patio or balcony"", ""Single level home"", ""Books and reading material"", ""Clothing storage: closet"", ""HDTV with Netflix"", ""Barbecue utensils"", ""Window AC unit"", ""Dishes and silverware"", ""Hangers"", ""Refrigerator"", ""Blender"", ""Freezer"", ""Free street parking"", ""Cleaning products"", ""Bidet"", ""Stove""]",12799126,"['Smoke alarm', 'Kitchen', 'Trash compactor', 'Wifi', 'Hot water', 'Hair dryer', 'Dryer', 'Carbon monoxide alarm', 'Bed linens', 'Luggage dropoff allowed', 'Bathtub', 'Cooking basics', 'Baking sheet', 'Shampoo', 'Iron', 'Hot water kettle', 'Host greets you', 'Dedicated workspace', 'Microwave', 'Heating', 'Exercise equipment', 'Washer', 'Extra pillows and blankets', 'Long term stays allowed', 'Oven', 'Toaster', 'Essentials', 'Lock on bedroom door', 'Laundromat nearby', 'Shared patio or balcony', 'Single level home', 'Books and reading material', 'Clothing storage: closet', 'HDTV with Netflix', 'Barbecue utensils', 'Window AC unit', 'Dishes and silverware', 'Hangers', 'Refrigerator', 'Blender', 'Freezer', 'Free street parking', 'Cleaning products', 'Bidet', 'Stove']",45,1,1,1,0,1,1,1,0,1,0,0,1,Private room
FIFTEENTH WARD,42.66972,-73.82753,54,Entire home/apt,Entire home,6,4.0,2.0,196,1.67,9,4.67,4.77,4.8,338,t,"[""Smoke alarm"", ""Kitchen"", ""Dishwasher"", ""Private patio or balcony"", ""Ethernet connection"", ""Gas stove"", ""Wifi"", ""Hot water"", ""Coffee maker"", ""Private entrance"", ""Hair dryer"", ""Carbon monoxide alarm"", ""Private backyard \u2013 Not fully fenced"", ""Bed linens"", ""Bathtub"", ""Cooking basics"", ""Ceiling fan"", ""Shampoo"", ""Iron"", ""Central air conditioning"", ""Safe"", ""Hot water kettle"", ""Microwave"", ""Dining table"", ""Heating"", ""Extra pillows and blankets"", ""Long term stays allowed"", ""Oven"", ""BBQ grill"", ""Portable fans"", ""Free driveway parking on premises \u2013 2 spaces"", ""Exterior security cameras on property"", ""Toaster"", ""Essentials"", ""Laundromat nearby"", ""Garden view"", ""Books and reading material"", ""Children\u2019s books and toys"", ""Free washer \u2013 In unit"", ""Dishes and silverware"", ""Hangers"", ""Refrigerator"", ""Self check-in"", ""Babysitter recommendations"", ""Freezer"", ""Free street parking"", ""Fire extinguisher"", ""Free dryer \u2013 In unit"", ""Keypad"", ""40 inch HDTV with standard cable"", ""High chair"", ""Clothing storage: walk-in closet, closet, wardrobe, and dresser""]",13083497,"['Smoke alarm', 'Kitchen', 'Dishwasher', 'Private patio or balcony', 'Ethernet connection', 'Gas stove', 'Wifi', 'Hot water', 'Coffee maker', 'Private entrance', 'Hair dryer', 'Carbon monoxide alarm', 'Private backyard – Not fully fenced', 'Bed linens', 'Bathtub', 'Cooking basics', 'Ceiling fan', 'Shampoo', 'Iron', 'Central air conditioning', 'Safe', 'Hot water kettle', 'Microwave', 'Dining table', 'Heating', 'Extra pillows and blankets', 'Long term stays allowed', 'Oven', 'BBQ grill', 'Portable fans', 'Free driveway parking on premises – 2 spaces', 'Exterior security cameras on property', 'Toaster', 'Essentials', 'Laundromat nearby', 'Garden view', 'Books and reading material', 'Children’s books and toys', 'Free washer – In unit', 'Dishes and silverware', 'Hangers', 'Refrigerator', 'Self check-in', 'Babysitter recommendations', 'Freezer', 'Free street parking', 'Fire extinguisher', 'Free dryer – In unit', 'Keypad', '40 inch HDTV with standard cable', 'High chair', 'Clothing storage: walk-in closet, closet, wardrobe, and dresser']",52,1,1,1,1,1,1,1,1,0,1,0,1,Entire place
TENTH WARD,42.65726,-73.78219,72,Private room,Private room in home,1,1.0,1.0,54,0.47,2,4.69,4.77,4.66,321,f,"[""Smoke alarm"", ""Kitchen"", ""Dishwasher"", ""Wifi"", ""Hot water"", ""Hair dryer"", ""TV"", ""Carbon monoxide alarm"", ""Bed linens"", ""Luggage dropoff allowed"", ""Bathtub"", ""Cooking basics"", ""Baking sheet"", ""Iron"", ""Dedicated workspace"", ""Microwave"", ""Dining table"", ""Long term stays allowed"", ""Oven"", ""Toaster"", ""Essentials"", ""Lock on bedroom door"", ""Free driveway parking on premises"", ""Books and reading material"", ""Clothing storage: closet"", ""Central heating"", ""First aid kit"", ""Free washer \u2013 In unit"", ""Window AC unit"", ""Dishes and silverware"", ""Hangers"", ""Refrigerator"", ""Blender"", ""Self check-in"", ""Freezer"", ""Free street parking"", ""Fire extinguisher"", ""Coffee maker: drip coffee maker, Keurig coffee machine"", ""Free dryer \u2013 In unit"", ""Cleaning products"", ""Keypad"", ""Stove"", ""Shared backyard \u2013 Fully fenced""]",14316232,"['Smoke alarm', 'Kitchen', 'Dishwasher', 'Wifi', 'Hot water', 'Hair dryer', 'TV', 'Carbon monoxide alarm', 'Bed linens', 'Luggage dropoff allowed', 'Bathtub', 'Cooking basics', 'Baking sheet', 'Iron', 'Dedicated workspace', 'Microwave', 'Dining table', 'Long term stays allowed', 'Oven', 'Toaster', 'Essentials', 'Lock on bedroom door', 'Free driveway parking on premises', 'Books and reading material', 'Clothing storage: closet', 'Central heating', 'First aid kit', 'Free washer – In unit', 'Window AC unit', 'Dishes and silverware', 'Hangers', 'Refrigerator', 'Blender', 'Self check-in', 'Freezer', 'Free street parking', 'Fire extinguisher', 'Coffee maker: drip coffee maker, Keurig coffee machine', 'Free dryer – In unit', 'Cleaning products', 'Keypad', 'Stove', 'Shared backyard – Fully fenced']",43,1,1,1,1,1,1,1,0,0,0,0,1,Private room
FIFTEENTH WARD,42.673512,-73.819679,150,Entire home/apt,Entire home,7,2.0,2.0,134,1.19,25,4.96,4.69,4.86,352,t,"[""Smoke alarm"", ""Kitchen"", ""Dishwasher"", ""Wifi"", ""Hot water"", ""Coffee maker"", ""Hair dryer"", ""Outdoor dining area"", ""Carbon monoxide alarm"", ""Paid crib"", ""Pack \u2019n play/Travel crib - available upon request"", ""Bathtub"", ""Children\u2019s dinnerware"", ""Cooking basics"", ""Shampoo"", ""Iron"", ""Central air conditioning"", ""Dedicated workspace"", ""Microwave"", ""Heating"", ""Pets allowed"", ""Electric stove"", ""Oven"", ""BBQ grill"", ""Exterior security cameras on property"", ""Essentials"", ""Outdoor furniture"", ""Garden view"", ""First aid kit"", ""Baby bath"", ""Children\u2019s books and toys"", ""Free washer \u2013 In unit"", ""Dishes and silverware"", ""Free parking on premises"", ""Hangers"", ""Refrigerator"", ""Self check-in"", ""Free street parking"", ""Game console"", ""Fire extinguisher"", ""Free dryer \u2013 In unit"", ""Private backyard \u2013 Fully fenced"", ""Keypad"", ""Board games"", ""Lake access"", ""55 inch HDTV with Amazon Prime Video, Apple TV, Hulu, Netflix, premium cable, Roku, standard cable"", ""High chair""]",14989805,"['Smoke alarm', 'Kitchen', 'Dishwasher', 'Wifi', 'Hot water', 'Coffee maker', 'Hair dryer', 'Outdoor dining area', 'Carbon monoxide alarm', 'Paid crib', 'Pack ’n play/Travel crib - available upon request', 'Bathtub', 'Children’s dinnerware', 'Cooking basics', 'Shampoo', 'Iron', 'Central air conditioning', 'Dedicated workspace', 'Microwave', 'Heating', 'Pets allowed', 'Electric stove', 'Oven', 'BBQ grill', 'Exterior security cameras on property', 'Essentials', 'Outdoor furniture', 'Garden view', 'First aid kit', 'Baby bath', 'Children’s books and toys', 'Free washer – In unit', 'Dishes and silverware', 'Free parking on premises', 'Hangers', 'Refrigerator', 'Self check-in', 'Free street parking', 'Game console', 'Fire extinguisher', 'Free dryer – In unit', 'Private backyard – Fully fenced', 'Keypad', 'Board games', 'Lake access', '55 inch HDTV with Amazon Prime Video, Apple TV, Hulu, Netflix, premium cable, Roku, standard cable', 'High chair']",47,1,1,1,1,1,1,1,1,0,1,1,1,Entire place
NINTH WARD,42.65651,-73.77887,48,Private room,Private room in home,2,1.0,1.0,55,0.52,8,4.69,4.75,4.82,106,f,"[""Smoke alarm"", ""Clothing storage: closet and dresser"", ""Wifi"", ""Shower gel"", ""Hot water"", ""Coffee maker"", ""Hair dryer"", ""Body soap"", ""Mini fridge"", ""Carbon monoxide alarm"", ""Bed linens"", ""Bathtub"", ""Shampoo"", ""Iron"", ""Dedicated workspace"", ""Microwave"", ""Dining table"", ""Heating"", ""Extra pillows and blankets"", ""Long term stays allowed"", ""Portable fans"", ""Exterior security cameras on property"", ""Toaster"", ""Essentials"", ""Lock on bedroom door"", ""Laundromat nearby"", ""Books and reading material"", ""Conditioner"", ""Dishes and silverware"", ""Hangers"", ""Self check-in"", ""Free street parking"", ""Fire extinguisher"", ""Cleaning products"", ""Keypad"", ""40 inch HDTV with Fire TV, Netflix, Amazon Prime Video, Disney+, HBO Max, Hulu""]",15580397,"['Smoke alarm', 'Clothing storage: closet and dresser', 'Wifi', 'Shower gel', 'Hot water', 'Coffee maker', 'Hair dryer', 'Body soap', 'Mini fridge', 'Carbon monoxide alarm', 'Bed linens', 'Bathtub', 'Shampoo', 'Iron', 'Dedicated workspace', 'Microwave', 'Dining table', 'Heating', 'Extra pillows and blankets', 'Long term stays allowed', 'Portable fans', 'Exterior security cameras on property', 'Toaster', 'Essentials', 'Lock on bedroom door', 'Laundromat nearby', 'Books and reading material', 'Conditioner', 'Dishes and silverware', 'Hangers', 'Self check-in', 'Free street parking', 'Fire extinguisher', 'Cleaning products', 'Keypad', '40 inch HDTV with Fire TV, Netflix, Amazon Prime Video, Disney+, HBO Max, Hulu']",36,1,1,1,1,1,0,0,0,0,0,0,1,Private room
FOURTEENTH WARD,42.66075,-73.80605,255,Private room,Private room in guest suite,2,1.0,1.0,560,8.04,79,4.78,4.85,4.92,350,t,"[""Smoke alarm"", ""Kitchen"", ""Wifi"", ""Hot water"", ""Coffee maker"", ""Private entrance"", ""Hair dryer"", ""Carbon monoxide alarm"", ""Luggage dropoff allowed"", ""Shampoo"", ""Iron"", ""Dedicated workspace"", ""Heating"", ""Long term stays allowed"", ""HDTV"", ""Patio or balcony"", ""Essentials"", ""Outdoor furniture"", ""Single level home"", ""Free parking on premises"", ""Dishes and silverware"", ""Window AC unit"", ""Hangers"", ""Refrigerator"", ""Sun loungers""]",16531782,"['Smoke alarm', 'Kitchen', 'Wifi', 'Hot water', 'Coffee maker', 'Private entrance', 'Hair dryer', 'Carbon monoxide alarm', 'Luggage dropoff allowed', 'Shampoo', 'Iron', 'Dedicated workspace', 'Heating', 'Long term stays allowed', 'HDTV', 'Patio or balcony', 'Essentials', 'Outdoor furniture', 'Single level home', 'Free parking on premises', 'Dishes and silverware', 'Window AC unit', 'Hangers', 'Refrigerator', 'Sun loungers']",25,1,1,1,0,1,1,1,0,0,0,0,1,Private room
FIFTH WARD,42.67614,-73.78169,0,Private room,Private room in home,1,,,132,1.23,0,4.92,4.94,4.67,364,f,"[""Smoke alarm"", ""Kitchen"", ""Wifi"", ""Hot water"", ""Coffee maker"", ""Hair dryer"", ""Carbon monoxide alarm"", ""Bed linens"", ""Cooking basics"", ""Shampoo"", ""Host greets you"", ""Safe"", ""Free dryer \u2013 In building"", ""Microwave"", ""Heating"", ""Extra pillows and blankets"", ""Long term stays allowed"", ""Oven"", ""Essentials"", ""Laundromat nearby"", ""Books and reading material"", ""Clothing storage: closet"", ""First aid kit"", ""Dishes and silverware"", ""Hangers"", ""Refrigerator"", ""Free washer \u2013 In building"", ""Free street parking"", ""Fire extinguisher"", ""Breakfast"", ""Stove""]",17238066,"['Smoke alarm', 'Kitchen', 'Wifi', 'Hot water', 'Coffee maker', 'Hair dryer', 'Carbon monoxide alarm', 'Bed linens', 'Cooking basics', 'Shampoo', 'Host greets you', 'Safe', 'Free dryer – In building', 'Microwave', 'Heating', 'Extra pillows and blankets', 'Long term stays allowed', 'Oven', 'Essentials', 'Laundromat nearby', 'Books and reading material', 'Clothing storage: closet', 'First aid kit', 'Dishes and silverware', 'Hangers', 'Refrigerator', 'Free washer – In building', 'Free street parking', 'Fire extinguisher', 'Breakfast', 'Stove']",31,1,1,1,0,0,0,0,0,0,0,0,1,Private room
TENTH WARD,42.6584,-73.78309,0,Private room,Private room in home,1,1.0,1.0,56,0.52,0,4.75,4.66,4.7,259,f,"[""Smoke alarm"", ""Kitchen"", ""Dishwasher"", ""Wifi"", ""Hot water"", ""Hair dryer"", ""TV"", ""Carbon monoxide alarm"", ""Bed linens"", ""Luggage dropoff allowed"", ""Bathtub"", ""Cooking basics"", ""Baking sheet"", ""Iron"", ""Dedicated workspace"", ""Microwave"", ""Dining table"", ""Long term stays allowed"", ""Oven"", ""Backyard"", ""Toaster"", ""Essentials"", ""Lock on bedroom door"", ""Shared patio or balcony"", ""Free driveway parking on premises"", ""Books and reading material"", ""Clothing storage: closet"", ""Central heating"", ""First aid kit"", ""Free washer \u2013 In unit"", ""Window AC unit"", ""Dishes and silverware"", ""Hangers"", ""Refrigerator"", ""Blender"", ""Self check-in"", ""Freezer"", ""Coffee maker: drip coffee maker"", ""Free street parking"", ""Fire extinguisher"", ""Free dryer \u2013 In unit"", ""Cleaning products"", ""Keypad"", ""Stove""]",17514620,"['Smoke alarm', 'Kitchen', 'Dishwasher', 'Wifi', 'Hot water', 'Hair dryer', 'TV', 'Carbon monoxide alarm', 'Bed linens', 'Luggage dropoff allowed', 'Bathtub', 'Cooking basics', 'Baking sheet', 'Iron', 'Dedicated workspace', 'Microwave', 'Dining table', 'Long term stays allowed', 'Oven', 'Backyard', 'Toaster', 'Essentials', 'Lock on bedroom door', 'Shared patio or balcony', 'Free driveway parking on premises', 'Books and reading material', 'Clothing storage: closet', 'Central heating', 'First aid kit', 'Free washer – In unit', 'Window AC unit', 'Dishes and silverware', 'Hangers', 'Refrigerator', 'Blender', 'Self check-in', 'Freezer', 'Coffee maker: drip coffee maker', 'Free street parking', 'Fire extinguisher', 'Free dryer – In unit', 'Cleaning products', 'Keypad', 'Stove']",44,1,1,1,1,1,1,1,0,0,0,0,1,Private room
FIFTEENTH WARD,42.67637,-73.82395,0,Entire home/apt,Entire home,6,2.0,1.0,58,0.6,0,4.97,4.79,4.97,365,t,"[""Shower gel"", ""Coffee maker"", ""Hair dryer"", ""Mini fridge"", ""Luggage dropoff allowed"", ""Central air conditioning"", ""Rice maker"", ""Pets allowed"", ""Exterior security cameras on property"", ""Toaster"", ""Coffee"", ""Organic body soap"", ""Crib"", ""Dishwasher"", ""Ethernet connection"", ""Outdoor dining area"", ""Cooking basics"", ""Iron"", ""Room-darkening shades"", ""Wine glasses"", ""Dedicated workspace"", ""Organic conditioner"", ""Microwave"", ""Heating"", ""Long term stays allowed"", ""Oven"", ""Essentials"", ""Single level home"", ""Books and reading material"", ""Free washer \u2013 In unit"", ""Children\u2019s books and toys"", ""Hangers"", ""Refrigerator"", ""Fire extinguisher"", ""Cleaning products"", ""Stove"", ""Kitchen"", ""Clothing storage: closet and dresser"", ""Wifi"", ""Hot water"", ""Private entrance"", ""Table corner guards"", ""Private backyard \u2013 Not fully fenced"", ""Bed linens"", ""Bathtub"", ""Ceiling fan"", ""Baking sheet"", ""Safe"", ""Portable fans"", ""Outdoor furniture"", ""Self check-in"", ""Blender"", ""Babysitter recommendations"", ""Freezer"", ""Free street parking"", ""Free dryer \u2013 In unit"", ""Keypad"", ""High chair"", ""Outlet covers"", ""Exercise equipment: free weights, yoga mat"", ""Smoke alarm"", ""Private patio or balcony"", ""Baby safety gates"", ""Carbon monoxide alarm"", ""Shampoo"", ""Hot water kettle"", ""Dining table"", ""Free carport on premises \u2013 3 spaces"", ""Extra pillows and blankets"", ""Bose sound system"", ""65 inch HDTV with Netflix, premium cable, Hulu, Roku, Amazon Prime Video"", ""Private sauna"", ""BBQ grill: gas"", ""Drying rack for clothing"", ""Laundromat nearby"", ""Garden view"", ""Pack \u2019n play/Travel crib"", ""First aid kit"", ""Barbecue utensils"", ""Baby bath"", ""Dishes and silverware"", ""Game console"", ""Board games"", ""Private gym in building""]",18341426,"['Shower gel', 'Coffee maker', 'Hair dryer', 'Mini fridge', 'Luggage dropoff allowed', 'Central air conditioning', 'Rice maker', 'Pets allowed', 'Exterior security cameras on property', 'Toaster', 'Coffee', 'Organic body soap', 'Crib', 'Dishwasher', 'Ethernet connection', 'Outdoor dining area', 'Cooking basics', 'Iron', 'Room-darkening shades', 'Wine glasses', 'Dedicated workspace', 'Organic conditioner', 'Microwave', 'Heating', 'Long term stays allowed', 'Oven', 'Essentials', 'Single level home', 'Books and reading material', 'Free washer – In unit', 'Children’s books and toys', 'Hangers', 'Refrigerator', 'Fire extinguisher', 'Cleaning products', 'Stove', 'Kitchen', 'Clothing storage: closet and dresser', 'Wifi', 'Hot water', 'Private entrance', 'Table corner guards', 'Private backyard – Not fully fenced', 'Bed linens', 'Bathtub', 'Ceiling fan', 'Baking sheet', 'Safe', 'Portable fans', 'Outdoor furniture', 'Self check-in', 'Blender', 'Babysitter recommendations', 'Freezer', 'Free street parking', 'Free dryer – In unit', 'Keypad', 'High chair', 'Outlet covers', 'Exercise equipment: free weights, yoga mat', 'Smoke alarm', 'Private patio or balcony', 'Baby safety gates', 'Carbon monoxide alarm', 'Shampoo', 'Hot water kettle', 'Dining table', 'Free carport on premises – 3 spaces', 'Extra pillows and blankets', 'Bose sound system', '65 inch HDTV with Netflix, premium cable, Hulu, Roku, Amazon Prime Video', 'Private sauna', 'BBQ grill: gas', 'Drying rack for clothing', 'Laundromat nearby', 'Garden view', 'Pack ’n play/Travel crib', 'First aid kit', 'Barbecue utensils', 'Baby bath', 'Dishes and silverware', 'Game console', 'Board games', 'Private gym in building']",84,1,1,1,1,1,1,1,1,1,1,1,1,Entire place
NINTH WARD,42.65312,-73.78161,48,Private room,Private room in home,2,1.0,1.0,90,1.01,8,4.96,4.93,4.94,195,t,"[""Smoke alarm"", ""Kitchen"", ""Dishwasher"", ""Wifi"", ""Hot water"", ""Coffee maker"", ""Hair dryer"", ""Dryer"", ""TV"", ""Carbon monoxide alarm"", ""Cooking basics"", ""Iron"", ""Microwave"", ""Heating"", ""Washer"", ""Oven"", ""Air conditioning"", ""Essentials"", ""Lock on bedroom door"", ""Shared patio or balcony"", ""Free parking on premises"", ""Dishes and silverware"", ""Hangers"", ""Refrigerator"", ""Self check-in"", ""Free street parking"", ""Fire extinguisher"", ""Keypad"", ""Stove""]",19527043,"['Smoke alarm', 'Kitchen', 'Dishwasher', 'Wifi', 'Hot water', 'Coffee maker', 'Hair dryer', 'Dryer', 'TV', 'Carbon monoxide alarm', 'Cooking basics', 'Iron', 'Microwave', 'Heating', 'Washer', 'Oven', 'Air conditioning', 'Essentials', 'Lock on bedroom door', 'Shared patio or balcony', 'Free parking on premises', 'Dishes and silverware', 'Hangers', 'Refrigerator', 'Self check-in', 'Free street parking', 'Fire extinguisher', 'Keypad', 'Stove']",29,1,1,1,1,0,1,1,0,0,0,0,1,Private room
FOURTEENTH WARD,42.65846,-73.80201,160,Entire home/apt,Entire home,9,5.0,2.0,127,1.26,20,4.94,4.87,4.87,353,t,"[""Smoke alarm"", ""Kitchen"", ""Dishwasher"", ""Wifi"", ""Hot water"", ""Coffee maker"", ""Hair dryer"", ""Body soap"", ""Dryer"", ""TV"", ""Carbon monoxide alarm"", ""Bed linens"", ""Bathtub"", ""Cooking basics"", ""Ceiling fan"", ""Shampoo"", ""Iron"", ""Dedicated workspace"", ""Microwave"", ""Heating"", ""Washer"", ""Extra pillows and blankets"", ""Long term stays allowed"", ""Oven"", ""Air conditioning"", ""Essentials"", ""First aid kit"", ""Free parking on premises"", ""Dishes and silverware"", ""Crib"", ""Hangers"", ""Refrigerator"", ""Self check-in"", ""Lockbox"", ""Fire extinguisher"", ""Stove"", ""High chair""]",20519885,"['Smoke alarm', 'Kitchen', 'Dishwasher', 'Wifi', 'Hot water', 'Coffee maker', 'Hair dryer', 'Body soap', 'Dryer', 'TV', 'Carbon monoxide alarm', 'Bed linens', 'Bathtub', 'Cooking basics', 'Ceiling fan', 'Shampoo', 'Iron', 'Dedicated workspace', 'Microwave', 'Heating', 'Washer', 'Extra pillows and blankets', 'Long term stays allowed', 'Oven', 'Air conditioning', 'Essentials', 'First aid kit', 'Free parking on premises', 'Dishes and silverware', 'Crib', 'Hangers', 'Refrigerator', 'Self check-in', 'Lockbox', 'Fire extinguisher', 'Stove', 'High chair']",37,1,1,1,1,1,1,0,1,0,0,0,1,Entire place
FIFTEENTH WARD,42.675,-73.82382,168,Entire home/apt,Entire home,6,2.0,1.0,99,0.98,28,4.91,4.77,4.86,365,t,"[""Smoke alarm"", ""Kitchen"", ""Dishwasher"", ""Ethernet connection"", ""Wifi"", ""Hot water"", ""Coffee maker"", ""Private entrance"", ""Hair dryer"", ""Outdoor dining area"", ""Carbon monoxide alarm"", ""Bed linens"", ""Luggage dropoff allowed"", ""Cooking basics"", ""Shampoo"", ""Iron"", ""Room-darkening shades"", ""Central air conditioning"", ""TV with standard cable"", ""Dedicated workspace"", ""Microwave"", ""Dryer \u2013\u00a0In unit"", ""Heating"", ""Washer"", ""Extra pillows and blankets"", ""Pets allowed"", ""Long term stays allowed"", ""Oven"", ""BBQ grill"", ""Exterior security cameras on property"", ""Essentials"", ""Outdoor furniture"", ""Single level home"", ""Pack \u2019n play/Travel crib"", ""First aid kit"", ""Free parking on premises"", ""Dishes and silverware"", ""Hangers"", ""Refrigerator"", ""Self check-in"", ""Free street parking"", ""Game console"", ""Fire extinguisher"", ""Private backyard \u2013 Fully fenced"", ""Keypad"", ""Stove""]",20620135,"['Smoke alarm', 'Kitchen', 'Dishwasher', 'Ethernet connection', 'Wifi', 'Hot water', 'Coffee maker', 'Private entrance', 'Hair dryer', 'Outdoor dining area', 'Carbon monoxide alarm', 'Bed linens', 'Luggage dropoff allowed', 'Cooking basics', 'Shampoo', 'Iron', 'Room-darkening shades', 'Central air conditioning', 'TV with standard cable', 'Dedicated workspace', 'Microwave', 'Dryer –\xa0In unit', 'Heating', 'Washer', 'Extra pillows and blankets', 'Pets allowed', 'Long term stays allowed', 'Oven', 'BBQ grill', 'Exterior security cameras on property', 'Essentials', 'Outdoor furniture', 'Single level home', 'Pack ’n play/Travel crib', 'First aid kit', 'Free parking on premises', 'Dishes and silverware', 'Hangers', 'Refrigerator', 'Self check-in', 'Free street parking', 'Game console', 'Fire extinguisher', 'Private backyard – Fully fenced', 'Keypad', 'Stove']",46,1,1,1,1,1,1,1,1,0,0,1,1,Entire place
SEVENTH WARD,42.64939,-73.76865,6,Entire home/apt,Entire rental unit,4,1.0,1.0,132,1.37,1,4.91,4.87,4.88,345,t,"[""Smoke alarm"", ""Kitchen"", ""Clothing storage: closet and dresser"", ""Gas stove"", ""Hot water"", ""Private entrance"", ""Hair dryer"", ""Body soap"", ""Carbon monoxide alarm"", ""Bed linens"", ""Luggage dropoff allowed"", ""Park view"", ""Bathtub"", ""Wifi \u2013 49 Mbps"", ""Cooking basics"", ""Shampoo"", ""Iron"", ""Hot water kettle"", ""Wine glasses"", ""Dedicated workspace"", ""Microwave"", ""Coffee maker: Keurig coffee machine"", ""Dining table"", ""Extra pillows and blankets"", ""Long term stays allowed"", ""Oven"", ""Drying rack for clothing"", ""Toaster"", ""Essentials"", ""Coffee"", ""Laundromat nearby"", ""Books and reading material"", ""Central heating"", ""First aid kit"", ""Conditioner"", ""Window AC unit"", ""Dishes and silverware"", ""Hangers"", ""Refrigerator"", ""Self check-in"", ""Freezer"", ""Free street parking"", ""Lockbox"", ""Fire extinguisher"", ""Cleaning products"", ""Shared backyard \u2013 Fully fenced"", ""HDTV with Amazon Prime Video, Netflix, DVD player""]",20633175,"['Smoke alarm', 'Kitchen', 'Clothing storage: closet and dresser', 'Gas stove', 'Hot water', 'Private entrance', 'Hair dryer', 'Body soap', 'Carbon monoxide alarm', 'Bed linens', 'Luggage dropoff allowed', 'Park view', 'Bathtub', 'Wifi – 49 Mbps', 'Cooking basics', 'Shampoo', 'Iron', 'Hot water kettle', 'Wine glasses', 'Dedicated workspace', 'Microwave', 'Coffee maker: Keurig coffee machine', 'Dining table', 'Extra pillows and blankets', 'Long term stays allowed', 'Oven', 'Drying rack for clothing', 'Toaster', 'Essentials', 'Coffee', 'Laundromat nearby', 'Books and reading material', 'Central heating', 'First aid kit', 'Conditioner', 'Window AC unit', 'Dishes and silverware', 'Hangers', 'Refrigerator', 'Self check-in', 'Freezer', 'Free street parking', 'Lockbox', 'Fire extinguisher', 'Cleaning products', 'Shared backyard – Fully fenced', 'HDTV with Amazon Prime Video, Netflix, DVD player']",47,1,1,1,1,1,1,1,0,0,1,0,1,Entire place
NINTH WARD,42.65532,-73.78244,18,Entire home/apt,Entire home,2,1.0,1.0,49,0.48,3,4.92,4.88,4.92,200,t,"[""Smoke alarm"", ""Kitchen"", ""Ethernet connection"", ""Wifi"", ""Hot water"", ""Hair dryer"", ""Dryer"", ""Carbon monoxide alarm"", ""Bed linens"", ""Cooking basics"", ""Shampoo"", ""Iron"", ""TV with standard cable"", ""Dedicated workspace"", ""Microwave"", ""Coffee maker: Keurig coffee machine"", ""Heating"", ""Washer"", ""Extra pillows and blankets"", ""Long term stays allowed"", ""Oven"", ""Backyard"", ""Air conditioning"", ""Essentials"", ""First aid kit"", ""Free parking on premises"", ""Dishes and silverware"", ""Hangers"", ""Refrigerator"", ""Self check-in"", ""Free street parking"", ""Fire extinguisher"", ""Keypad"", ""Stove""]",20671966,"['Smoke alarm', 'Kitchen', 'Ethernet connection', 'Wifi', 'Hot water', 'Hair dryer', 'Dryer', 'Carbon monoxide alarm', 'Bed linens', 'Cooking basics', 'Shampoo', 'Iron', 'TV with standard cable', 'Dedicated workspace', 'Microwave', 'Coffee maker: Keurig coffee machine', 'Heating', 'Washer', 'Extra pillows and blankets', 'Long term stays allowed', 'Oven', 'Backyard', 'Air conditioning', 'Essentials', 'First aid kit', 'Free parking on premises', 'Dishes and silverware', 'Hangers', 'Refrigerator', 'Self check-in', 'Free street parking', 'Fire extinguisher', 'Keypad', 'Stove']",34,1,1,1,1,1,1,1,0,0,0,0,1,Entire place
THIRTEENTH WARD,42.66565,-73.77975,180,Private room,Private room in home,2,1.0,1.0,49,0.53,5,4.8,4.69,4.67,321,t,"[""Smoke alarm"", ""Kitchen"", ""Dishwasher"", ""Wifi"", ""Hot water"", ""Hair dryer"", ""Carbon monoxide alarm"", ""Bed linens"", ""Luggage dropoff allowed"", ""Bathtub"", ""Cooking basics"", ""Baking sheet"", ""Iron"", ""Dedicated workspace"", ""Microwave"", ""Dining table"", ""Long term stays allowed"", ""Oven"", ""Radiant heating"", ""Backyard"", ""Toaster"", ""Essentials"", ""Lock on bedroom door"", ""Laundromat nearby"", ""Shared patio or balcony"", ""Outdoor furniture"", ""Books and reading material"", ""Central heating"", ""First aid kit"", ""TV with Roku"", ""Free washer \u2013 In unit"", ""Window AC unit"", ""Dishes and silverware"", ""Free parking on premises"", ""Hangers"", ""Refrigerator"", ""Blender"", ""Self check-in"", ""Freezer"", ""Coffee maker: drip coffee maker"", ""Free street parking"", ""Fire extinguisher"", ""Free dryer \u2013 In unit"", ""Cleaning products"", ""Keypad"", ""Clothing storage: walk-in closet"", ""Stove""]",21052414,"['Smoke alarm', 'Kitchen', 'Dishwasher', 'Wifi', 'Hot water', 'Hair dryer', 'Carbon monoxide alarm', 'Bed linens', 'Luggage dropoff allowed', 'Bathtub', 'Cooking basics', 'Baking sheet', 'Iron', 'Dedicated workspace', 'Microwave', 'Dining table', 'Long term stays allowed', 'Oven', 'Radiant heating', 'Backyard', 'Toaster', 'Essentials', 'Lock on bedroom door', 'Laundromat nearby', 'Shared patio or balcony', 'Outdoor furniture', 'Books and reading material', 'Central heating', 'First aid kit', 'TV with Roku', 'Free washer – In unit', 'Window AC unit', 'Dishes and silverware', 'Free parking on premises', 'Hangers', 'Refrigerator', 'Blender', 'Self check-in', 'Freezer', 'Coffee maker: drip coffee maker', 'Free street parking', 'Fire extinguisher', 'Free dryer – In unit', 'Cleaning products', 'Keypad', 'Clothing storage: walk-in closet', 'Stove']",47,1,1,1,1,1,1,1,0,0,0,0,1,Private room
NINTH WARD,42.65372,-73.78244,78,Entire home/apt,Entire rental unit,2,1.0,1.0,139,1.39,13,4.86,4.83,4.88,266,t,"[""Smoke alarm"", ""Kitchen"", ""Ethernet connection"", ""Clothing storage: closet and dresser"", ""Portable air conditioning"", ""Wifi"", ""Hot water"", ""Private entrance"", ""Hair dryer"", ""Body soap"", ""Outdoor dining area"", ""Carbon monoxide alarm"", ""Bed linens"", ""Luggage dropoff allowed"", ""Cooking basics"", ""Baking sheet"", ""Shampoo"", ""Iron"", ""TV with standard cable"", ""Dedicated workspace"", ""Microwave"", ""Coffee maker: Keurig coffee machine"", ""Heating"", ""Extra pillows and blankets"", ""Long term stays allowed"", ""Portable fans"", ""Paid washer \u2013 In building"", ""Toaster"", ""Essentials"", ""First aid kit"", ""Conditioner"", ""Free parking on premises"", ""Dishes and silverware"", ""Hangers"", ""Refrigerator"", ""Self check-in"", ""Freezer"", ""Free street parking"", ""Fire extinguisher"", ""Private backyard \u2013 Fully fenced"", ""Cleaning products"", ""Keypad"", ""Paid dryer \u2013 In building"", ""Stove""]",21392315,"['Smoke alarm', 'Kitchen', 'Ethernet connection', 'Clothing storage: closet and dresser', 'Portable air conditioning', 'Wifi', 'Hot water', 'Private entrance', 'Hair dryer', 'Body soap', 'Outdoor dining area', 'Carbon monoxide alarm', 'Bed linens', 'Luggage dropoff allowed', 'Cooking basics', 'Baking sheet', 'Shampoo', 'Iron', 'TV with standard cable', 'Dedicated workspace', 'Microwave', 'Coffee maker: Keurig coffee machine', 'Heating', 'Extra pillows and blankets', 'Long term stays allowed', 'Portable fans', 'Paid washer – In building', 'Toaster', 'Essentials', 'First aid kit', 'Conditioner', 'Free parking on premises', 'Dishes and silverware', 'Hangers', 'Refrigerator', 'Self check-in', 'Freezer', 'Free street parking', 'Fire extinguisher', 'Private backyard – Fully fenced', 'Cleaning products', 'Keypad', 'Paid dryer – In building', 'Stove']",44,1,1,1,1,1,1,1,0,0,0,0,1,Entire place
FIFTEENTH WARD,42.67547,-73.82402,8,Entire home/apt,Entire home,10,4.0,1.0,9,0.09,1,5.0,4.78,5.0,364,t,"[""Smoke alarm"", ""Kitchen"", ""Dishwasher"", ""Private patio or balcony"", ""Wifi"", ""Hot water"", ""Coffee maker"", ""Private entrance"", ""Hair dryer"", ""Body soap"", ""Outdoor dining area"", ""Dryer"", ""Mini fridge"", ""Carbon monoxide alarm"", ""Bed linens"", ""Luggage dropoff allowed"", ""Cooking basics"", ""Ceiling fan"", ""Shampoo"", ""Iron"", ""Room-darkening shades"", ""Central air conditioning"", ""Hot water kettle"", ""Dedicated workspace"", ""Wine glasses"", ""Baking sheet"", ""Clothing storage"", ""Heating"", ""Washer \u2013\u00a0In unit"", ""Hammock"", ""Smart lock"", ""Extra pillows and blankets"", ""Pets allowed"", ""Long term stays allowed"", ""Oven"", ""BBQ grill"", ""Exterior security cameras on property"", ""Toaster"", ""Outdoor furniture"", ""Sound system"", ""Books and reading material"", ""Pack \u2019n play/Travel crib"", ""First aid kit"", ""Barbecue utensils"", ""Free parking on premises"", ""Dishes and silverware"", ""Crib"", ""Hangers"", ""Refrigerator"", ""Blender"", ""Self check-in"", ""Freezer"", ""HDTV with Amazon Prime Video, Apple TV, Hulu, Netflix, premium cable, Roku"", ""Fire extinguisher"", ""Children\u2019s bikes"", ""Bidet"", ""Board games"", ""Stove"", ""Changing table - available upon request"", ""Baby bath - available upon request"", ""Private backyard""]",21449583,"['Smoke alarm', 'Kitchen', 'Dishwasher', 'Private patio or balcony', 'Wifi', 'Hot water', 'Coffee maker', 'Private entrance', 'Hair dryer', 'Body soap', 'Outdoor dining area', 'Dryer', 'Mini fridge', 'Carbon monoxide alarm', 'Bed linens', 'Luggage dropoff allowed', 'Cooking basics', 'Ceiling fan', 'Shampoo', 'Iron', 'Room-darkening shades', 'Central air conditioning', 'Hot water kettle', 'Dedicated workspace', 'Wine glasses', 'Baking sheet', 'Clothing storage', 'Heating', 'Washer –\xa0In unit', 'Hammock', 'Smart lock', 'Extra pillows and blankets', 'Pets allowed', 'Long term stays allowed', 'Oven', 'BBQ grill', 'Exterior security cameras on property', 'Toaster', 'Outdoor furniture', 'Sound system', 'Books and reading material', 'Pack ’n play/Travel crib', 'First aid kit', 'Barbecue utensils', 'Free parking on premises', 'Dishes and silverware', 'Crib', 'Hangers', 'Refrigerator', 'Blender', 'Self check-in', 'Freezer', 'HDTV with Amazon Prime Video, Apple TV, Hulu, Netflix, premium cable, Roku', 'Fire extinguisher', 'Children’s bikes', 'Bidet', 'Board games', 'Stove', 'Changing table - available upon request', 'Baby bath - available upon request', 'Private backyard']",61,1,1,1,1,1,1,1,1,0,0,1,1,Entire place
TENTH WARD,42.66045,-73.77833,66,Entire home/apt,Entire rental unit,4,1.0,1.0,186,1.86,11,4.75,4.75,4.55,355,t,"[""Smoke alarm"", ""Kitchen"", ""Ethernet connection"", ""Wifi"", ""Hot water"", ""Coffee maker"", ""Hair dryer"", ""TV"", ""Carbon monoxide alarm"", ""Bed linens"", ""Luggage dropoff allowed"", ""Cooking basics"", ""Ceiling fan"", ""Shampoo"", ""Iron"", ""Hot water kettle"", ""Building staff"", ""Dedicated workspace"", ""Microwave"", ""Heating"", ""Extra pillows and blankets"", ""Long term stays allowed"", ""Oven"", ""Toaster"", ""Essentials"", ""Coffee"", ""Books and reading material"", ""Window AC unit"", ""Dishes and silverware"", ""Hangers"", ""Refrigerator"", ""Self check-in"", ""Freezer"", ""Free street parking"", ""Cleaning available during stay"", ""Stove""]",21752534,"['Smoke alarm', 'Kitchen', 'Ethernet connection', 'Wifi', 'Hot water', 'Coffee maker', 'Hair dryer', 'TV', 'Carbon monoxide alarm', 'Bed linens', 'Luggage dropoff allowed', 'Cooking basics', 'Ceiling fan', 'Shampoo', 'Iron', 'Hot water kettle', 'Building staff', 'Dedicated workspace', 'Microwave', 'Heating', 'Extra pillows and blankets', 'Long term stays allowed', 'Oven', 'Toaster', 'Essentials', 'Coffee', 'Books and reading material', 'Window AC unit', 'Dishes and silverware', 'Hangers', 'Refrigerator', 'Self check-in', 'Freezer', 'Free street parking', 'Cleaning available during stay', 'Stove']",36,1,1,1,1,1,1,0,0,0,0,0,1,Entire place
ELEVENTH WARD,42.66572,-73.77834,180,Private room,Private room in home,2,1.0,1.0,36,0.36,5,4.78,4.61,4.58,238,t,"[""Smoke alarm"", ""Kitchen"", ""Dishwasher"", ""Wifi"", ""Hot water"", ""Hair dryer"", ""TV"", ""Carbon monoxide alarm"", ""Bed linens"", ""Luggage dropoff allowed"", ""Bathtub"", ""Cooking basics"", ""Baking sheet"", ""Iron"", ""Dedicated workspace"", ""Microwave"", ""Dining table"", ""Long term stays allowed"", ""Oven"", ""Radiant heating"", ""Toaster"", ""Essentials"", ""Lock on bedroom door"", ""Outdoor furniture"", ""Shared patio or balcony"", ""Books and reading material"", ""Clothing storage: closet"", ""First aid kit"", ""Free washer \u2013 In unit"", ""Window AC unit"", ""Dishes and silverware"", ""Free parking on premises"", ""Hangers"", ""Refrigerator"", ""Blender"", ""Self check-in"", ""Freezer"", ""Coffee maker: drip coffee maker"", ""Free street parking"", ""Fire extinguisher"", ""Free dryer \u2013 In unit"", ""Cleaning products"", ""Keypad"", ""Stove"", ""Shared backyard \u2013 Fully fenced""]",21769213,"['Smoke alarm', 'Kitchen', 'Dishwasher', 'Wifi', 'Hot water', 'Hair dryer', 'TV', 'Carbon monoxide alarm', 'Bed linens', 'Luggage dropoff allowed', 'Bathtub', 'Cooking basics', 'Baking sheet', 'Iron', 'Dedicated workspace', 'Microwave', 'Dining table', 'Long term stays allowed', 'Oven', 'Radiant heating', 'Toaster', 'Essentials', 'Lock on bedroom door', 'Outdoor furniture', 'Shared patio or balcony', 'Books and reading material', 'Clothing storage: closet', 'First aid kit', 'Free washer – In unit', 'Window AC unit', 'Dishes and silverware', 'Free parking on premises', 'Hangers', 'Refrigerator', 'Blender', 'Self check-in', 'Freezer', 'Coffee maker: drip coffee maker', 'Free street parking', 'Fire extinguisher', 'Free dryer – In unit', 'Cleaning products', 'Keypad', 'Stove', 'Shared backyard – Fully fenced']",45,1,1,1,1,1,1,1,0,0,0,0,1,Private room
ELEVENTH WARD,42.66703,-73.77842,80,Private room,Private room in home,1,1.0,1.0,28,0.28,2,4.79,4.71,4.68,274,t,"[""Smoke alarm"", ""Dishwasher"", ""Wifi"", ""Hot water"", ""Hair dryer"", ""TV"", ""Carbon monoxide alarm"", ""Bed linens"", ""Luggage dropoff allowed"", ""Bathtub"", ""Cooking basics"", ""Baking sheet"", ""Iron"", ""Dedicated workspace"", ""Microwave"", ""Dining table"", ""Hammock"", ""Long term stays allowed"", ""Oven"", ""Radiant heating"", ""Toaster"", ""Essentials"", ""Lock on bedroom door"", ""Outdoor furniture"", ""Shared patio or balcony"", ""Books and reading material"", ""First aid kit"", ""Free washer \u2013 In unit"", ""Window AC unit"", ""Dishes and silverware"", ""Free parking on premises"", ""Hangers"", ""Refrigerator"", ""Blender"", ""Self check-in"", ""Freezer"", ""Coffee maker: drip coffee maker"", ""Free street parking"", ""Fire extinguisher"", ""Free dryer \u2013 In unit"", ""Cleaning products"", ""Keypad"", ""Clothing storage: walk-in closet"", ""Stove"", ""Shared backyard \u2013 Fully fenced""]",21769439,"['Smoke alarm', 'Dishwasher', 'Wifi', 'Hot water', 'Hair dryer', 'TV', 'Carbon monoxide alarm', 'Bed linens', 'Luggage dropoff allowed', 'Bathtub', 'Cooking basics', 'Baking sheet', 'Iron', 'Dedicated workspace', 'Microwave', 'Dining table', 'Hammock', 'Long term stays allowed', 'Oven', 'Radiant heating', 'Toaster', 'Essentials', 'Lock on bedroom door', 'Outdoor furniture', 'Shared patio or balcony', 'Books and reading material', 'First aid kit', 'Free washer – In unit', 'Window AC unit', 'Dishes and silverware', 'Free parking on premises', 'Hangers', 'Refrigerator', 'Blender', 'Self check-in', 'Freezer', 'Coffee maker: drip coffee maker', 'Free street parking', 'Fire extinguisher', 'Free dryer – In unit', 'Cleaning products', 'Keypad', 'Clothing storage: walk-in closet', 'Stove', 'Shared backyard – Fully fenced']",45,1,1,1,1,1,1,1,0,0,0,0,1,Private room
NINTH WARD,42.65501,-73.78122,96,Private room,Private room in home,2,1.0,1.0,134,1.36,16,4.91,4.83,4.93,290,t,"[""Smoke alarm"", ""Kitchen"", ""Wifi"", ""Hot water"", ""Coffee maker"", ""Hair dryer"", ""Dryer"", ""Carbon monoxide alarm"", ""Bed linens"", ""Cooking basics"", ""Shampoo"", ""Iron"", ""TV with standard cable"", ""Dedicated workspace"", ""Heating"", ""Washer"", ""Extra pillows and blankets"", ""Long term stays allowed"", ""Backyard"", ""Patio or balcony"", ""Essentials"", ""Lock on bedroom door"", ""First aid kit"", ""Conditioner"", ""Free parking on premises"", ""Window AC unit"", ""Dishes and silverware"", ""Hangers"", ""Refrigerator"", ""Self check-in"", ""Free street parking"", ""Fire extinguisher"", ""Cleaning products"", ""Keypad""]",22398196,"['Smoke alarm', 'Kitchen', 'Wifi', 'Hot water', 'Coffee maker', 'Hair dryer', 'Dryer', 'Carbon monoxide alarm', 'Bed linens', 'Cooking basics', 'Shampoo', 'Iron', 'TV with standard cable', 'Dedicated workspace', 'Heating', 'Washer', 'Extra pillows and blankets', 'Long term stays allowed', 'Backyard', 'Patio or balcony', 'Essentials', 'Lock on bedroom door', 'First aid kit', 'Conditioner', 'Free parking on premises', 'Window AC unit', 'Dishes and silverware', 'Hangers', 'Refrigerator', 'Self check-in', 'Free street parking', 'Fire extinguisher', 'Cleaning products', 'Keypad']",34,1,1,1,1,1,1,1,0,0,0,0,1,Private room
NINTH WARD,42.65431,-73.78178,60,Private room,Private room in guest suite,2,1.0,1.0,56,0.63,10,4.93,4.82,4.91,264,t,"[""Smoke alarm"", ""Kitchen"", ""Wifi"", ""Hot water"", ""Coffee maker"", ""Hair dryer"", ""Dryer"", ""Carbon monoxide alarm"", ""Bed linens"", ""Cooking basics"", ""Shampoo"", ""Iron"", ""TV with standard cable"", ""Dedicated workspace"", ""Microwave"", ""Heating"", ""Washer"", ""Extra pillows and blankets"", ""Long term stays allowed"", ""Pocket wifi"", ""Oven"", ""Backyard"", ""Essentials"", ""Lock on bedroom door"", ""Free parking on premises"", ""Window AC unit"", ""Dishes and silverware"", ""Hangers"", ""Refrigerator"", ""Self check-in"", ""Free street parking"", ""Fire extinguisher"", ""Keypad"", ""Stove""]",24606880,"['Smoke alarm', 'Kitchen', 'Wifi', 'Hot water', 'Coffee maker', 'Hair dryer', 'Dryer', 'Carbon monoxide alarm', 'Bed linens', 'Cooking basics', 'Shampoo', 'Iron', 'TV with standard cable', 'Dedicated workspace', 'Microwave', 'Heating', 'Washer', 'Extra pillows and blankets', 'Long term stays allowed', 'Pocket wifi', 'Oven', 'Backyard', 'Essentials', 'Lock on bedroom door', 'Free parking on premises', 'Window AC unit', 'Dishes and silverware', 'Hangers', 'Refrigerator', 'Self check-in', 'Free street parking', 'Fire extinguisher', 'Keypad', 'Stove']",34,1,1,1,1,1,1,1,0,0,0,0,1,Private room
SIXTH WARD,42.65345,-73.7645,255,Entire home/apt,Entire guest suite,2,1.0,1.0,972,10.38,74,4.9,4.92,4.92,156,f,"[""Smoke alarm"", ""Private patio or balcony"", ""Wifi"", ""Shower gel"", ""Hot water"", ""Coffee maker"", ""Private entrance"", ""Outdoor dining area"", ""Mini fridge"", ""Carbon monoxide alarm"", ""Private backyard \u2013 Not fully fenced"", ""Bed linens"", ""Luggage dropoff allowed"", ""Kitchenette"", ""Shampoo"", ""Iron"", ""Room-darkening shades"", ""Wine glasses"", ""Dedicated workspace"", ""Microwave"", ""Extra pillows and blankets"", ""Long term stays allowed"", ""AC - split type ductless system"", ""Dr. Bronner body soap"", ""Portable fans"", ""Essentials"", ""Coffee"", ""Laundromat nearby"", ""Outdoor furniture"", ""Books and reading material"", ""Clothing storage: closet"", ""Central heating"", ""Conditioner"", ""Window AC unit"", ""32 inch HDTV with HBO Max, Roku, standard cable, Hulu, Amazon Prime Video, Netflix"", ""Dishes and silverware"", ""Hangers"", ""Self check-in"", ""Free street parking"", ""Lockbox"", ""Fire extinguisher"", ""Paid parking lot off premises""]",25549565,"['Smoke alarm', 'Private patio or balcony', 'Wifi', 'Shower gel', 'Hot water', 'Coffee maker', 'Private entrance', 'Outdoor dining area', 'Mini fridge', 'Carbon monoxide alarm', 'Private backyard – Not fully fenced', 'Bed linens', 'Luggage dropoff allowed', 'Kitchenette', 'Shampoo', 'Iron', 'Room-darkening shades', 'Wine glasses', 'Dedicated workspace', 'Microwave', 'Extra pillows and blankets', 'Long term stays allowed', 'AC - split type ductless system', 'Dr. Bronner body soap', 'Portable fans', 'Essentials', 'Coffee', 'Laundromat nearby', 'Outdoor furniture', 'Books and reading material', 'Clothing storage: closet', 'Central heating', 'Conditioner', 'Window AC unit', '32 inch HDTV with HBO Max, Roku, standard cable, Hulu, Amazon Prime Video, Netflix', 'Dishes and silverware', 'Hangers', 'Self check-in', 'Free street parking', 'Lockbox', 'Fire extinguisher', 'Paid parking lot off premises']",42,1,1,1,1,1,1,1,0,0,0,0,1,Entire place
SIXTH WARD,42.65403,-73.76325,180,Entire home/apt,Entire rental unit,4,1.0,1.0,161,1.76,30,4.86,4.82,4.95,353,f,"[""Smoke alarm"", ""Kitchen"", ""Dishwasher"", ""Wifi"", ""Shower gel"", ""Hot water"", ""Coffee maker"", ""Private entrance"", ""Hair dryer"", ""Body soap"", ""Dryer"", ""TV"", ""Carbon monoxide alarm"", ""Cooking basics"", ""Shampoo"", ""Iron"", ""Dedicated workspace"", ""Microwave"", ""Heating"", ""Washer"", ""Oven"", ""Exterior security cameras on property"", ""Air conditioning"", ""Essentials"", ""First aid kit"", ""Conditioner"", ""Free parking on premises"", ""Dishes and silverware"", ""Hangers"", ""Refrigerator"", ""Self check-in"", ""Free street parking"", ""Fire extinguisher"", ""Cleaning products"", ""Keypad"", ""Stove""]",26139592,"['Smoke alarm', 'Kitchen', 'Dishwasher', 'Wifi', 'Shower gel', 'Hot water', 'Coffee maker', 'Private entrance', 'Hair dryer', 'Body soap', 'Dryer', 'TV', 'Carbon monoxide alarm', 'Cooking basics', 'Shampoo', 'Iron', 'Dedicated workspace', 'Microwave', 'Heating', 'Washer', 'Oven', 'Exterior security cameras on property', 'Air conditioning', 'Essentials', 'First aid kit', 'Conditioner', 'Free parking on premises', 'Dishes and silverware', 'Hangers', 'Refrigerator', 'Self check-in', 'Free street parking', 'Fire extinguisher', 'Cleaning products', 'Keypad', 'Stove']",36,1,1,1,1,1,1,0,0,0,0,0,1,Entire place
NINTH WARD,42.6543083190918,-73.78177642822266,60,Private room,Private room in rental unit,2,1.0,1.0,36,0.42,10,5.0,4.94,4.94,321,t,"[""Smoke alarm"", ""Kitchen"", ""Paid washer"", ""Wifi"", ""Hot water"", ""Coffee maker"", ""Hair dryer"", ""Outdoor dining area"", ""Mini fridge"", ""Carbon monoxide alarm"", ""Bed linens"", ""Luggage dropoff allowed"", ""Cooking basics"", ""Iron"", ""Wine glasses"", ""TV with standard cable"", ""Dedicated workspace"", ""Microwave"", ""Dining table"", ""Extra pillows and blankets"", ""Long term stays allowed"", ""Oven"", ""Radiant heating"", ""Backyard"", ""Patio or balcony"", ""Toaster"", ""Essentials"", ""Lock on bedroom door"", ""Outdoor furniture"", ""First aid kit"", ""Free parking on premises"", ""Window AC unit"", ""Dishes and silverware"", ""Hangers"", ""Refrigerator"", ""Self check-in"", ""Freezer"", ""Free street parking"", ""Fire extinguisher"", ""Cleaning products"", ""Keypad"", ""Paid dryer \u2013 In building"", ""Stove""]",27670660,"['Smoke alarm', 'Kitchen', 'Paid washer', 'Wifi', 'Hot water', 'Coffee maker', 'Hair dryer', 'Outdoor dining area', 'Mini fridge', 'Carbon monoxide alarm', 'Bed linens', 'Luggage dropoff allowed', 'Cooking basics', 'Iron', 'Wine glasses', 'TV with standard cable', 'Dedicated workspace', 'Microwave', 'Dining table', 'Extra pillows and blankets', 'Long term stays allowed', 'Oven', 'Radiant heating', 'Backyard', 'Patio or balcony', 'Toaster', 'Essentials', 'Lock on bedroom door', 'Outdoor furniture', 'First aid kit', 'Free parking on premises', 'Window AC unit', 'Dishes and silverware', 'Hangers', 'Refrigerator', 'Self check-in', 'Freezer', 'Free street parking', 'Fire extinguisher', 'Cleaning products', 'Keypad', 'Paid dryer – In building', 'Stove']",43,1,1,1,1,1,1,1,0,0,0,0,1,Private room
EIGHTH WARD,42.64514,-73.80668,12,Entire home/apt,Entire home,4,2.0,1.5,16,0.18,2,4.94,5.0,5.0,179,f,"[""Smoke alarm"", ""Kitchen"", ""Dishwasher"", ""Wifi"", ""Coffee maker"", ""Private entrance"", ""Hair dryer"", ""Dryer"", ""Indoor fireplace"", ""TV"", ""Gym"", ""Carbon monoxide alarm"", ""Bathtub"", ""Cooking basics"", ""Iron"", ""Room-darkening shades"", ""Fireplace guards"", ""Microwave"", ""Heating"", ""Exercise equipment"", ""Washer"", ""Oven"", ""Backyard"", ""Patio or balcony"", ""Air conditioning"", ""Essentials"", ""Garden view"", ""Sound system"", ""Books and reading material"", ""Children\u2019s books and toys"", ""Dishes and silverware"", ""Free parking on premises"", ""Hangers"", ""Refrigerator"", ""Fire extinguisher"", ""Stove""]",27692601,"['Smoke alarm', 'Kitchen', 'Dishwasher', 'Wifi', 'Coffee maker', 'Private entrance', 'Hair dryer', 'Dryer', 'Indoor fireplace', 'TV', 'Gym', 'Carbon monoxide alarm', 'Bathtub', 'Cooking basics', 'Iron', 'Room-darkening shades', 'Fireplace guards', 'Microwave', 'Heating', 'Exercise equipment', 'Washer', 'Oven', 'Backyard', 'Patio or balcony', 'Air conditioning', 'Essentials', 'Garden view', 'Sound system', 'Books and reading material', 'Children’s books and toys', 'Dishes and silverware', 'Free parking on premises', 'Hangers', 'Refrigerator', 'Fire extinguisher', 'Stove']",36,1,1,1,0,0,1,1,1,1,1,0,1,Entire place
SIXTH WARD,42.65821,-73.76917,84,Private room,Private room in rental unit,1,1.0,1.0,104,1.16,14,4.94,4.94,4.94,340,t,"[""Smoke alarm"", ""Kitchen"", ""Wifi"", ""Hot water"", ""Coffee maker"", ""Hair dryer"", ""Body soap"", ""Bed linens"", ""Bathtub"", ""Cooking basics"", ""Shampoo"", ""Iron"", ""Room-darkening shades"", ""Hot water kettle"", ""Host greets you"", ""Dedicated workspace"", ""Microwave"", ""Dining table"", ""Heating"", ""Extra pillows and blankets"", ""Oven"", ""Portable fans"", ""Toaster"", ""Essentials"", ""Coffee"", ""Books and reading material"", ""First aid kit"", ""Conditioner"", ""Dishes and silverware"", ""Hangers"", ""Refrigerator"", ""Freezer"", ""Fire extinguisher"", ""Cleaning products"", ""Stove""]",28341274,"['Smoke alarm', 'Kitchen', 'Wifi', 'Hot water', 'Coffee maker', 'Hair dryer', 'Body soap', 'Bed linens', 'Bathtub', 'Cooking basics', 'Shampoo', 'Iron', 'Room-darkening shades', 'Hot water kettle', 'Host greets you', 'Dedicated workspace', 'Microwave', 'Dining table', 'Heating', 'Extra pillows and blankets', 'Oven', 'Portable fans', 'Toaster', 'Essentials', 'Coffee', 'Books and reading material', 'First aid kit', 'Conditioner', 'Dishes and silverware', 'Hangers', 'Refrigerator', 'Freezer', 'Fire extinguisher', 'Cleaning products', 'Stove']",35,1,1,0,0,1,0,0,0,0,0,0,1,Private room
NINTH WARD,42.65464,-73.78348,54,Private room,Private room in rental unit,2,1.0,1.0,276,3.13,9,4.96,4.96,4.96,257,t,"[""Smoke alarm"", ""Kitchen"", ""Wifi"", ""Hot water"", ""Coffee maker"", ""Hair dryer"", ""Dryer"", ""TV"", ""Carbon monoxide alarm"", ""Cooking basics"", ""Shampoo"", ""Iron"", ""Microwave"", ""Heating"", ""Washer"", ""Smart lock"", ""Air conditioning"", ""Essentials"", ""Lock on bedroom door"", ""Free parking on premises"", ""Dishes and silverware"", ""Hangers"", ""Refrigerator"", ""Self check-in"", ""Free street parking"", ""Private living room""]",28400263,"['Smoke alarm', 'Kitchen', 'Wifi', 'Hot water', 'Coffee maker', 'Hair dryer', 'Dryer', 'TV', 'Carbon monoxide alarm', 'Cooking basics', 'Shampoo', 'Iron', 'Microwave', 'Heating', 'Washer', 'Smart lock', 'Air conditioning', 'Essentials', 'Lock on bedroom door', 'Free parking on premises', 'Dishes and silverware', 'Hangers', 'Refrigerator', 'Self check-in', 'Free street parking', 'Private living room']",26,1,1,1,1,0,1,0,0,0,0,0,1,Private room
SECOND WARD,42.64535,-73.75365,255,Entire home/apt,Entire loft,5,1.0,1.0,735,8.35,61,4.8,4.81,4.71,350,f,"[""Smoke alarm"", ""Ethernet connection"", ""Pack \u2019n play/Travel crib - always at the listing"", ""Portable air conditioning"", ""Wifi"", ""Shower gel"", ""Hot water"", ""Private entrance"", ""Hair dryer"", ""Body soap"", ""Mini fridge"", ""Carbon monoxide alarm"", ""Bed linens"", ""Luggage dropoff allowed"", ""Kitchenette"", ""Cooking basics"", ""Paid parking off premises"", ""Ceiling fan"", ""Shampoo"", ""Iron"", ""Hot water kettle"", ""Dedicated workspace"", ""Microwave"", ""Coffee maker: Keurig coffee machine"", ""Dining table"", ""Heating"", ""Smart lock"", ""Extra pillows and blankets"", ""Pets allowed"", ""Long term stays allowed"", ""Noise decibel monitors on property"", ""Exterior security cameras on property"", ""Toaster"", ""Essentials"", ""Laundromat nearby"", ""Shared patio or balcony"", ""Clothing storage: closet"", ""First aid kit"", ""Induction stove"", ""Conditioner"", ""Window AC unit"", ""Dishes and silverware"", ""Crib"", ""Hangers"", ""Refrigerator"", ""Self check-in"", ""Free washer \u2013 In building"", ""Free street parking"", ""Game console"", ""Fire extinguisher"", ""HDTV with Amazon Prime Video, Hulu, Netflix"", ""Paid parking on premises"", ""Bidet"", ""Paid dryer \u2013 In building"", ""Shared backyard \u2013 Fully fenced""]",28722270,"['Smoke alarm', 'Ethernet connection', 'Pack ’n play/Travel crib - always at the listing', 'Portable air conditioning', 'Wifi', 'Shower gel', 'Hot water', 'Private entrance', 'Hair dryer', 'Body soap', 'Mini fridge', 'Carbon monoxide alarm', 'Bed linens', 'Luggage dropoff allowed', 'Kitchenette', 'Cooking basics', 'Paid parking off premises', 'Ceiling fan', 'Shampoo', 'Iron', 'Hot water kettle', 'Dedicated workspace', 'Microwave', 'Coffee maker: Keurig coffee machine', 'Dining table', 'Heating', 'Smart lock', 'Extra pillows and blankets', 'Pets allowed', 'Long term stays allowed', 'Noise decibel monitors on property', 'Exterior security cameras on property', 'Toaster', 'Essentials', 'Laundromat nearby', 'Shared patio or balcony', 'Clothing storage: closet', 'First aid kit', 'Induction stove', 'Conditioner', 'Window AC unit', 'Dishes and silverware', 'Crib', 'Hangers', 'Refrigerator', 'Self check-in', 'Free washer – In building', 'Free street parking', 'Game console', 'Fire extinguisher', 'HDTV with Amazon Prime Video, Hulu, Netflix', 'Paid parking on premises', 'Bidet', 'Paid dryer – In building', 'Shared backyard – Fully fenced']",55,1,1,1,1,1,1,1,1,0,0,1,1,Entire place
SECOND WARD,42.64535,-73.75365,255,Entire home/apt,Entire rental unit,3,1.0,1.0,677,7.75,76,4.72,4.7,4.6,358,f,"[""Smoke alarm"", ""Kitchen"", ""Pack \u2019n play/Travel crib - always at the listing"", ""Portable air conditioning"", ""Wifi"", ""Shower gel"", ""Hot water"", ""Private entrance"", ""Hair dryer"", ""Body soap"", ""Carbon monoxide alarm"", ""Bed linens"", ""Luggage dropoff allowed"", ""Cooking basics"", ""Shampoo"", ""Iron"", ""Hot water kettle"", ""Wine glasses"", ""Dedicated workspace"", ""Microwave"", ""Coffee maker: Keurig coffee machine"", ""Clothing storage"", ""Dining table"", ""Heating"", ""Smart lock"", ""Extra pillows and blankets"", ""Pets allowed"", ""Long term stays allowed"", ""Noise decibel monitors on property"", ""Exterior security cameras on property"", ""Toaster"", ""Essentials"", ""Coffee"", ""Laundromat nearby"", ""Shared patio or balcony"", ""First aid kit"", ""Conditioner"", ""Paid parking garage off premises"", ""Dishes and silverware"", ""Hangers"", ""Refrigerator"", ""Self check-in"", ""Free washer \u2013 In building"", ""42 inch HDTV with Amazon Prime Video, Chromecast, Fire TV"", ""Freezer"", ""Free street parking"", ""Fire extinguisher"", ""Paid parking on premises"", ""Cleaning products"", ""Paid dryer \u2013 In building"", ""Stove"", ""Shared backyard \u2013 Fully fenced""]",28868857,"['Smoke alarm', 'Kitchen', 'Pack ’n play/Travel crib - always at the listing', 'Portable air conditioning', 'Wifi', 'Shower gel', 'Hot water', 'Private entrance', 'Hair dryer', 'Body soap', 'Carbon monoxide alarm', 'Bed linens', 'Luggage dropoff allowed', 'Cooking basics', 'Shampoo', 'Iron', 'Hot water kettle', 'Wine glasses', 'Dedicated workspace', 'Microwave', 'Coffee maker: Keurig coffee machine', 'Clothing storage', 'Dining table', 'Heating', 'Smart lock', 'Extra pillows and blankets', 'Pets allowed', 'Long term stays allowed', 'Noise decibel monitors on property', 'Exterior security cameras on property', 'Toaster', 'Essentials', 'Coffee', 'Laundromat nearby', 'Shared patio or balcony', 'First aid kit', 'Conditioner', 'Paid parking garage off premises', 'Dishes and silverware', 'Hangers', 'Refrigerator', 'Self check-in', 'Free washer – In building', '42 inch HDTV with Amazon Prime Video, Chromecast, Fire TV', 'Freezer', 'Free street parking', 'Fire extinguisher', 'Paid parking on premises', 'Cleaning products', 'Paid dryer – In building', 'Stove', 'Shared backyard – Fully fenced']",52,1,1,1,1,1,1,1,1,0,0,1,1,Entire place
FOURTH WARD,42.6737,-73.75313,6,Private room,Private room in home,2,1.0,1.0,8,0.09,1,5.0,4.88,5.0,237,f,"[""Smoke alarm"", ""Private patio or balcony"", ""Bikes"", ""Wifi"", ""Shower gel"", ""Exercise equipment: free weights, treadmill, yoga mat"", ""Hot water"", ""Coffee maker"", ""Hair dryer"", ""Body soap"", ""Outdoor dining area"", ""Dryer"", ""Indoor fireplace"", ""Gym"", ""Carbon monoxide alarm"", ""Bed linens"", ""Luggage dropoff allowed"", ""Cooking basics"", ""Shampoo"", ""Iron"", ""Wine glasses"", ""Host greets you"", ""TV with standard cable"", ""Dedicated workspace"", ""Microwave"", ""Dining table"", ""Heating"", ""Washer"", ""Extra pillows and blankets"", ""Long term stays allowed"", ""BBQ grill"", ""Portable fans"", ""Backyard"", ""Air conditioning"", ""Essentials"", ""Lock on bedroom door"", ""Coffee"", ""Outdoor furniture"", ""Books and reading material"", ""First aid kit"", ""Barbecue utensils"", ""Conditioner"", ""Free parking on premises"", ""Dishes and silverware"", ""Hangers"", ""Refrigerator"", ""Blender"", ""Free street parking"", ""Fire extinguisher"", ""Breakfast"", ""Clothing storage: walk-in closet"", ""Private living room""]",28929840,"['Smoke alarm', 'Private patio or balcony', 'Bikes', 'Wifi', 'Shower gel', 'Exercise equipment: free weights, treadmill, yoga mat', 'Hot water', 'Coffee maker', 'Hair dryer', 'Body soap', 'Outdoor dining area', 'Dryer', 'Indoor fireplace', 'Gym', 'Carbon monoxide alarm', 'Bed linens', 'Luggage dropoff allowed', 'Cooking basics', 'Shampoo', 'Iron', 'Wine glasses', 'Host greets you', 'TV with standard cable', 'Dedicated workspace', 'Microwave', 'Dining table', 'Heating', 'Washer', 'Extra pillows and blankets', 'Long term stays allowed', 'BBQ grill', 'Portable fans', 'Backyard', 'Air conditioning', 'Essentials', 'Lock on bedroom door', 'Coffee', 'Outdoor furniture', 'Books and reading material', 'First aid kit', 'Barbecue utensils', 'Conditioner', 'Free parking on premises', 'Dishes and silverware', 'Hangers', 'Refrigerator', 'Blender', 'Free street parking', 'Fire extinguisher', 'Breakfast', 'Clothing storage: walk-in closet', 'Private living room']",52,1,1,1,0,1,1,1,0,1,0,0,1,Private room
SIXTH WARD,42.65235,-73.76714,162,Entire home/apt,Entire rental unit,2,1.0,1.0,124,1.4,27,4.69,4.67,4.79,360,t,"[""Smoke alarm"", ""Kitchen"", ""Dishwasher"", ""Private patio or balcony"", ""Wifi"", ""Shower gel"", ""Coffee maker"", ""Private entrance"", ""Hair dryer"", ""Body soap"", ""Dryer"", ""Carbon monoxide alarm"", ""Bed linens"", ""Cooking basics"", ""Baking sheet"", ""Shampoo"", ""Iron"", ""TV with standard cable"", ""Dedicated workspace"", ""Microwave"", ""Dining table"", ""Heating"", ""Washer"", ""Smart lock"", ""Extra pillows and blankets"", ""Pets allowed"", ""Oven"", ""Noise decibel monitors on property"", ""Air conditioning"", ""Exterior security cameras on property"", ""Essentials"", ""Outdoor furniture"", ""Conditioner"", ""Free parking on premises"", ""Dishes and silverware"", ""Hangers"", ""Refrigerator"", ""Self check-in"", ""Freezer"", ""Stove""]",29605579,"['Smoke alarm', 'Kitchen', 'Dishwasher', 'Private patio or balcony', 'Wifi', 'Shower gel', 'Coffee maker', 'Private entrance', 'Hair dryer', 'Body soap', 'Dryer', 'Carbon monoxide alarm', 'Bed linens', 'Cooking basics', 'Baking sheet', 'Shampoo', 'Iron', 'TV with standard cable', 'Dedicated workspace', 'Microwave', 'Dining table', 'Heating', 'Washer', 'Smart lock', 'Extra pillows and blankets', 'Pets allowed', 'Oven', 'Noise decibel monitors on property', 'Air conditioning', 'Exterior security cameras on property', 'Essentials', 'Outdoor furniture', 'Conditioner', 'Free parking on premises', 'Dishes and silverware', 'Hangers', 'Refrigerator', 'Self check-in', 'Freezer', 'Stove']",40,1,1,1,1,1,1,1,0,0,0,1,1,Entire place
NINTH WARD,42.6533,-73.78114,36,Private room,Private room in home,1,1.0,1.0,74,0.86,6,4.95,4.93,4.96,356,t,"[""Smoke alarm"", ""Kitchen"", ""Wifi"", ""Hot water"", ""Hair dryer"", ""Body soap"", ""Dryer"", ""TV"", ""Carbon monoxide alarm"", ""Bed linens"", ""Cooking basics"", ""Shampoo"", ""Iron"", ""Dedicated workspace"", ""Clothing storage"", ""Heating"", ""Washer"", ""Air conditioning"", ""Essentials"", ""Lock on bedroom door"", ""First aid kit"", ""Conditioner"", ""Free parking on premises"", ""Hangers"", ""Refrigerator"", ""Self check-in"", ""Free street parking"", ""Fire extinguisher"", ""Keypad"", ""Private living room""]",30189794,"['Smoke alarm', 'Kitchen', 'Wifi', 'Hot water', 'Hair dryer', 'Body soap', 'Dryer', 'TV', 'Carbon monoxide alarm', 'Bed linens', 'Cooking basics', 'Shampoo', 'Iron', 'Dedicated workspace', 'Clothing storage', 'Heating', 'Washer', 'Air conditioning', 'Essentials', 'Lock on bedroom door', 'First aid kit', 'Conditioner', 'Free parking on premises', 'Hangers', 'Refrigerator', 'Self check-in', 'Free street parking', 'Fire extinguisher', 'Keypad', 'Private living room']",30,1,1,1,1,1,1,0,0,0,0,0,1,Private room
FIFTEENTH WARD,42.67519,-73.82281,18,Private room,Private room in home,1,1.0,1.0,33,0.38,3,4.76,4.76,4.91,357,f,"[""HDTV with Hulu, Netflix, Roku, Fire TV"", ""Smoke alarm"", ""Kitchen"", ""Private patio or balcony"", ""Wifi"", ""Hot water"", ""Coffee maker"", ""Hair dryer"", ""Body soap"", ""Outdoor dining area"", ""Mini fridge"", ""Carbon monoxide alarm"", ""Bed linens"", ""Cooking basics"", ""Baking sheet"", ""Shampoo"", ""Iron"", ""Hot water kettle"", ""Wine glasses"", ""Free dryer \u2013 In building"", ""Fireplace guards"", ""Dedicated workspace"", ""Microwave"", ""Dining table"", ""Heating"", ""Extra pillows and blankets"", ""Long term stays allowed"", ""Electric stove"", ""Portable fans"", ""Toaster"", ""Essentials"", ""Lock on bedroom door"", ""Coffee"", ""Laundromat nearby"", ""Outdoor furniture"", ""Single level home"", ""Books and reading material"", ""Clothing storage: closet"", ""First aid kit"", ""Barbecue utensils"", ""Conditioner"", ""BBQ grill: charcoal"", ""Dishes and silverware"", ""Hangers"", ""Refrigerator"", ""Blender"", ""Free washer \u2013 In building"", ""Self check-in"", ""Freezer"", ""Free street parking"", ""Lockbox"", ""Fire extinguisher"", ""Private backyard \u2013 Fully fenced"", ""Cleaning products"", ""Bidet""]",31210362,"['HDTV with Hulu, Netflix, Roku, Fire TV', 'Smoke alarm', 'Kitchen', 'Private patio or balcony', 'Wifi', 'Hot water', 'Coffee maker', 'Hair dryer', 'Body soap', 'Outdoor dining area', 'Mini fridge', 'Carbon monoxide alarm', 'Bed linens', 'Cooking basics', 'Baking sheet', 'Shampoo', 'Iron', 'Hot water kettle', 'Wine glasses', 'Free dryer – In building', 'Fireplace guards', 'Dedicated workspace', 'Microwave', 'Dining table', 'Heating', 'Extra pillows and blankets', 'Long term stays allowed', 'Electric stove', 'Portable fans', 'Toaster', 'Essentials', 'Lock on bedroom door', 'Coffee', 'Laundromat nearby', 'Outdoor furniture', 'Single level home', 'Books and reading material', 'Clothing storage: closet', 'First aid kit', 'Barbecue utensils', 'Conditioner', 'BBQ grill: charcoal', 'Dishes and silverware', 'Hangers', 'Refrigerator', 'Blender', 'Free washer – In building', 'Self check-in', 'Freezer', 'Free street parking', 'Lockbox', 'Fire extinguisher', 'Private backyard – Fully fenced', 'Cleaning products', 'Bidet']",55,1,1,1,1,1,0,1,1,0,0,0,1,Private room
EIGHTH WARD,42.64936,-73.80278,66,Private room,Private room in home,1,,,219,2.58,11,4.96,4.97,4.97,0,t,"[""Smoke alarm"", ""Kitchen"", ""Dishwasher"", ""Private patio or balcony"", ""Clothing storage: closet and dresser"", ""Shower gel"", ""Hot water"", ""Hair dryer"", ""Body soap"", ""Outdoor dining area"", ""Carbon monoxide alarm"", ""Bed linens"", ""Luggage dropoff allowed"", ""Bathtub"", ""Cooking basics"", ""Ceiling fan"", ""Shampoo"", ""Iron"", ""Room-darkening shades"", ""Central air conditioning"", ""Free dryer \u2013 In building"", ""Dedicated workspace"", ""Microwave"", ""Hot water kettle"", ""Baking sheet"", ""Fast wifi \u2013 95 Mbps"", ""Heating"", ""Dining table"", ""Extra pillows and blankets"", ""Long term stays allowed"", ""Oven"", ""Portable fans"", ""Backyard"", ""Essentials"", ""Outdoor furniture"", ""First aid kit"", ""Conditioner"", ""Dishes and silverware"", ""Hangers"", ""Refrigerator"", ""Self check-in"", ""Free washer \u2013 In building"", ""Freezer"", ""Free street parking"", ""Lockbox"", ""Fire extinguisher"", ""Coffee maker: drip coffee maker, Keurig coffee machine"", ""Cleaning products"", ""Stove""]",32279028,"['Smoke alarm', 'Kitchen', 'Dishwasher', 'Private patio or balcony', 'Clothing storage: closet and dresser', 'Shower gel', 'Hot water', 'Hair dryer', 'Body soap', 'Outdoor dining area', 'Carbon monoxide alarm', 'Bed linens', 'Luggage dropoff allowed', 'Bathtub', 'Cooking basics', 'Ceiling fan', 'Shampoo', 'Iron', 'Room-darkening shades', 'Central air conditioning', 'Free dryer – In building', 'Dedicated workspace', 'Microwave', 'Hot water kettle', 'Baking sheet', 'Fast wifi – 95 Mbps', 'Heating', 'Dining table', 'Extra pillows and blankets', 'Long term stays allowed', 'Oven', 'Portable fans', 'Backyard', 'Essentials', 'Outdoor furniture', 'First aid kit', 'Conditioner', 'Dishes and silverware', 'Hangers', 'Refrigerator', 'Self check-in', 'Free washer – In building', 'Freezer', 'Free street parking', 'Lockbox', 'Fire extinguisher', 'Coffee maker: drip coffee maker, Keurig coffee machine', 'Cleaning products', 'Stove']",49,1,1,1,1,1,1,1,0,0,0,0,0,Private room
FOURTH WARD,42.6761,-73.73825,0,Private room,Private room in home,4,2.0,1.0,1,0.06,0,5.0,5.0,5.0,270,f,"[""Smoke alarm"", ""Kitchen"", ""Gas stove"", ""Wifi"", ""Hot water"", ""Coffee maker"", ""Private entrance"", ""Hair dryer"", ""Carbon monoxide alarm"", ""City skyline view"", ""Bed linens"", ""Cooking basics"", ""Shampoo"", ""Iron"", ""Room-darkening shades"", ""Hot water kettle"", ""Wine glasses"", ""Microwave"", ""Dining table"", ""Heating"", ""Extra pillows and blankets"", ""Oven"", ""Air conditioning"", ""Essentials"", ""Coffee"", ""Laundromat nearby"", ""Books and reading material"", ""First aid kit"", ""32 inch TV"", ""Conditioner"", ""Dishes and silverware"", ""Hangers"", ""Refrigerator"", ""Freezer"", ""Free street parking"", ""Fire extinguisher"", ""Cleaning products"", ""Dove or Yardley London body soap"", ""Private living room""]",32450400,"['Smoke alarm', 'Kitchen', 'Gas stove', 'Wifi', 'Hot water', 'Coffee maker', 'Private entrance', 'Hair dryer', 'Carbon monoxide alarm', 'City skyline view', 'Bed linens', 'Cooking basics', 'Shampoo', 'Iron', 'Room-darkening shades', 'Hot water kettle', 'Wine glasses', 'Microwave', 'Dining table', 'Heating', 'Extra pillows and blankets', 'Oven', 'Air conditioning', 'Essentials', 'Coffee', 'Laundromat nearby', 'Books and reading material', 'First aid kit', '32 inch TV', 'Conditioner', 'Dishes and silverware', 'Hangers', 'Refrigerator', 'Freezer', 'Free street parking', 'Fire extinguisher', 'Cleaning products', 'Dove or Yardley London body soap', 'Private living room']",39,1,1,1,0,0,1,0,0,0,1,0,1,Private room
SECOND WARD,42.64563,-73.75311,192,Entire home/apt,Entire rental unit,6,2.0,1.0,469,5.57,32,4.68,4.68,4.65,357,f,"[""Smoke alarm"", ""Kitchen"", ""GE single oven"", ""Ethernet connection"", ""Pack \u2019n play/Travel crib - always at the listing"", ""Wifi"", ""Shower gel"", ""Hot water"", ""Coffee maker"", ""Private entrance"", ""Hair dryer"", ""Body soap"", ""Carbon monoxide alarm"", ""Bed linens"", ""Luggage dropoff allowed"", ""Cooking basics"", ""Paid parking off premises"", ""Ceiling fan"", ""Shampoo"", ""Iron"", ""Hot water kettle"", ""Baking sheet"", ""Dedicated workspace"", ""Microwave"", ""Clothing storage"", ""Dining table"", ""Heating"", ""Smart lock"", ""Extra pillows and blankets"", ""Pets allowed"", ""Long term stays allowed"", ""Noise decibel monitors on property"", ""Exterior security cameras on property"", ""Toaster"", ""Essentials"", ""Frigidaire refrigerator"", ""Coffee"", ""Laundromat nearby"", ""Shared patio or balcony"", ""First aid kit"", ""Conditioner"", ""Free parking on premises"", ""Window AC unit"", ""Dishes and silverware"", ""Crib"", ""Hangers"", ""Self check-in"", ""Free washer \u2013 In building"", ""42 inch HDTV with Amazon Prime Video, Chromecast, Fire TV"", ""Freezer"", ""Free street parking"", ""Fire extinguisher"", ""Frigidaire stainless steel gas stove"", ""Paid parking on premises"", ""Paid dryer \u2013 In building"", ""Shared backyard \u2013 Fully fenced""]",32993402,"['Smoke alarm', 'Kitchen', 'GE single oven', 'Ethernet connection', 'Pack ’n play/Travel crib - always at the listing', 'Wifi', 'Shower gel', 'Hot water', 'Coffee maker', 'Private entrance', 'Hair dryer', 'Body soap', 'Carbon monoxide alarm', 'Bed linens', 'Luggage dropoff allowed', 'Cooking basics', 'Paid parking off premises', 'Ceiling fan', 'Shampoo', 'Iron', 'Hot water kettle', 'Baking sheet', 'Dedicated workspace', 'Microwave', 'Clothing storage', 'Dining table', 'Heating', 'Smart lock', 'Extra pillows and blankets', 'Pets allowed', 'Long term stays allowed', 'Noise decibel monitors on property', 'Exterior security cameras on property', 'Toaster', 'Essentials', 'Frigidaire refrigerator', 'Coffee', 'Laundromat nearby', 'Shared patio or balcony', 'First aid kit', 'Conditioner', 'Free parking on premises', 'Window AC unit', 'Dishes and silverware', 'Crib', 'Hangers', 'Self check-in', 'Free washer – In building', '42 inch HDTV with Amazon Prime Video, Chromecast, Fire TV', 'Freezer', 'Free street parking', 'Fire extinguisher', 'Frigidaire stainless steel gas stove', 'Paid parking on premises', 'Paid dryer – In building', 'Shared backyard – Fully fenced']",56,1,1,1,1,1,1,1,1,0,0,1,1,Entire place
SECOND WARD,42.64585,-73.75297,255,Entire home/apt,Entire rental unit,6,2.0,1.0,496,5.97,55,4.75,4.74,4.61,351,f,"[""Smoke alarm"", ""Kitchen"", ""Private patio or balcony"", ""Pack \u2019n play/Travel crib - always at the listing"", ""Wifi"", ""Shower gel"", ""Hot water"", ""Coffee maker"", ""Private entrance"", ""Hair dryer"", ""Body soap"", ""Carbon monoxide alarm"", ""Bed linens"", ""Luggage dropoff allowed"", ""Bathtub"", ""Cooking basics"", ""Ceiling fan"", ""Shampoo"", ""Iron"", ""Paid parking off premises"", ""Dedicated workspace"", ""Microwave"", ""Clothing storage"", ""Dining table"", ""Heating"", ""Smart lock"", ""Extra pillows and blankets"", ""Pets allowed"", ""Long term stays allowed"", ""Oven"", ""Noise decibel monitors on property"", ""Exterior security cameras on property"", ""Essentials"", ""Laundromat nearby"", ""First aid kit"", ""Conditioner"", ""Free parking on premises"", ""Window AC unit"", ""Dishes and silverware"", ""Crib"", ""Hangers"", ""Refrigerator"", ""Self check-in"", ""Free washer \u2013 In building"", ""Freezer"", ""Free street parking"", ""52 inch HDTV with Amazon Prime Video, Chromecast, Disney+, Fire TV, Hulu, Netflix"", ""Fire extinguisher"", ""Paid parking on premises"", ""Stove"", ""Shared backyard \u2013 Fully fenced""]",33558235,"['Smoke alarm', 'Kitchen', 'Private patio or balcony', 'Pack ’n play/Travel crib - always at the listing', 'Wifi', 'Shower gel', 'Hot water', 'Coffee maker', 'Private entrance', 'Hair dryer', 'Body soap', 'Carbon monoxide alarm', 'Bed linens', 'Luggage dropoff allowed', 'Bathtub', 'Cooking basics', 'Ceiling fan', 'Shampoo', 'Iron', 'Paid parking off premises', 'Dedicated workspace', 'Microwave', 'Clothing storage', 'Dining table', 'Heating', 'Smart lock', 'Extra pillows and blankets', 'Pets allowed', 'Long term stays allowed', 'Oven', 'Noise decibel monitors on property', 'Exterior security cameras on property', 'Essentials', 'Laundromat nearby', 'First aid kit', 'Conditioner', 'Free parking on premises', 'Window AC unit', 'Dishes and silverware', 'Crib', 'Hangers', 'Refrigerator', 'Self check-in', 'Free washer – In building', 'Freezer', 'Free street parking', '52 inch HDTV with Amazon Prime Video, Chromecast, Disney+, Fire TV, Hulu, Netflix', 'Fire extinguisher', 'Paid parking on premises', 'Stove', 'Shared backyard – Fully fenced']",51,1,1,1,1,1,1,1,1,0,0,1,1,Entire place
SEVENTH WARD,42.65259,-73.78223,180,Private room,Private room in home,2,1.0,1.0,220,2.74,30,4.99,4.96,4.95,218,t,"[""Smoke alarm"", ""Kitchen"", ""Dishwasher"", ""Wifi"", ""Hot water"", ""Coffee maker"", ""Hair dryer"", ""Dryer"", ""Carbon monoxide alarm"", ""Bed linens"", ""Cooking basics"", ""Shampoo"", ""Iron"", ""TV with standard cable"", ""Microwave"", ""Heating"", ""Washer"", ""Oven"", ""BBQ grill"", ""Patio or balcony"", ""Air conditioning"", ""Essentials"", ""Lock on bedroom door"", ""Free parking on premises"", ""Dishes and silverware"", ""Hangers"", ""Refrigerator"", ""Self check-in"", ""Free street parking"", ""Keypad"", ""Stove""]",35793179,"['Smoke alarm', 'Kitchen', 'Dishwasher', 'Wifi', 'Hot water', 'Coffee maker', 'Hair dryer', 'Dryer', 'Carbon monoxide alarm', 'Bed linens', 'Cooking basics', 'Shampoo', 'Iron', 'TV with standard cable', 'Microwave', 'Heating', 'Washer', 'Oven', 'BBQ grill', 'Patio or balcony', 'Air conditioning', 'Essentials', 'Lock on bedroom door', 'Free parking on premises', 'Dishes and silverware', 'Hangers', 'Refrigerator', 'Self check-in', 'Free street parking', 'Keypad', 'Stove']",31,1,1,1,1,0,1,1,0,0,0,0,1,Private room
SECOND WARD,42.64506,-73.75727,144,Entire home/apt,Entire rental unit,2,1.0,1.0,327,4.06,24,4.8,4.76,4.31,40,t,"[""Smoke alarm"", ""Kitchen"", ""Dishwasher"", ""Wifi"", ""Hot water"", ""Coffee maker"", ""Private entrance"", ""Hair dryer"", ""Carbon monoxide alarm"", ""Bed linens"", ""Luggage dropoff allowed"", ""Bathtub"", ""Cooking basics"", ""Baking sheet"", ""Shampoo"", ""Iron"", ""Room-darkening shades"", ""Central air conditioning"", ""TV with standard cable"", ""Dedicated workspace"", ""Microwave"", ""Wine glasses"", ""Elevator"", ""Heating"", ""Window guards"", ""Extra pillows and blankets"", ""Pets allowed"", ""Long term stays allowed"", ""Oven"", ""Noise decibel monitors on property"", ""Exterior security cameras on property"", ""LG electric stove"", ""Essentials"", ""Coffee"", ""Single level home"", ""First aid kit"", ""Free parking on premises"", ""Dishes and silverware"", ""Hangers"", ""Refrigerator"", ""Self check-in"", ""Babysitter recommendations"", ""Free street parking"", ""Fire extinguisher"", ""Keypad""]",35914565,"['Smoke alarm', 'Kitchen', 'Dishwasher', 'Wifi', 'Hot water', 'Coffee maker', 'Private entrance', 'Hair dryer', 'Carbon monoxide alarm', 'Bed linens', 'Luggage dropoff allowed', 'Bathtub', 'Cooking basics', 'Baking sheet', 'Shampoo', 'Iron', 'Room-darkening shades', 'Central air conditioning', 'TV with standard cable', 'Dedicated workspace', 'Microwave', 'Wine glasses', 'Elevator', 'Heating', 'Window guards', 'Extra pillows and blankets', 'Pets allowed', 'Long term stays allowed', 'Oven', 'Noise decibel monitors on property', 'Exterior security cameras on property', 'LG electric stove', 'Essentials', 'Coffee', 'Single level home', 'First aid kit', 'Free parking on premises', 'Dishes and silverware', 'Hangers', 'Refrigerator', 'Self check-in', 'Babysitter recommendations', 'Free street parking', 'Fire extinguisher', 'Keypad']",45,1,1,1,1,1,1,0,1,0,0,1,1,Entire place
THIRTEENTH WARD,42.66619,-73.79031,0,Entire home/apt,Entire rental unit,4,2.0,1.0,54,0.67,0,4.8,4.74,4.87,365,f,"[""Smoke alarm"", ""Kitchen"", ""Private patio or balcony"", ""Wifi"", ""Hot water"", ""Coffee maker"", ""Private entrance"", ""Hair dryer"", ""TV"", ""Carbon monoxide alarm"", ""Bathtub"", ""Children\u2019s dinnerware"", ""Cooking basics"", ""Shampoo"", ""Iron"", ""Room-darkening shades"", ""Dedicated workspace"", ""Microwave"", ""Heating"", ""Long term stays allowed"", ""Oven"", ""Backyard"", ""Air conditioning"", ""Essentials"", ""Single level home"", ""First aid kit"", ""Baby bath"", ""Children\u2019s books and toys"", ""Dishes and silverware"", ""Free parking on premises"", ""Hangers"", ""Refrigerator"", ""Self check-in"", ""Babysitter recommendations"", ""Free street parking"", ""Lockbox"", ""Fire extinguisher"", ""Cleaning available during stay"", ""Stove"", ""High chair""]",36443605,"['Smoke alarm', 'Kitchen', 'Private patio or balcony', 'Wifi', 'Hot water', 'Coffee maker', 'Private entrance', 'Hair dryer', 'TV', 'Carbon monoxide alarm', 'Bathtub', 'Children’s dinnerware', 'Cooking basics', 'Shampoo', 'Iron', 'Room-darkening shades', 'Dedicated workspace', 'Microwave', 'Heating', 'Long term stays allowed', 'Oven', 'Backyard', 'Air conditioning', 'Essentials', 'Single level home', 'First aid kit', 'Baby bath', 'Children’s books and toys', 'Dishes and silverware', 'Free parking on premises', 'Hangers', 'Refrigerator', 'Self check-in', 'Babysitter recommendations', 'Free street parking', 'Lockbox', 'Fire extinguisher', 'Cleaning available during stay', 'Stove', 'High chair']",40,1,1,1,1,1,1,1,1,0,0,0,1,Entire place
EIGHTH WARD,42.65085,-73.80239,255,Private room,Private room in home,1,1.0,1.5,472,6.02,78,4.98,4.99,4.99,241,t,"[""Smoke alarm"", ""Kitchen"", ""Dishwasher"", ""Private patio or balcony"", ""Wifi"", ""Shower gel"", ""Hot water"", ""Coffee maker"", ""Hair dryer"", ""Body soap"", ""Carbon monoxide alarm"", ""Bed linens"", ""Bathtub"", ""Cooking basics"", ""Ceiling fan"", ""Shampoo"", ""Iron"", ""Central air conditioning"", ""Hot water kettle"", ""Free dryer \u2013 In building"", ""Dedicated workspace"", ""Microwave"", ""Clothing storage"", ""Heating"", ""Extra pillows and blankets"", ""Oven"", ""Portable fans"", ""Backyard"", ""Toaster"", ""Essentials"", ""Lock on bedroom door"", ""First aid kit"", ""Conditioner"", ""Free parking on premises"", ""Dishes and silverware"", ""Hangers"", ""Refrigerator"", ""Self check-in"", ""Free washer \u2013 In building"", ""Freezer"", ""Free street parking"", ""Lockbox"", ""Fire extinguisher"", ""Cleaning products"", ""Stove""]",38321579,"['Smoke alarm', 'Kitchen', 'Dishwasher', 'Private patio or balcony', 'Wifi', 'Shower gel', 'Hot water', 'Coffee maker', 'Hair dryer', 'Body soap', 'Carbon monoxide alarm', 'Bed linens', 'Bathtub', 'Cooking basics', 'Ceiling fan', 'Shampoo', 'Iron', 'Central air conditioning', 'Hot water kettle', 'Free dryer – In building', 'Dedicated workspace', 'Microwave', 'Clothing storage', 'Heating', 'Extra pillows and blankets', 'Oven', 'Portable fans', 'Backyard', 'Toaster', 'Essentials', 'Lock on bedroom door', 'First aid kit', 'Conditioner', 'Free parking on premises', 'Dishes and silverware', 'Hangers', 'Refrigerator', 'Self check-in', 'Free washer – In building', 'Freezer', 'Free street parking', 'Lockbox', 'Fire extinguisher', 'Cleaning products', 'Stove']",45,1,1,1,1,1,1,1,0,0,0,0,0,Private room
SIXTH WARD,42.65507,-73.76138,72,Entire home/apt,Entire rental unit,4,2.0,1.0,53,0.7,12,4.77,4.55,4.55,364,t,"[""Smoke alarm"", ""Kitchen"", ""Dishwasher"", ""Wifi"", ""Hot water"", ""Coffee maker"", ""Private entrance"", ""Hair dryer"", ""Dryer"", ""TV"", ""Carbon monoxide alarm"", ""Bed linens"", ""Bathtub"", ""Cooking basics"", ""Shampoo"", ""Iron"", ""Microwave"", ""Heating"", ""Washer"", ""Long term stays allowed"", ""Pets allowed"", ""Oven"", ""Exterior security cameras on property"", ""Air conditioning"", ""Essentials"", ""First aid kit"", ""Free parking on premises"", ""Dishes and silverware"", ""Hangers"", ""Refrigerator"", ""Self check-in"", ""Free street parking"", ""Lockbox"", ""Fire extinguisher"", ""Stove""]",39093517,"['Smoke alarm', 'Kitchen', 'Dishwasher', 'Wifi', 'Hot water', 'Coffee maker', 'Private entrance', 'Hair dryer', 'Dryer', 'TV', 'Carbon monoxide alarm', 'Bed linens', 'Bathtub', 'Cooking basics', 'Shampoo', 'Iron', 'Microwave', 'Heating', 'Washer', 'Long term stays allowed', 'Pets allowed', 'Oven', 'Exterior security cameras on property', 'Air conditioning', 'Essentials', 'First aid kit', 'Free parking on premises', 'Dishes and silverware', 'Hangers', 'Refrigerator', 'Self check-in', 'Free street parking', 'Lockbox', 'Fire extinguisher', 'Stove']",35,1,1,1,1,0,1,0,0,0,0,1,1,Entire place
NINTH WARD,42.65483,-73.78033,10,Entire home/apt,Entire rental unit,4,1.0,1.0,24,0.31,1,4.46,4.33,4.71,348,f,"[""Smoke alarm"", ""Kitchen"", ""Wifi"", ""Hot water"", ""Coffee maker"", ""Private entrance"", ""Hair dryer"", ""Indoor fireplace"", ""Carbon monoxide alarm"", ""Bed linens"", ""Luggage dropoff allowed"", ""Bathtub"", ""Children\u2019s dinnerware"", ""Cooking basics"", ""Shampoo"", ""Iron"", ""Room-darkening shades"", ""TV with standard cable"", ""Dedicated workspace"", ""Microwave"", ""Heating"", ""Extra pillows and blankets"", ""Long term stays allowed"", ""Oven"", ""Patio or balcony"", ""Air conditioning"", ""Essentials"", ""First aid kit"", ""Baby bath"", ""Children\u2019s books and toys"", ""Dishes and silverware"", ""Free parking on premises"", ""Hangers"", ""Refrigerator"", ""Self check-in"", ""Babysitter recommendations"", ""Free street parking"", ""Lockbox"", ""Fire extinguisher"", ""Cleaning available during stay"", ""Stove"", ""High chair"", ""Shared backyard \u2013 Fully fenced""]",39698576,"['Smoke alarm', 'Kitchen', 'Wifi', 'Hot water', 'Coffee maker', 'Private entrance', 'Hair dryer', 'Indoor fireplace', 'Carbon monoxide alarm', 'Bed linens', 'Luggage dropoff allowed', 'Bathtub', 'Children’s dinnerware', 'Cooking basics', 'Shampoo', 'Iron', 'Room-darkening shades', 'TV with standard cable', 'Dedicated workspace', 'Microwave', 'Heating', 'Extra pillows and blankets', 'Long term stays allowed', 'Oven', 'Patio or balcony', 'Air conditioning', 'Essentials', 'First aid kit', 'Baby bath', 'Children’s books and toys', 'Dishes and silverware', 'Free parking on premises', 'Hangers', 'Refrigerator', 'Self check-in', 'Babysitter recommendations', 'Free street parking', 'Lockbox', 'Fire extinguisher', 'Cleaning available during stay', 'Stove', 'High chair', 'Shared backyard – Fully fenced']",43,1,1,1,1,1,1,1,1,0,0,0,1,Entire place
FOURTH WARD,42.66091,-73.74285,66,Entire home/apt,Entire rental unit,4,2.0,1.0,241,3.25,11,4.94,4.83,4.71,254,t,"[""Smoke alarm"", ""Kitchen"", ""Dishwasher"", ""Wifi"", ""Hot water"", ""Coffee maker"", ""Private entrance"", ""Hair dryer"", ""Dryer"", ""TV"", ""Carbon monoxide alarm"", ""Bed linens"", ""Luggage dropoff allowed"", ""Cooking basics"", ""Shampoo"", ""Iron"", ""Wine glasses"", ""Pool"", ""Microwave"", ""Heating"", ""Washer"", ""Extra pillows and blankets"", ""Oven"", ""Exterior security cameras on property"", ""Air conditioning"", ""Essentials"", ""Coffee"", ""Free parking on premises"", ""Dishes and silverware"", ""Hangers"", ""Refrigerator"", ""Self check-in"", ""Freezer"", ""Free street parking"", ""Lockbox"", ""Fire extinguisher"", ""Cleaning products"", ""Stove""]",39864828,"['Smoke alarm', 'Kitchen', 'Dishwasher', 'Wifi', 'Hot water', 'Coffee maker', 'Private entrance', 'Hair dryer', 'Dryer', 'TV', 'Carbon monoxide alarm', 'Bed linens', 'Luggage dropoff allowed', 'Cooking basics', 'Shampoo', 'Iron', 'Wine glasses', 'Pool', 'Microwave', 'Heating', 'Washer', 'Extra pillows and blankets', 'Oven', 'Exterior security cameras on property', 'Air conditioning', 'Essentials', 'Coffee', 'Free parking on premises', 'Dishes and silverware', 'Hangers', 'Refrigerator', 'Self check-in', 'Freezer', 'Free street parking', 'Lockbox', 'Fire extinguisher', 'Cleaning products', 'Stove']",38,1,1,1,1,0,1,0,0,1,0,0,1,Entire place
THIRTEENTH WARD,42.66827,-73.79231,102,Entire home/apt,Entire rental unit,5,2.0,1.0,140,1.86,17,4.87,4.81,4.93,353,t,"[""Smoke alarm"", ""Kitchen"", ""Dishwasher"", ""Ethernet connection"", ""Wifi"", ""Hot water"", ""Private entrance"", ""Hair dryer"", ""Dryer"", ""TV"", ""Carbon monoxide alarm"", ""Bed linens"", ""Cooking basics"", ""Baking sheet"", ""Shampoo"", ""Iron"", ""Safe"", ""Dedicated workspace"", ""Microwave"", ""Coffee maker: Keurig coffee machine"", ""Clothing storage"", ""Dining table"", ""Heating"", ""Washer"", ""Extra pillows and blankets"", ""Long term stays allowed"", ""Oven"", ""Backyard"", ""Air conditioning"", ""Essentials"", ""Laundromat nearby"", ""Free parking on premises"", ""Dishes and silverware"", ""Hangers"", ""Refrigerator"", ""Self check-in"", ""Freezer"", ""Free street parking"", ""Lockbox"", ""Cleaning products"", ""Stove""]",40491172,"['Smoke alarm', 'Kitchen', 'Dishwasher', 'Ethernet connection', 'Wifi', 'Hot water', 'Private entrance', 'Hair dryer', 'Dryer', 'TV', 'Carbon monoxide alarm', 'Bed linens', 'Cooking basics', 'Baking sheet', 'Shampoo', 'Iron', 'Safe', 'Dedicated workspace', 'Microwave', 'Coffee maker: Keurig coffee machine', 'Clothing storage', 'Dining table', 'Heating', 'Washer', 'Extra pillows and blankets', 'Long term stays allowed', 'Oven', 'Backyard', 'Air conditioning', 'Essentials', 'Laundromat nearby', 'Free parking on premises', 'Dishes and silverware', 'Hangers', 'Refrigerator', 'Self check-in', 'Freezer', 'Free street parking', 'Lockbox', 'Cleaning products', 'Stove']",41,1,1,1,1,1,1,1,0,0,0,0,1,Entire place
FOURTH WARD,42.67773,-73.73899,12,Entire home/apt,Entire home,4,1.0,1.0,174,2.35,2,4.99,4.95,4.97,153,t,"[""Smoke alarm"", ""Kitchen"", ""Dishwasher"", ""Portable air conditioning"", ""Wifi"", ""Shower gel"", ""Hot water"", ""Private entrance"", ""Hair dryer"", ""Body soap"", ""Carbon monoxide alarm"", ""Bed linens"", ""Pack \u2019n play/Travel crib - available upon request"", ""Bathtub"", ""Cooking basics"", ""Baking sheet"", ""Shampoo"", ""Iron"", ""Wine glasses"", ""Free dryer \u2013 In building"", ""Dedicated workspace"", ""Microwave"", ""Coffee maker: Keurig coffee machine"", ""Dining table"", ""Heating"", ""Washer"", ""Smart lock"", ""Extra pillows and blankets"", ""Long term stays allowed"", ""Oven"", ""Portable fans"", ""Exterior security cameras on property"", ""Toaster"", ""Essentials"", ""Coffee"", ""Laundromat nearby"", ""Books and reading material"", ""Stainless steel electric stove"", ""First aid kit"", ""HDTV with Roku"", ""Conditioner"", ""Dishes and silverware"", ""Free parking on premises"", ""Hangers"", ""Refrigerator"", ""Self check-in"", ""Free street parking"", ""Crib - available upon request"", ""Fire extinguisher"", ""Cleaning products"", ""Board games""]",40828178,"['Smoke alarm', 'Kitchen', 'Dishwasher', 'Portable air conditioning', 'Wifi', 'Shower gel', 'Hot water', 'Private entrance', 'Hair dryer', 'Body soap', 'Carbon monoxide alarm', 'Bed linens', 'Pack ’n play/Travel crib - available upon request', 'Bathtub', 'Cooking basics', 'Baking sheet', 'Shampoo', 'Iron', 'Wine glasses', 'Free dryer – In building', 'Dedicated workspace', 'Microwave', 'Coffee maker: Keurig coffee machine', 'Dining table', 'Heating', 'Washer', 'Smart lock', 'Extra pillows and blankets', 'Long term stays allowed', 'Oven', 'Portable fans', 'Exterior security cameras on property', 'Toaster', 'Essentials', 'Coffee', 'Laundromat nearby', 'Books and reading material', 'Stainless steel electric stove', 'First aid kit', 'HDTV with Roku', 'Conditioner', 'Dishes and silverware', 'Free parking on premises', 'Hangers', 'Refrigerator', 'Self check-in', 'Free street parking', 'Crib - available upon request', 'Fire extinguisher', 'Cleaning products', 'Board games']",51,1,1,1,1,1,1,0,1,0,0,0,1,Entire place
SIXTH WARD,42.65315,-73.76202,14,Entire home/apt,Entire rental unit,4,2.0,1.0,25,0.34,1,4.76,4.68,4.8,365,f,"[""Smoke alarm"", ""Kitchen"", ""Clothing storage: closet and dresser"", ""Wifi"", ""Shower gel"", ""Hot water"", ""Coffee maker"", ""Private entrance"", ""Hair dryer"", ""Body soap"", ""TV"", ""Carbon monoxide alarm"", ""Bed linens"", ""Luggage dropoff allowed"", ""Bathtub"", ""Cooking basics"", ""Baking sheet"", ""Shampoo"", ""Iron"", ""Hot water kettle"", ""Wine glasses"", ""Paid parking off premises"", ""Dedicated workspace"", ""Microwave"", ""Dining table"", ""Heating"", ""Extra pillows and blankets"", ""Long term stays allowed"", ""Oven"", ""Patio or balcony"", ""Air conditioning"", ""Essentials"", ""Coffee"", ""Books and reading material"", ""First aid kit"", ""Arcade games"", ""Conditioner"", ""Free parking on premises"", ""Dishes and silverware"", ""Hangers"", ""Refrigerator"", ""Self check-in"", ""Freezer"", ""Free street parking"", ""Lockbox"", ""Fire extinguisher"", ""Cleaning products"", ""Board games"", ""Cleaning available during stay"", ""Stove""]",42009788,"['Smoke alarm', 'Kitchen', 'Clothing storage: closet and dresser', 'Wifi', 'Shower gel', 'Hot water', 'Coffee maker', 'Private entrance', 'Hair dryer', 'Body soap', 'TV', 'Carbon monoxide alarm', 'Bed linens', 'Luggage dropoff allowed', 'Bathtub', 'Cooking basics', 'Baking sheet', 'Shampoo', 'Iron', 'Hot water kettle', 'Wine glasses', 'Paid parking off premises', 'Dedicated workspace', 'Microwave', 'Dining table', 'Heating', 'Extra pillows and blankets', 'Long term stays allowed', 'Oven', 'Patio or balcony', 'Air conditioning', 'Essentials', 'Coffee', 'Books and reading material', 'First aid kit', 'Arcade games', 'Conditioner', 'Free parking on premises', 'Dishes and silverware', 'Hangers', 'Refrigerator', 'Self check-in', 'Freezer', 'Free street parking', 'Lockbox', 'Fire extinguisher', 'Cleaning products', 'Board games', 'Cleaning available during stay', 'Stove']",50,1,1,1,1,1,1,1,0,0,0,0,1,Entire place
NINTH WARD,42.65567,-73.7854,0,Entire home/apt,Entire rental unit,4,3.0,1.0,0,,0,,,,365,f,"[""Smoke alarm"", ""Kitchen"", ""Essentials"", ""Fire extinguisher"", ""Wifi"", ""Carbon monoxide alarm"", ""Private entrance"", ""Heating"", ""First aid kit"", ""Dryer"", ""TV"", ""Free parking on premises"", ""Washer"", ""Pets allowed"", ""Hangers""]",42567833,"['Smoke alarm', 'Kitchen', 'Essentials', 'Fire extinguisher', 'Wifi', 'Carbon monoxide alarm', 'Private entrance', 'Heating', 'First aid kit', 'Dryer', 'TV', 'Free parking on premises', 'Washer', 'Pets allowed', 'Hangers']",15,1,1,1,0,0,0,0,0,0,0,1,1,Entire place
FIRST WARD,42.63876,-73.78535,168,Entire home/apt,Entire home,6,3.0,1.5,135,1.91,28,4.78,4.76,4.59,223,f,"[""Smoke alarm"", ""Kitchen"", ""Dishwasher"", ""Private patio or balcony"", ""Gas stove"", ""Wifi"", ""Shower gel"", ""Hot water"", ""Coffee maker"", ""Private entrance"", ""Hair dryer"", ""Body soap"", ""Fire pit"", ""Outdoor dining area"", ""Carbon monoxide alarm"", ""Bed linens"", ""68 inch HDTV with Chromecast"", ""Bathtub"", ""Cooking basics"", ""Ceiling fan"", ""Shampoo"", ""Iron"", ""Room-darkening shades"", ""Baking sheet"", ""Free dryer \u2013 In building"", ""Dedicated workspace"", ""Microwave"", ""Heating"", ""Extra pillows and blankets"", ""Pets allowed"", ""Long term stays allowed"", ""Oven"", ""BBQ grill"", ""Exterior security cameras on property"", ""Essentials"", ""Outdoor furniture"", ""Garden view"", ""Sound system"", ""First aid kit"", ""Barbecue utensils"", ""Conditioner"", ""Window AC unit"", ""Dishes and silverware"", ""Hangers"", ""Refrigerator"", ""Self check-in"", ""Free washer \u2013 In building"", ""Free street parking"", ""Game console"", ""Fire extinguisher"", ""Private backyard \u2013 Fully fenced"", ""Keypad"", ""Cleaning available during stay"", ""Outdoor kitchen""]",42763847,"['Smoke alarm', 'Kitchen', 'Dishwasher', 'Private patio or balcony', 'Gas stove', 'Wifi', 'Shower gel', 'Hot water', 'Coffee maker', 'Private entrance', 'Hair dryer', 'Body soap', 'Fire pit', 'Outdoor dining area', 'Carbon monoxide alarm', 'Bed linens', '68 inch HDTV with Chromecast', 'Bathtub', 'Cooking basics', 'Ceiling fan', 'Shampoo', 'Iron', 'Room-darkening shades', 'Baking sheet', 'Free dryer – In building', 'Dedicated workspace', 'Microwave', 'Heating', 'Extra pillows and blankets', 'Pets allowed', 'Long term stays allowed', 'Oven', 'BBQ grill', 'Exterior security cameras on property', 'Essentials', 'Outdoor furniture', 'Garden view', 'Sound system', 'First aid kit', 'Barbecue utensils', 'Conditioner', 'Window AC unit', 'Dishes and silverware', 'Hangers', 'Refrigerator', 'Self check-in', 'Free washer – In building', 'Free street parking', 'Game console', 'Fire extinguisher', 'Private backyard – Fully fenced', 'Keypad', 'Cleaning available during stay', 'Outdoor kitchen']",54,1,1,1,1,1,1,1,0,0,1,1,1,Entire place
SECOND WARD,42.64453,-73.75426,138,Entire home/apt,Entire rental unit,4,2.0,1.0,127,1.93,23,4.83,4.83,4.51,111,t,"[""Smoke alarm"", ""Kitchen"", ""Dishwasher"", ""Portable air conditioning"", ""Wifi"", ""Shower gel"", ""Hot water"", ""Coffee maker"", ""Private entrance"", ""Hair dryer"", ""Body soap"", ""Outdoor dining area"", ""Carbon monoxide alarm"", ""Bed linens"", ""Bathtub"", ""Cooking basics"", ""Ceiling fan"", ""Shampoo"", ""Iron"", ""Hot water kettle"", ""Wine glasses"", ""Baking sheet"", ""Dedicated workspace"", ""Microwave"", ""Dining table"", ""Smart lock"", ""Paid street parking off premises"", ""Extra pillows and blankets"", ""Oven"", ""Radiant heating"", ""Noise decibel monitors on property"", ""Exterior security cameras on property"", ""Toaster"", ""Essentials"", ""Coffee"", ""Laundromat nearby"", ""Shared patio or balcony"", ""Outdoor furniture"", ""Clothing storage: closet"", ""First aid kit"", ""Conditioner"", ""Window AC unit"", ""Dishes and silverware"", ""Hangers"", ""Refrigerator"", ""Blender"", ""Self check-in"", ""Freezer"", ""Free street parking"", ""Free parking on premises \u2013 1 space"", ""Fire extinguisher"", ""Private backyard \u2013 Fully fenced"", ""Cleaning products"", ""42 inch HDTV with Roku"", ""Stove"", ""Waterfront""]",43208391,"['Smoke alarm', 'Kitchen', 'Dishwasher', 'Portable air conditioning', 'Wifi', 'Shower gel', 'Hot water', 'Coffee maker', 'Private entrance', 'Hair dryer', 'Body soap', 'Outdoor dining area', 'Carbon monoxide alarm', 'Bed linens', 'Bathtub', 'Cooking basics', 'Ceiling fan', 'Shampoo', 'Iron', 'Hot water kettle', 'Wine glasses', 'Baking sheet', 'Dedicated workspace', 'Microwave', 'Dining table', 'Smart lock', 'Paid street parking off premises', 'Extra pillows and blankets', 'Oven', 'Radiant heating', 'Noise decibel monitors on property', 'Exterior security cameras on property', 'Toaster', 'Essentials', 'Coffee', 'Laundromat nearby', 'Shared patio or balcony', 'Outdoor furniture', 'Clothing storage: closet', 'First aid kit', 'Conditioner', 'Window AC unit', 'Dishes and silverware', 'Hangers', 'Refrigerator', 'Blender', 'Self check-in', 'Freezer', 'Free street parking', 'Free parking on premises – 1 space', 'Fire extinguisher', 'Private backyard – Fully fenced', 'Cleaning products', '42 inch HDTV with Roku', 'Stove', 'Waterfront']",56,1,1,1,1,1,1,1,0,0,1,0,1,Entire place
SIXTH WARD,42.65556,-73.76205,42,Entire home/apt,Entire rental unit,3,1.0,1.0,24,0.39,7,4.96,4.88,4.79,364,t,"[""Smoke alarm"", ""Kitchen"", ""Dishwasher"", ""Wifi"", ""Hot water"", ""Coffee maker"", ""Private entrance"", ""Hair dryer"", ""Dryer"", ""TV"", ""Carbon monoxide alarm"", ""Bed linens"", ""Cooking basics"", ""Ceiling fan"", ""Shampoo"", ""Iron"", ""Central air conditioning"", ""Dedicated workspace"", ""Microwave"", ""Heating"", ""Long term stays allowed"", ""Pets allowed"", ""Oven"", ""Exterior security cameras on property"", ""Essentials"", ""Conditioner"", ""Free parking on premises"", ""Dishes and silverware"", ""Hangers"", ""Refrigerator"", ""Self check-in"", ""Free washer \u2013 In building"", ""Lockbox"", ""Fire extinguisher"", ""Stove""]",43459803,"['Smoke alarm', 'Kitchen', 'Dishwasher', 'Wifi', 'Hot water', 'Coffee maker', 'Private entrance', 'Hair dryer', 'Dryer', 'TV', 'Carbon monoxide alarm', 'Bed linens', 'Cooking basics', 'Ceiling fan', 'Shampoo', 'Iron', 'Central air conditioning', 'Dedicated workspace', 'Microwave', 'Heating', 'Long term stays allowed', 'Pets allowed', 'Oven', 'Exterior security cameras on property', 'Essentials', 'Conditioner', 'Free parking on premises', 'Dishes and silverware', 'Hangers', 'Refrigerator', 'Self check-in', 'Free washer – In building', 'Lockbox', 'Fire extinguisher', 'Stove']",35,1,1,1,1,1,1,0,0,0,0,1,1,Entire place
TENTH WARD,42.66257,-73.78281,0,Entire home/apt,Entire home,6,3.0,1.0,131,1.92,0,4.85,4.73,4.6,137,t,"[""Smoke alarm"", ""Kitchen"", ""Indoor fireplace: electric"", ""Private patio or balcony"", ""Portable air conditioning"", ""Wifi"", ""Shower gel"", ""Hot water"", ""Coffee maker"", ""Private entrance"", ""Hair dryer"", ""Body soap"", ""Shared backyard \u2013 Not fully fenced"", ""Carbon monoxide alarm"", ""Bed linens"", ""Cooking basics"", ""Baking sheet"", ""Shampoo"", ""Iron"", ""Wine glasses"", ""Free dryer \u2013 In building"", ""Dedicated workspace"", ""Microwave"", ""Dining table"", ""Heating"", ""Extra pillows and blankets"", ""Long term stays allowed"", ""GE stainless steel oven"", ""Portable fans"", ""Noise decibel monitors on property"", ""Exterior security cameras on property"", ""Toaster"", ""Essentials"", ""Coffee"", ""Laundromat nearby"", ""Outdoor furniture"", ""Clothing storage: closet"", ""First aid kit"", ""Conditioner"", ""Window AC unit"", ""Dishes and silverware"", ""Hangers"", ""Refrigerator"", ""Self check-in"", ""Free washer \u2013 In building"", ""Freezer"", ""Free street parking"", ""Fire extinguisher"", ""50 inch HDTV with Roku"", ""Cleaning products"", ""Keypad"", ""GE gas stove""]",43736299,"['Smoke alarm', 'Kitchen', 'Indoor fireplace: electric', 'Private patio or balcony', 'Portable air conditioning', 'Wifi', 'Shower gel', 'Hot water', 'Coffee maker', 'Private entrance', 'Hair dryer', 'Body soap', 'Shared backyard – Not fully fenced', 'Carbon monoxide alarm', 'Bed linens', 'Cooking basics', 'Baking sheet', 'Shampoo', 'Iron', 'Wine glasses', 'Free dryer – In building', 'Dedicated workspace', 'Microwave', 'Dining table', 'Heating', 'Extra pillows and blankets', 'Long term stays allowed', 'GE stainless steel oven', 'Portable fans', 'Noise decibel monitors on property', 'Exterior security cameras on property', 'Toaster', 'Essentials', 'Coffee', 'Laundromat nearby', 'Outdoor furniture', 'Clothing storage: closet', 'First aid kit', 'Conditioner', 'Window AC unit', 'Dishes and silverware', 'Hangers', 'Refrigerator', 'Self check-in', 'Free washer – In building', 'Freezer', 'Free street parking', 'Fire extinguisher', '50 inch HDTV with Roku', 'Cleaning products', 'Keypad', 'GE gas stove']",52,1,1,1,1,1,1,1,0,0,0,0,1,Entire place
SIXTH WARD,42.65935,-73.76805,156,Entire home/apt,Entire rental unit,4,0.0,1.0,390,5.74,26,4.97,4.96,4.95,307,t,"[""Smoke alarm"", ""Kitchen"", ""Wifi"", ""Hot water"", ""Coffee maker"", ""Private entrance"", ""Hair dryer"", ""TV"", ""Carbon monoxide alarm"", ""Bed linens"", ""Park view"", ""Cooking basics"", ""Shampoo"", ""Iron"", ""Microwave"", ""Heating"", ""Smart lock"", ""Extra pillows and blankets"", ""Long term stays allowed"", ""Oven"", ""Exterior security cameras on property"", ""Air conditioning"", ""Essentials"", ""Pack \u2019n play/Travel crib"", ""First aid kit"", ""Free parking on premises"", ""Dishes and silverware"", ""Crib"", ""Hangers"", ""Refrigerator"", ""Self check-in"", ""Free street parking"", ""Fire extinguisher"", ""Stove""]",44180048,"['Smoke alarm', 'Kitchen', 'Wifi', 'Hot water', 'Coffee maker', 'Private entrance', 'Hair dryer', 'TV', 'Carbon monoxide alarm', 'Bed linens', 'Park view', 'Cooking basics', 'Shampoo', 'Iron', 'Microwave', 'Heating', 'Smart lock', 'Extra pillows and blankets', 'Long term stays allowed', 'Oven', 'Exterior security cameras on property', 'Air conditioning', 'Essentials', 'Pack ’n play/Travel crib', 'First aid kit', 'Free parking on premises', 'Dishes and silverware', 'Crib', 'Hangers', 'Refrigerator', 'Self check-in', 'Free street parking', 'Fire extinguisher', 'Stove']",34,1,1,1,1,0,1,0,1,0,1,0,1,Entire place
SIXTH WARD,42.66006,-73.76966,102,Entire home/apt,Entire rental unit,4,1.0,1.0,314,4.65,17,4.99,4.97,4.98,332,t,"[""Smoke alarm"", ""Kitchen"", ""Wifi"", ""Shower gel"", ""Hot water"", ""Coffee maker"", ""Private entrance"", ""Hair dryer"", ""Body soap"", ""Carbon monoxide alarm"", ""Bed linens"", ""Cooking basics"", ""Ceiling fan"", ""Shampoo"", ""Iron"", ""Room-darkening shades"", ""Wine glasses"", ""Baking sheet"", ""Microwave"", ""Dining table"", ""Heating"", ""Smart lock"", ""Extra pillows and blankets"", ""Long term stays allowed"", ""Oven"", ""Exterior security cameras on property"", ""Toaster"", ""Essentials"", ""Coffee"", ""Laundromat nearby"", ""Pack \u2019n play/Travel crib"", ""Clothing storage: closet"", ""First aid kit"", ""TV with Roku"", ""Conditioner"", ""Free parking on premises"", ""Window AC unit"", ""Dishes and silverware"", ""Hangers"", ""Refrigerator"", ""Self check-in"", ""Freezer"", ""Free street parking"", ""Fire extinguisher"", ""Cleaning products"", ""Board games"", ""Stove""]",44265426,"['Smoke alarm', 'Kitchen', 'Wifi', 'Shower gel', 'Hot water', 'Coffee maker', 'Private entrance', 'Hair dryer', 'Body soap', 'Carbon monoxide alarm', 'Bed linens', 'Cooking basics', 'Ceiling fan', 'Shampoo', 'Iron', 'Room-darkening shades', 'Wine glasses', 'Baking sheet', 'Microwave', 'Dining table', 'Heating', 'Smart lock', 'Extra pillows and blankets', 'Long term stays allowed', 'Oven', 'Exterior security cameras on property', 'Toaster', 'Essentials', 'Coffee', 'Laundromat nearby', 'Pack ’n play/Travel crib', 'Clothing storage: closet', 'First aid kit', 'TV with Roku', 'Conditioner', 'Free parking on premises', 'Window AC unit', 'Dishes and silverware', 'Hangers', 'Refrigerator', 'Self check-in', 'Freezer', 'Free street parking', 'Fire extinguisher', 'Cleaning products', 'Board games', 'Stove']",47,1,1,1,1,0,1,0,1,0,0,0,1,Entire place
EIGHTH WARD,42.64808,-73.7996,26,Entire home/apt,Entire rental unit,4,2.0,1.0,27,0.4,1,4.85,4.78,4.96,306,f,"[""Smoke alarm"", ""Kitchen"", ""Wifi"", ""Hot water"", ""Private entrance"", ""Hair dryer"", ""Dryer"", ""TV"", ""Carbon monoxide alarm"", ""Bathtub"", ""Cooking basics"", ""Shampoo"", ""Iron"", ""Heating"", ""Washer"", ""Long term stays allowed"", ""Backyard"", ""Air conditioning"", ""Essentials"", ""Free parking on premises"", ""Hangers"", ""Self check-in"", ""Lockbox"", ""Fire extinguisher""]",44450012,"['Smoke alarm', 'Kitchen', 'Wifi', 'Hot water', 'Private entrance', 'Hair dryer', 'Dryer', 'TV', 'Carbon monoxide alarm', 'Bathtub', 'Cooking basics', 'Shampoo', 'Iron', 'Heating', 'Washer', 'Long term stays allowed', 'Backyard', 'Air conditioning', 'Essentials', 'Free parking on premises', 'Hangers', 'Self check-in', 'Lockbox', 'Fire extinguisher']",24,1,1,1,1,0,1,1,0,0,0,0,1,Entire place
FOURTEENTH WARD,42.66132,-73.7956,0,Entire home/apt,Entire rental unit,3,1.0,1.0,129,1.94,0,4.95,4.9,4.95,355,f,"[""Smoke alarm"", ""Kitchen"", ""Wifi"", ""Coffee maker"", ""Private entrance"", ""Hair dryer"", ""TV"", ""Carbon monoxide alarm"", ""Cooking basics"", ""Shampoo"", ""Iron"", ""Heating"", ""Smart lock"", ""Backyard"", ""Exterior security cameras on property"", ""Air conditioning"", ""Patio or balcony"", ""Essentials"", ""Outdoor furniture"", ""First aid kit"", ""Free parking on premises"", ""Dishes and silverware"", ""Hangers"", ""Self check-in"", ""Free street parking"", ""Fire extinguisher""]",45024912,"['Smoke alarm', 'Kitchen', 'Wifi', 'Coffee maker', 'Private entrance', 'Hair dryer', 'TV', 'Carbon monoxide alarm', 'Cooking basics', 'Shampoo', 'Iron', 'Heating', 'Smart lock', 'Backyard', 'Exterior security cameras on property', 'Air conditioning', 'Patio or balcony', 'Essentials', 'Outdoor furniture', 'First aid kit', 'Free parking on premises', 'Dishes and silverware', 'Hangers', 'Self check-in', 'Free street parking', 'Fire extinguisher']",26,1,1,1,1,0,1,1,0,0,0,0,1,Entire place
SECOND WARD,42.64454,-73.75369,108,Entire home/apt,Entire loft,4,0.0,1.0,51,0.95,18,4.69,4.61,4.39,108,t,"[""Smoke alarm"", ""Kitchen"", ""Wifi"", ""Shower gel"", ""Hot water"", ""Private entrance"", ""Hair dryer"", ""Body soap"", ""TV"", ""Bed linens"", ""Cooking basics"", ""Shampoo"", ""Iron"", ""Wine glasses"", ""Dedicated workspace"", ""Microwave"", ""Dining table"", ""Heating"", ""Smart lock"", ""Paid street parking off premises"", ""Electric stove"", ""Noise decibel monitors on property"", ""Air conditioning"", ""Exterior security cameras on property"", ""Essentials"", ""Toaster"", ""Books and reading material"", ""First aid kit"", ""Conditioner"", ""Free parking on premises"", ""Dishes and silverware"", ""Self check-in"", ""Refrigerator"", ""Freezer"", ""Coffee maker: drip coffee maker"", ""Free street parking"", ""Fire extinguisher"", ""Cleaning products""]",45074220,"['Smoke alarm', 'Kitchen', 'Wifi', 'Shower gel', 'Hot water', 'Private entrance', 'Hair dryer', 'Body soap', 'TV', 'Bed linens', 'Cooking basics', 'Shampoo', 'Iron', 'Wine glasses', 'Dedicated workspace', 'Microwave', 'Dining table', 'Heating', 'Smart lock', 'Paid street parking off premises', 'Electric stove', 'Noise decibel monitors on property', 'Air conditioning', 'Exterior security cameras on property', 'Essentials', 'Toaster', 'Books and reading material', 'First aid kit', 'Conditioner', 'Free parking on premises', 'Dishes and silverware', 'Self check-in', 'Refrigerator', 'Freezer', 'Coffee maker: drip coffee maker', 'Free street parking', 'Fire extinguisher', 'Cleaning products']",38,1,1,1,1,1,1,0,0,0,0,0,1,Entire place
SECOND WARD,42.64801,-73.75668,12,Entire home/apt,Entire rental unit,3,1.0,1.0,100,1.63,2,4.61,4.55,4.49,305,f,"[""Smoke alarm"", ""Kitchen"", ""Dishwasher"", ""Wifi"", ""Hot water"", ""Private entrance"", ""Hair dryer"", ""TV"", ""Carbon monoxide alarm"", ""Bed linens"", ""Luggage dropoff allowed"", ""Cooking basics"", ""Shampoo"", ""Iron"", ""Room-darkening shades"", ""Wine glasses"", ""Dedicated workspace"", ""Microwave"", ""Coffee maker: Keurig coffee machine"", ""Clothing storage"", ""Dining table"", ""Heating"", ""Extra pillows and blankets"", ""Pets allowed"", ""Long term stays allowed"", ""Oven"", ""Exterior security cameras on property"", ""Air conditioning"", ""Essentials"", ""Coffee"", ""Laundromat nearby"", ""First aid kit"", ""Conditioner"", ""Dishes and silverware"", ""Hangers"", ""Refrigerator"", ""Self check-in"", ""Freezer"", ""Free street parking"", ""Fire extinguisher"", ""Paid parking lot off premises"", ""Cleaning products"", ""Keypad"", ""Stove""]",45528939,"['Smoke alarm', 'Kitchen', 'Dishwasher', 'Wifi', 'Hot water', 'Private entrance', 'Hair dryer', 'TV', 'Carbon monoxide alarm', 'Bed linens', 'Luggage dropoff allowed', 'Cooking basics', 'Shampoo', 'Iron', 'Room-darkening shades', 'Wine glasses', 'Dedicated workspace', 'Microwave', 'Coffee maker: Keurig coffee machine', 'Clothing storage', 'Dining table', 'Heating', 'Extra pillows and blankets', 'Pets allowed', 'Long term stays allowed', 'Oven', 'Exterior security cameras on property', 'Air conditioning', 'Essentials', 'Coffee', 'Laundromat nearby', 'First aid kit', 'Conditioner', 'Dishes and silverware', 'Hangers', 'Refrigerator', 'Self check-in', 'Freezer', 'Free street parking', 'Fire extinguisher', 'Paid parking lot off premises', 'Cleaning products', 'Keypad', 'Stove']",44,1,1,1,1,1,1,0,0,0,0,1,1,Entire place
SECOND WARD,42.64821,-73.75793,96,Entire home/apt,Entire rental unit,3,1.0,1.0,131,2.13,16,4.79,4.72,4.48,344,f,"[""Smoke alarm"", ""Kitchen"", ""Dishwasher"", ""Wifi"", ""Hot water"", ""Private entrance"", ""Hair dryer"", ""Body soap"", ""TV"", ""Carbon monoxide alarm"", ""Luggage dropoff allowed"", ""Cooking basics"", ""Shampoo"", ""Iron"", ""Wine glasses"", ""Microwave"", ""Coffee maker: Keurig coffee machine"", ""Dining table"", ""Heating"", ""Long term stays allowed"", ""Pets allowed"", ""Electric stove"", ""Exterior security cameras on property"", ""Air conditioning"", ""Toaster"", ""Essentials"", ""Coffee"", ""Laundromat nearby"", ""Clothing storage: closet"", ""First aid kit"", ""Conditioner"", ""Dishes and silverware"", ""Hangers"", ""Refrigerator"", ""Self check-in"", ""Freezer"", ""Free street parking"", ""Lockbox"", ""Fire extinguisher"", ""Paid parking lot off premises"", ""Cleaning products""]",45529316,"['Smoke alarm', 'Kitchen', 'Dishwasher', 'Wifi', 'Hot water', 'Private entrance', 'Hair dryer', 'Body soap', 'TV', 'Carbon monoxide alarm', 'Luggage dropoff allowed', 'Cooking basics', 'Shampoo', 'Iron', 'Wine glasses', 'Microwave', 'Coffee maker: Keurig coffee machine', 'Dining table', 'Heating', 'Long term stays allowed', 'Pets allowed', 'Electric stove', 'Exterior security cameras on property', 'Air conditioning', 'Toaster', 'Essentials', 'Coffee', 'Laundromat nearby', 'Clothing storage: closet', 'First aid kit', 'Conditioner', 'Dishes and silverware', 'Hangers', 'Refrigerator', 'Self check-in', 'Freezer', 'Free street parking', 'Lockbox', 'Fire extinguisher', 'Paid parking lot off premises', 'Cleaning products']",41,1,1,1,1,0,1,0,0,0,0,1,1,Entire place
SECOND WARD,42.64713,-73.75628,48,Entire home/apt,Entire rental unit,4,2.0,1.0,151,2.46,8,4.64,4.56,4.46,301,f,"[""Smoke alarm"", ""Kitchen"", ""Dishwasher"", ""Wifi"", ""Shower gel"", ""Hot water"", ""Private entrance"", ""Hair dryer"", ""Body soap"", ""TV"", ""Carbon monoxide alarm"", ""Bed linens"", ""Luggage dropoff allowed"", ""Cooking basics"", ""Shampoo"", ""Iron"", ""Room-darkening shades"", ""Wine glasses"", ""Microwave"", ""Coffee maker: Keurig coffee machine"", ""Clothing storage"", ""Dining table"", ""Heating"", ""Extra pillows and blankets"", ""Pets allowed"", ""Long term stays allowed"", ""Oven"", ""Exterior security cameras on property"", ""Air conditioning"", ""Essentials"", ""Coffee"", ""Laundromat nearby"", ""Conditioner"", ""Dishes and silverware"", ""Hangers"", ""Refrigerator"", ""Self check-in"", ""Freezer"", ""Free street parking"", ""Lockbox"", ""Fire extinguisher"", ""Paid parking lot off premises"", ""Cleaning products"", ""Stove""]",45529447,"['Smoke alarm', 'Kitchen', 'Dishwasher', 'Wifi', 'Shower gel', 'Hot water', 'Private entrance', 'Hair dryer', 'Body soap', 'TV', 'Carbon monoxide alarm', 'Bed linens', 'Luggage dropoff allowed', 'Cooking basics', 'Shampoo', 'Iron', 'Room-darkening shades', 'Wine glasses', 'Microwave', 'Coffee maker: Keurig coffee machine', 'Clothing storage', 'Dining table', 'Heating', 'Extra pillows and blankets', 'Pets allowed', 'Long term stays allowed', 'Oven', 'Exterior security cameras on property', 'Air conditioning', 'Essentials', 'Coffee', 'Laundromat nearby', 'Conditioner', 'Dishes and silverware', 'Hangers', 'Refrigerator', 'Self check-in', 'Freezer', 'Free street parking', 'Lockbox', 'Fire extinguisher', 'Paid parking lot off premises', 'Cleaning products', 'Stove']",44,1,1,1,1,0,1,0,0,0,0,1,1,Entire place
NINTH WARD,42.65311,-73.78525,162,Entire home/apt,Entire home,4,2.0,1.0,275,4.5,27,4.99,4.93,4.9,247,t,"[""Smoke alarm"", ""Kitchen"", ""Dishwasher"", ""Wifi"", ""Shower gel"", ""Hot water"", ""Private entrance"", ""Hair dryer"", ""Body soap"", ""Dryer"", ""Carbon monoxide alarm"", ""Bathtub"", ""Ceiling fan"", ""Shampoo"", ""Iron"", ""Hot water kettle"", ""Wine glasses"", ""Microwave"", ""Clothing storage"", ""Dining table"", ""Heating"", ""Washer"", ""Smart lock"", ""Long term stays allowed"", ""Oven"", ""Backyard"", ""Patio or balcony"", ""Air conditioning"", ""Essentials"", ""HDTV with HBO Max"", ""First aid kit"", ""Conditioner"", ""Free parking on premises"", ""Dishes and silverware"", ""Hangers"", ""Refrigerator"", ""Self check-in"", ""Free street parking"", ""Fire extinguisher"", ""Coffee maker: pour-over coffee"", ""Stove""]",46894493,"['Smoke alarm', 'Kitchen', 'Dishwasher', 'Wifi', 'Shower gel', 'Hot water', 'Private entrance', 'Hair dryer', 'Body soap', 'Dryer', 'Carbon monoxide alarm', 'Bathtub', 'Ceiling fan', 'Shampoo', 'Iron', 'Hot water kettle', 'Wine glasses', 'Microwave', 'Clothing storage', 'Dining table', 'Heating', 'Washer', 'Smart lock', 'Long term stays allowed', 'Oven', 'Backyard', 'Patio or balcony', 'Air conditioning', 'Essentials', 'HDTV with HBO Max', 'First aid kit', 'Conditioner', 'Free parking on premises', 'Dishes and silverware', 'Hangers', 'Refrigerator', 'Self check-in', 'Free street parking', 'Fire extinguisher', 'Coffee maker: pour-over coffee', 'Stove']",41,1,1,1,1,0,1,1,0,0,0,0,1,Entire place
THIRTEENTH WARD,42.66646,-73.79184,162,Entire home/apt,Entire rental unit,5,2.0,1.0,115,1.87,27,4.88,4.83,4.72,247,t,"[""Smoke alarm"", ""Kitchen"", ""Wifi"", ""Hot water"", ""Coffee maker"", ""Private entrance"", ""Hair dryer"", ""TV"", ""Carbon monoxide alarm"", ""Bed linens"", ""Cooking basics"", ""Shampoo"", ""Iron"", ""Room-darkening shades"", ""Dedicated workspace"", ""Microwave"", ""Heating"", ""Air conditioning"", ""Essentials"", ""Shared patio or balcony"", ""Free parking on premises"", ""Hangers"", ""Self check-in"", ""Lockbox""]",47334913,"['Smoke alarm', 'Kitchen', 'Wifi', 'Hot water', 'Coffee maker', 'Private entrance', 'Hair dryer', 'TV', 'Carbon monoxide alarm', 'Bed linens', 'Cooking basics', 'Shampoo', 'Iron', 'Room-darkening shades', 'Dedicated workspace', 'Microwave', 'Heating', 'Air conditioning', 'Essentials', 'Shared patio or balcony', 'Free parking on premises', 'Hangers', 'Self check-in', 'Lockbox']",24,1,1,1,1,1,1,1,0,0,0,0,1,Entire place
SIXTH WARD,42.65345,-73.76663,198,Entire home/apt,Entire rental unit,2,1.0,1.0,92,1.5,33,4.64,4.66,4.61,334,t,"[""Smoke alarm"", ""Kitchen"", ""Dishwasher"", ""Private patio or balcony"", ""Wifi"", ""Shower gel"", ""Hot water"", ""Coffee maker"", ""Private entrance"", ""Hair dryer"", ""Body soap"", ""Dryer"", ""TV"", ""Carbon monoxide alarm"", ""Bed linens"", ""Cooking basics"", ""Baking sheet"", ""Shampoo"", ""Iron"", ""Central air conditioning"", ""Hot water kettle"", ""Wine glasses"", ""Dedicated workspace"", ""Microwave"", ""Dining table"", ""Heating"", ""Washer"", ""Smart lock"", ""Pets allowed"", ""Oven"", ""AC - split type ductless system"", ""Noise decibel monitors on property"", ""Exterior security cameras on property"", ""Essentials"", ""Coffee"", ""First aid kit"", ""Conditioner"", ""Free parking on premises"", ""Dishes and silverware"", ""Hangers"", ""Refrigerator"", ""Self check-in"", ""Freezer"", ""Free street parking"", ""Cleaning products"", ""Stove""]",47345872,"['Smoke alarm', 'Kitchen', 'Dishwasher', 'Private patio or balcony', 'Wifi', 'Shower gel', 'Hot water', 'Coffee maker', 'Private entrance', 'Hair dryer', 'Body soap', 'Dryer', 'TV', 'Carbon monoxide alarm', 'Bed linens', 'Cooking basics', 'Baking sheet', 'Shampoo', 'Iron', 'Central air conditioning', 'Hot water kettle', 'Wine glasses', 'Dedicated workspace', 'Microwave', 'Dining table', 'Heating', 'Washer', 'Smart lock', 'Pets allowed', 'Oven', 'AC - split type ductless system', 'Noise decibel monitors on property', 'Exterior security cameras on property', 'Essentials', 'Coffee', 'First aid kit', 'Conditioner', 'Free parking on premises', 'Dishes and silverware', 'Hangers', 'Refrigerator', 'Self check-in', 'Freezer', 'Free street parking', 'Cleaning products', 'Stove']",46,1,1,1,1,1,1,1,0,0,0,1,1,Entire place
FOURTEENTH WARD,42.67156,-73.80883,96,Entire home/apt,Entire rental unit,3,1.0,1.0,80,1.32,16,4.91,4.95,4.86,353,t,"[""Smoke alarm"", ""Kitchen"", ""Dishwasher"", ""Wifi"", ""Hot water"", ""Private entrance"", ""Hair dryer"", ""Dryer"", ""TV"", ""Carbon monoxide alarm"", ""Cooking basics"", ""Baking sheet"", ""Shampoo"", ""Iron"", ""Dedicated workspace"", ""Coffee maker: Keurig coffee machine"", ""Dining table"", ""Heating"", ""Washer"", ""Air conditioning"", ""Essentials"", ""Free parking on premises"", ""Hangers"", ""Refrigerator"", ""Self check-in"", ""Freezer"", ""Free street parking"", ""Lockbox"", ""Stove""]",47408047,"['Smoke alarm', 'Kitchen', 'Dishwasher', 'Wifi', 'Hot water', 'Private entrance', 'Hair dryer', 'Dryer', 'TV', 'Carbon monoxide alarm', 'Cooking basics', 'Baking sheet', 'Shampoo', 'Iron', 'Dedicated workspace', 'Coffee maker: Keurig coffee machine', 'Dining table', 'Heating', 'Washer', 'Air conditioning', 'Essentials', 'Free parking on premises', 'Hangers', 'Refrigerator', 'Self check-in', 'Freezer', 'Free street parking', 'Lockbox', 'Stove']",29,1,1,1,1,1,1,0,0,0,0,0,1,Entire place
THIRTEENTH WARD,42.6692,-73.79849,255,Private room,Private room in home,3,1.0,1.0,211,3.41,53,4.96,4.98,4.97,12,t,"[""Smoke alarm"", ""Kitchen"", ""Dishwasher"", ""Gas stove"", ""Wifi"", ""Shower gel"", ""Hot water"", ""Coffee maker"", ""Hair dryer"", ""Body soap"", ""Fire pit"", ""Outdoor dining area"", ""Mini fridge"", ""Carbon monoxide alarm"", ""Bed linens"", ""Pack \u2019n play/Travel crib - available upon request"", ""Pool table"", ""Luggage dropoff allowed"", ""Bathtub"", ""Cooking basics"", ""Ceiling fan"", ""Shampoo"", ""Iron"", ""Outdoor shower"", ""Central air conditioning"", ""Free dryer \u2013 In building"", ""Dedicated workspace"", ""Microwave"", ""Wine glasses"", ""Baking sheet"", ""Dining table"", ""Heating"", ""Hammock"", ""Extra pillows and blankets"", ""Long term stays allowed"", ""Oven"", ""Portable fans"", ""BBQ grill: gas"", ""Noise decibel monitors on property"", ""Exterior security cameras on property"", ""65 inch HDTV with Hulu, Disney+, HBO Max, Amazon Prime Video, Netflix"", ""Essentials"", ""Lock on bedroom door"", ""Toaster"", ""Coffee"", ""Laundromat nearby"", ""Shared patio or balcony"", ""Outdoor furniture"", ""Books and reading material"", ""Shared hot tub"", ""Barbecue utensils"", ""Boston Acoustics Bluetooth sound system"", ""Free parking on premises"", ""Dishes and silverware"", ""Crib"", ""Hangers"", ""Refrigerator"", ""Blender"", ""Free washer \u2013 In building"", ""Self check-in"", ""Freezer"", ""Free street parking"", ""Fire extinguisher"", ""Private backyard \u2013 Fully fenced"", ""Cleaning products"", ""Keypad"", ""Board games"", ""Shared pool - available seasonally, open 24 hours"", ""Indoor fireplace: gas"", ""Pool view"", ""Private living room""]",47440071,"['Smoke alarm', 'Kitchen', 'Dishwasher', 'Gas stove', 'Wifi', 'Shower gel', 'Hot water', 'Coffee maker', 'Hair dryer', 'Body soap', 'Fire pit', 'Outdoor dining area', 'Mini fridge', 'Carbon monoxide alarm', 'Bed linens', 'Pack ’n play/Travel crib - available upon request', 'Pool table', 'Luggage dropoff allowed', 'Bathtub', 'Cooking basics', 'Ceiling fan', 'Shampoo', 'Iron', 'Outdoor shower', 'Central air conditioning', 'Free dryer – In building', 'Dedicated workspace', 'Microwave', 'Wine glasses', 'Baking sheet', 'Dining table', 'Heating', 'Hammock', 'Extra pillows and blankets', 'Long term stays allowed', 'Oven', 'Portable fans', 'BBQ grill: gas', 'Noise decibel monitors on property', 'Exterior security cameras on property', '65 inch HDTV with Hulu, Disney+, HBO Max, Amazon Prime Video, Netflix', 'Essentials', 'Lock on bedroom door', 'Toaster', 'Coffee', 'Laundromat nearby', 'Shared patio or balcony', 'Outdoor furniture', 'Books and reading material', 'Shared hot tub', 'Barbecue utensils', 'Boston Acoustics Bluetooth sound system', 'Free parking on premises', 'Dishes and silverware', 'Crib', 'Hangers', 'Refrigerator', 'Blender', 'Free washer – In building', 'Self check-in', 'Freezer', 'Free street parking', 'Fire extinguisher', 'Private backyard – Fully fenced', 'Cleaning products', 'Keypad', 'Board games', 'Shared pool - available seasonally, open 24 hours', 'Indoor fireplace: gas', 'Pool view', 'Private living room']",71,1,1,1,1,1,1,1,1,1,1,0,1,Private room
THIRD WARD,42.656,-73.76123,42,Entire home/apt,Entire rental unit,3,2.0,1.0,27,0.44,7,4.56,4.33,4.3,353,t,"[""Smoke alarm"", ""Kitchen"", ""Wifi"", ""Hot water"", ""Hair dryer"", ""Dryer"", ""TV"", ""Carbon monoxide alarm"", ""Cooking basics"", ""Shampoo"", ""Iron"", ""Heating"", ""Washer"", ""Pets allowed"", ""Exterior security cameras on property"", ""Air conditioning"", ""Essentials"", ""Free parking on premises"", ""Dishes and silverware"", ""Hangers"", ""Refrigerator"", ""Self check-in"", ""Free street parking"", ""Lockbox""]",47828453,"['Smoke alarm', 'Kitchen', 'Wifi', 'Hot water', 'Hair dryer', 'Dryer', 'TV', 'Carbon monoxide alarm', 'Cooking basics', 'Shampoo', 'Iron', 'Heating', 'Washer', 'Pets allowed', 'Exterior security cameras on property', 'Air conditioning', 'Essentials', 'Free parking on premises', 'Dishes and silverware', 'Hangers', 'Refrigerator', 'Self check-in', 'Free street parking', 'Lockbox']",24,1,1,1,1,0,1,0,0,0,0,1,1,Entire place
THIRD WARD,42.65118,-73.75274,132,Entire home/apt,Entire rental unit,4,1.0,1.0,181,2.97,22,4.85,4.82,4.91,238,t,"[""Smoke alarm"", ""Kitchen"", ""Ethernet connection"", ""Wifi"", ""Shower gel"", ""Hot water"", ""Hair dryer"", ""Body soap"", ""TV"", ""City skyline view"", ""Carbon monoxide alarm"", ""Bed linens"", ""River view"", ""Bathtub"", ""Cooking basics"", ""Elevator"", ""Shampoo"", ""Room-darkening shades"", ""Free dryer \u2013 In building"", ""Dedicated workspace"", ""Microwave"", ""Coffee maker: Keurig coffee machine"", ""Bluetooth Speaker Bluetooth sound system"", ""Extra pillows and blankets"", ""Pets allowed"", ""Long term stays allowed"", ""Electric stove"", ""Children\u2019s books and toys for ages 0-2 years old and 2-5 years old"", ""Oven"", ""Exterior security cameras on property"", ""Air conditioning"", ""Toaster"", ""Essentials"", ""Laundromat nearby"", ""Central heating"", ""Barbecue utensils"", ""Conditioner"", ""Dishes and silverware"", ""Hangers"", ""Refrigerator"", ""Self check-in"", ""Free washer \u2013 In building"", ""Freezer"", ""Free street parking"", ""Crib - available upon request"", ""Fire extinguisher"", ""Cleaning products"", ""Keypad"", ""Breakfast"", ""Board games""]",47943571,"['Smoke alarm', 'Kitchen', 'Ethernet connection', 'Wifi', 'Shower gel', 'Hot water', 'Hair dryer', 'Body soap', 'TV', 'City skyline view', 'Carbon monoxide alarm', 'Bed linens', 'River view', 'Bathtub', 'Cooking basics', 'Elevator', 'Shampoo', 'Room-darkening shades', 'Free dryer – In building', 'Dedicated workspace', 'Microwave', 'Coffee maker: Keurig coffee machine', 'Bluetooth Speaker Bluetooth sound system', 'Extra pillows and blankets', 'Pets allowed', 'Long term stays allowed', 'Electric stove', 'Children’s books and toys for ages 0-2 years old and 2-5 years old', 'Oven', 'Exterior security cameras on property', 'Air conditioning', 'Toaster', 'Essentials', 'Laundromat nearby', 'Central heating', 'Barbecue utensils', 'Conditioner', 'Dishes and silverware', 'Hangers', 'Refrigerator', 'Self check-in', 'Free washer – In building', 'Freezer', 'Free street parking', 'Crib - available upon request', 'Fire extinguisher', 'Cleaning products', 'Keypad', 'Breakfast', 'Board games']",50,1,1,1,1,1,1,0,1,0,1,1,1,Entire place
TENTH WARD,42.66261,-73.78332,84,Entire home/apt,Entire home,6,3.0,1.0,173,2.84,14,4.79,4.64,4.48,78,t,"[""Smoke alarm"", ""Kitchen"", ""Indoor fireplace: electric"", ""Dishwasher"", ""Private patio or balcony"", ""Ethernet connection"", ""Portable air conditioning"", ""Shower gel"", ""Hot water"", ""Coffee maker"", ""Private entrance"", ""Hair dryer"", ""Body soap"", ""Fast wifi \u2013 226 Mbps"", ""Shared backyard \u2013 Not fully fenced"", ""Carbon monoxide alarm"", ""Bed linens"", ""Luggage dropoff allowed"", ""Bathtub"", ""Cooking basics"", ""Baking sheet"", ""Shampoo"", ""Iron"", ""Wine glasses"", ""Free dryer \u2013 In building"", ""Fireplace guards"", ""Dedicated workspace"", ""Microwave"", ""Dining table"", ""Heating"", ""65 inch HDTV with Roku"", ""Samsung gas stove"", ""Smart lock"", ""Extra pillows and blankets"", ""Long term stays allowed"", ""Oven"", ""Portable fans"", ""Noise decibel monitors on property"", ""Exterior security cameras on property"", ""Toaster"", ""Essentials"", ""Coffee"", ""Laundromat nearby"", ""Outdoor furniture"", ""Clothing storage: closet"", ""First aid kit"", ""Conditioner"", ""Window AC unit"", ""Dishes and silverware"", ""Hangers"", ""Refrigerator"", ""Self check-in"", ""Free washer \u2013 In building"", ""Freezer"", ""Free street parking"", ""Fire extinguisher"", ""Cleaning products""]",48052353,"['Smoke alarm', 'Kitchen', 'Indoor fireplace: electric', 'Dishwasher', 'Private patio or balcony', 'Ethernet connection', 'Portable air conditioning', 'Shower gel', 'Hot water', 'Coffee maker', 'Private entrance', 'Hair dryer', 'Body soap', 'Fast wifi – 226 Mbps', 'Shared backyard – Not fully fenced', 'Carbon monoxide alarm', 'Bed linens', 'Luggage dropoff allowed', 'Bathtub', 'Cooking basics', 'Baking sheet', 'Shampoo', 'Iron', 'Wine glasses', 'Free dryer – In building', 'Fireplace guards', 'Dedicated workspace', 'Microwave', 'Dining table', 'Heating', '65 inch HDTV with Roku', 'Samsung gas stove', 'Smart lock', 'Extra pillows and blankets', 'Long term stays allowed', 'Oven', 'Portable fans', 'Noise decibel monitors on property', 'Exterior security cameras on property', 'Toaster', 'Essentials', 'Coffee', 'Laundromat nearby', 'Outdoor furniture', 'Clothing storage: closet', 'First aid kit', 'Conditioner', 'Window AC unit', 'Dishes and silverware', 'Hangers', 'Refrigerator', 'Self check-in', 'Free washer – In building', 'Freezer', 'Free street parking', 'Fire extinguisher', 'Cleaning products']",57,1,1,1,1,1,1,1,1,0,0,0,1,Entire place
THIRD WARD,42.64982,-73.7509,204,Entire home/apt,Entire rental unit,6,2.0,1.0,245,4.45,34,4.9,4.87,4.88,143,t,"[""Smoke alarm"", ""Kitchen"", ""Ethernet connection"", ""Wifi"", ""Shower gel"", ""Hot water"", ""Hair dryer"", ""Body soap"", ""City skyline view"", ""Carbon monoxide alarm"", ""Bed linens"", ""Pack \u2019n play/Travel crib - available upon request"", ""River view"", ""Bathtub"", ""Cooking basics"", ""Baking sheet"", ""Shampoo"", ""Iron"", ""Room-darkening shades"", ""Central air conditioning"", ""Free dryer \u2013 In building"", ""Dedicated workspace"", ""Microwave"", ""Coffee maker: Keurig coffee machine"", ""55 inch HDTV with Chromecast, Roku"", ""Wine glasses"", ""Dining table"", ""Heating"", ""Extra pillows and blankets"", ""Pets allowed"", ""Long term stays allowed"", ""Electric stove"", ""Oven"", ""Portable fans"", ""Exterior security cameras on property"", ""Toaster"", ""Essentials"", ""Coffee"", ""Laundromat nearby"", ""Sound system"", ""Clothing storage: closet"", ""Books and reading material"", ""Barbecue utensils"", ""Conditioner"", ""Children\u2019s books and toys"", ""Dishes and silverware"", ""Paid parking garage off premises"", ""Hangers"", ""Refrigerator"", ""Self check-in"", ""Free washer \u2013 In building"", ""Freezer"", ""Free street parking"", ""Crib - available upon request"", ""Elevator"", ""Fire extinguisher"", ""Cleaning products"", ""Keypad"", ""Breakfast"", ""Board games""]",48124042,"['Smoke alarm', 'Kitchen', 'Ethernet connection', 'Wifi', 'Shower gel', 'Hot water', 'Hair dryer', 'Body soap', 'City skyline view', 'Carbon monoxide alarm', 'Bed linens', 'Pack ’n play/Travel crib - available upon request', 'River view', 'Bathtub', 'Cooking basics', 'Baking sheet', 'Shampoo', 'Iron', 'Room-darkening shades', 'Central air conditioning', 'Free dryer – In building', 'Dedicated workspace', 'Microwave', 'Coffee maker: Keurig coffee machine', '55 inch HDTV with Chromecast, Roku', 'Wine glasses', 'Dining table', 'Heating', 'Extra pillows and blankets', 'Pets allowed', 'Long term stays allowed', 'Electric stove', 'Oven', 'Portable fans', 'Exterior security cameras on property', 'Toaster', 'Essentials', 'Coffee', 'Laundromat nearby', 'Sound system', 'Clothing storage: closet', 'Books and reading material', 'Barbecue utensils', 'Conditioner', 'Children’s books and toys', 'Dishes and silverware', 'Paid parking garage off premises', 'Hangers', 'Refrigerator', 'Self check-in', 'Free washer – In building', 'Freezer', 'Free street parking', 'Crib - available upon request', 'Elevator', 'Fire extinguisher', 'Cleaning products', 'Keypad', 'Breakfast', 'Board games']",60,1,1,1,1,1,1,0,1,0,1,1,1,Entire place
NINTH WARD,42.65399,-73.78126,90,Private room,Private room in home,1,1.0,1.0,88,1.46,15,4.93,4.95,4.86,267,t,"[""Smoke alarm"", ""Kitchen"", ""Dryer \u2013 In building"", ""Wifi"", ""Hot water"", ""Hair dryer"", ""Mini fridge"", ""Carbon monoxide alarm"", ""Bed linens"", ""Cooking basics"", ""Shampoo"", ""Iron"", ""Wine glasses"", ""Dedicated workspace"", ""Coffee maker: Keurig coffee machine"", ""Heating"", ""Washer"", ""Long term stays allowed"", ""Pocket wifi"", ""Patio or balcony"", ""Essentials"", ""Outdoor furniture"", ""Clothing storage: wardrobe and dresser"", ""First aid kit"", ""Conditioner"", ""Free parking on premises"", ""Window AC unit"", ""Dishes and silverware"", ""Hangers"", ""Refrigerator"", ""Self check-in"", ""Free street parking"", ""Cleaning products"", ""Keypad""]",48172884,"['Smoke alarm', 'Kitchen', 'Dryer – In building', 'Wifi', 'Hot water', 'Hair dryer', 'Mini fridge', 'Carbon monoxide alarm', 'Bed linens', 'Cooking basics', 'Shampoo', 'Iron', 'Wine glasses', 'Dedicated workspace', 'Coffee maker: Keurig coffee machine', 'Heating', 'Washer', 'Long term stays allowed', 'Pocket wifi', 'Patio or balcony', 'Essentials', 'Outdoor furniture', 'Clothing storage: wardrobe and dresser', 'First aid kit', 'Conditioner', 'Free parking on premises', 'Window AC unit', 'Dishes and silverware', 'Hangers', 'Refrigerator', 'Self check-in', 'Free street parking', 'Cleaning products', 'Keypad']",34,1,1,1,1,1,1,1,0,0,0,0,0,Private room
THIRTEENTH WARD,42.66526412963867,-73.78692626953125,90,Entire home/apt,Entire home,13,6.0,5.5,57,1.31,15,4.93,4.88,4.89,342,t,"[""Smoke alarm"", ""Kitchen"", ""Dishwasher"", ""Private patio or balcony"", ""Ethernet connection"", ""Wifi"", ""Shower gel"", ""Hot water"", ""Private entrance"", ""Hair dryer"", ""Body soap"", ""Fire pit"", ""Outdoor dining area"", ""Mini fridge"", ""Carbon monoxide alarm"", ""Private backyard \u2013 Not fully fenced"", ""Bed linens"", ""Luggage dropoff allowed"", ""Bathtub"", ""Cooking basics"", ""Baking sheet"", ""Shampoo"", ""Iron"", ""Central air conditioning"", ""Hot water kettle"", ""Wine glasses"", ""Dedicated workspace"", ""Microwave"", ""Dining table"", ""Heating"", ""Stainless steel oven"", ""Hammock"", ""Smart lock"", ""Extra pillows and blankets"", ""Pets allowed"", ""Long term stays allowed"", ""Drying rack for clothing"", ""Exterior security cameras on property"", ""Toaster"", ""Essentials"", ""Coffee"", ""Laundromat nearby"", ""Outdoor furniture"", ""Pack \u2019n play/Travel crib"", ""Clothing storage: closet"", ""First aid kit"", ""Barbecue utensils"", ""Baby bath"", ""Free washer \u2013 In unit"", ""Children\u2019s books and toys"", ""Dishes and silverware"", ""Crib"", ""Hangers"", ""Refrigerator"", ""Blender"", ""Free parking on premises"", ""Self check-in"", ""Freezer"", ""Free street parking"", ""85 inch HDTV with Amazon Prime Video, Apple TV, Hulu, Netflix, premium cable"", ""Fire extinguisher"", ""Free dryer \u2013 In unit"", ""Cleaning products"", ""Private BBQ grill: gas"", ""Stainless steel gas stove"", ""High chair"", ""Coffee maker: drip coffee maker, french press""]",48470454,"['Smoke alarm', 'Kitchen', 'Dishwasher', 'Private patio or balcony', 'Ethernet connection', 'Wifi', 'Shower gel', 'Hot water', 'Private entrance', 'Hair dryer', 'Body soap', 'Fire pit', 'Outdoor dining area', 'Mini fridge', 'Carbon monoxide alarm', 'Private backyard – Not fully fenced', 'Bed linens', 'Luggage dropoff allowed', 'Bathtub', 'Cooking basics', 'Baking sheet', 'Shampoo', 'Iron', 'Central air conditioning', 'Hot water kettle', 'Wine glasses', 'Dedicated workspace', 'Microwave', 'Dining table', 'Heating', 'Stainless steel oven', 'Hammock', 'Smart lock', 'Extra pillows and blankets', 'Pets allowed', 'Long term stays allowed', 'Drying rack for clothing', 'Exterior security cameras on property', 'Toaster', 'Essentials', 'Coffee', 'Laundromat nearby', 'Outdoor furniture', 'Pack ’n play/Travel crib', 'Clothing storage: closet', 'First aid kit', 'Barbecue utensils', 'Baby bath', 'Free washer – In unit', 'Children’s books and toys', 'Dishes and silverware', 'Crib', 'Hangers', 'Refrigerator', 'Blender', 'Free parking on premises', 'Self check-in', 'Freezer', 'Free street parking', '85 inch HDTV with Amazon Prime Video, Apple TV, Hulu, Netflix, premium cable', 'Fire extinguisher', 'Free dryer – In unit', 'Cleaning products', 'Private BBQ grill: gas', 'Stainless steel gas stove', 'High chair', 'Coffee maker: drip coffee maker, french press']",67,1,1,1,1,1,1,1,1,0,0,1,1,Entire place
SIXTH WARD,42.65429,-73.75986,42,Entire home/apt,Entire rental unit,2,1.0,1.0,107,1.94,7,4.68,4.73,4.84,176,f,"[""Smoke alarm"", ""Kitchen"", ""Ethernet connection"", ""Wifi"", ""Shower gel"", ""Hot water"", ""Coffee maker"", ""Private entrance"", ""Hair dryer"", ""Body soap"", ""Dryer"", ""TV"", ""Carbon monoxide alarm"", ""Bed linens"", ""Bathtub"", ""Cooking basics"", ""Baking sheet"", ""Shampoo"", ""Iron"", ""Room-darkening shades"", ""Elevator"", ""Microwave"", ""Clothing storage"", ""Dining table"", ""Heating"", ""Washer"", ""Extra pillows and blankets"", ""Oven"", ""Air conditioning"", ""Toaster"", ""Essentials"", ""Coffee"", ""Conditioner"", ""Dishes and silverware"", ""Hangers"", ""Refrigerator"", ""Blender"", ""Self check-in"", ""Freezer"", ""Lockbox"", ""Fire extinguisher"", ""Cleaning products"", ""Stove""]",48599533,"['Smoke alarm', 'Kitchen', 'Ethernet connection', 'Wifi', 'Shower gel', 'Hot water', 'Coffee maker', 'Private entrance', 'Hair dryer', 'Body soap', 'Dryer', 'TV', 'Carbon monoxide alarm', 'Bed linens', 'Bathtub', 'Cooking basics', 'Baking sheet', 'Shampoo', 'Iron', 'Room-darkening shades', 'Elevator', 'Microwave', 'Clothing storage', 'Dining table', 'Heating', 'Washer', 'Extra pillows and blankets', 'Oven', 'Air conditioning', 'Toaster', 'Essentials', 'Coffee', 'Conditioner', 'Dishes and silverware', 'Hangers', 'Refrigerator', 'Blender', 'Self check-in', 'Freezer', 'Lockbox', 'Fire extinguisher', 'Cleaning products', 'Stove']",43,1,1,0,1,1,1,0,0,0,0,0,1,Entire place
SIXTH WARD,42.65157,-73.76546,186,Entire home/apt,Entire rental unit,2,1.0,1.0,210,3.83,31,4.99,4.97,4.9,146,f,"[""Love, Beauty, & Planet body soap"", ""Smoke alarm"", ""Kitchen"", ""Dishwasher"", ""Private patio or balcony"", ""Clothing storage: closet and dresser"", ""Portable air conditioning"", ""Wifi"", ""Shower gel"", ""Hot water"", ""Private entrance"", ""Hair dryer"", ""Outdoor dining area"", ""TV"", ""Carbon monoxide alarm"", ""Bed linens"", ""Luggage dropoff allowed"", ""Cooking basics"", ""Shampoo"", ""Iron"", ""Room-darkening shades"", ""Wine glasses"", ""Dedicated workspace"", ""Microwave"", ""Dining table"", ""Stainless steel oven"", ""Extra pillows and blankets"", ""Rice maker"", ""Pets allowed"", ""Long term stays allowed"", ""Radiant heating"", ""Portable fans"", ""Drying rack for clothing"", ""Exterior security cameras on property"", ""Toaster"", ""Essentials"", ""Coffee"", ""Outdoor furniture"", ""Garden view"", ""Books and reading material"", ""First aid kit"", ""Free washer \u2013 In unit"", ""Dishes and silverware"", ""Hangers"", ""Refrigerator"", ""Self check-in"", ""Coffee maker: drip coffee maker, pour-over coffee"", ""Freezer"", ""Game console"", ""Fire extinguisher"", ""Paid parking lot off premises"", ""Free dryer \u2013 In unit"", ""Cleaning products"", ""Keypad"", ""Stainless steel gas stove""]",50171851,"['Love, Beauty, & Planet body soap', 'Smoke alarm', 'Kitchen', 'Dishwasher', 'Private patio or balcony', 'Clothing storage: closet and dresser', 'Portable air conditioning', 'Wifi', 'Shower gel', 'Hot water', 'Private entrance', 'Hair dryer', 'Outdoor dining area', 'TV', 'Carbon monoxide alarm', 'Bed linens', 'Luggage dropoff allowed', 'Cooking basics', 'Shampoo', 'Iron', 'Room-darkening shades', 'Wine glasses', 'Dedicated workspace', 'Microwave', 'Dining table', 'Stainless steel oven', 'Extra pillows and blankets', 'Rice maker', 'Pets allowed', 'Long term stays allowed', 'Radiant heating', 'Portable fans', 'Drying rack for clothing', 'Exterior security cameras on property', 'Toaster', 'Essentials', 'Coffee', 'Outdoor furniture', 'Garden view', 'Books and reading material', 'First aid kit', 'Free washer – In unit', 'Dishes and silverware', 'Hangers', 'Refrigerator', 'Self check-in', 'Coffee maker: drip coffee maker, pour-over coffee', 'Freezer', 'Game console', 'Fire extinguisher', 'Paid parking lot off premises', 'Free dryer – In unit', 'Cleaning products', 'Keypad', 'Stainless steel gas stove']",55,1,1,1,1,1,1,1,0,0,1,1,1,Entire place
FOURTH WARD,42.65888,-73.74673,90,Entire home/apt,Entire rental unit,3,1.0,1.0,97,1.7,15,4.7,4.67,4.43,314,f,"[""Smoke alarm"", ""Kitchen"", ""Dishwasher"", ""Wifi"", ""Hot water"", ""Hair dryer"", ""Body soap"", ""Dryer"", ""TV"", ""Carbon monoxide alarm"", ""Luggage dropoff allowed"", ""Cooking basics"", ""Shampoo"", ""Iron"", ""Room-darkening shades"", ""Hot water kettle"", ""Wine glasses"", ""Dedicated workspace"", ""Microwave"", ""Coffee maker: Keurig coffee machine"", ""Clothing storage"", ""Dining table"", ""Heating"", ""Washer"", ""Long term stays allowed"", ""Pets allowed"", ""Oven"", ""Exterior security cameras on property"", ""Air conditioning"", ""Essentials"", ""Coffee"", ""Laundromat nearby"", ""First aid kit"", ""Conditioner"", ""Free parking on premises"", ""Dishes and silverware"", ""Hangers"", ""Refrigerator"", ""Self check-in"", ""Freezer"", ""Free street parking"", ""Lockbox"", ""Fire extinguisher"", ""Cleaning products"", ""Stove"", ""Shared backyard \u2013 Fully fenced""]",50207226,"['Smoke alarm', 'Kitchen', 'Dishwasher', 'Wifi', 'Hot water', 'Hair dryer', 'Body soap', 'Dryer', 'TV', 'Carbon monoxide alarm', 'Luggage dropoff allowed', 'Cooking basics', 'Shampoo', 'Iron', 'Room-darkening shades', 'Hot water kettle', 'Wine glasses', 'Dedicated workspace', 'Microwave', 'Coffee maker: Keurig coffee machine', 'Clothing storage', 'Dining table', 'Heating', 'Washer', 'Long term stays allowed', 'Pets allowed', 'Oven', 'Exterior security cameras on property', 'Air conditioning', 'Essentials', 'Coffee', 'Laundromat nearby', 'First aid kit', 'Conditioner', 'Free parking on premises', 'Dishes and silverware', 'Hangers', 'Refrigerator', 'Self check-in', 'Freezer', 'Free street parking', 'Lockbox', 'Fire extinguisher', 'Cleaning products', 'Stove', 'Shared backyard – Fully fenced']",46,1,1,1,1,1,1,1,0,0,0,1,1,Entire place
ELEVENTH WARD,42.66034,-73.77163,108,Entire home/apt,Entire rental unit,3,1.0,1.0,197,3.92,18,4.97,4.92,4.81,357,t,"[""Smoke alarm"", ""Kitchen"", ""Dishwasher"", ""Clothing storage: closet and dresser"", ""Wifi"", ""Shower gel"", ""Hot water"", ""Private entrance"", ""Hair dryer"", ""Body soap"", ""Carbon monoxide alarm"", ""Bed linens"", ""Luggage dropoff allowed"", ""Cooking basics"", ""Baking sheet"", ""Shampoo"", ""Iron"", ""Room-darkening shades"", ""Hot water kettle"", ""Wine glasses"", ""Dedicated workspace"", ""Microwave"", ""Dining table"", ""Stainless steel oven"", ""Extra pillows and blankets"", ""Long term stays allowed"", ""Electric stove"", ""Radiant heating"", ""Portable fans"", ""Backyard"", ""Exterior security cameras on property"", ""Toaster"", ""Essentials"", ""Coffee"", ""Laundromat nearby"", ""Single level home"", ""Books and reading material"", ""First aid kit"", ""Barbecue utensils"", ""Conditioner"", ""Window AC unit"", ""Dishes and silverware"", ""Hangers"", ""Refrigerator"", ""Self check-in"", ""Freezer"", ""Free street parking"", ""Fire extinguisher"", ""Coffee maker: drip coffee maker, Keurig coffee machine"", ""Cleaning products"", ""Keypad"", ""Board games"", ""40 inch HDTV with Roku, Netflix""]",50211226,"['Smoke alarm', 'Kitchen', 'Dishwasher', 'Clothing storage: closet and dresser', 'Wifi', 'Shower gel', 'Hot water', 'Private entrance', 'Hair dryer', 'Body soap', 'Carbon monoxide alarm', 'Bed linens', 'Luggage dropoff allowed', 'Cooking basics', 'Baking sheet', 'Shampoo', 'Iron', 'Room-darkening shades', 'Hot water kettle', 'Wine glasses', 'Dedicated workspace', 'Microwave', 'Dining table', 'Stainless steel oven', 'Extra pillows and blankets', 'Long term stays allowed', 'Electric stove', 'Radiant heating', 'Portable fans', 'Backyard', 'Exterior security cameras on property', 'Toaster', 'Essentials', 'Coffee', 'Laundromat nearby', 'Single level home', 'Books and reading material', 'First aid kit', 'Barbecue utensils', 'Conditioner', 'Window AC unit', 'Dishes and silverware', 'Hangers', 'Refrigerator', 'Self check-in', 'Freezer', 'Free street parking', 'Fire extinguisher', 'Coffee maker: drip coffee maker, Keurig coffee machine', 'Cleaning products', 'Keypad', 'Board games', '40 inch HDTV with Roku, Netflix']",53,1,1,1,1,1,1,1,0,0,0,0,1,Entire place
SIXTH WARD,42.65333,-73.76402,36,Entire home/apt,Entire rental unit,4,2.0,1.0,20,0.35,6,4.45,4.4,4.7,230,f,"[""Smoke alarm"", ""Kitchen"", ""Wifi"", ""Shower gel"", ""Hot water"", ""Coffee maker"", ""Hair dryer"", ""Body soap"", ""Dryer"", ""Indoor fireplace"", ""TV"", ""Carbon monoxide alarm"", ""Bed linens"", ""Cooking basics"", ""Ceiling fan"", ""Shampoo"", ""Iron"", ""Hot water kettle"", ""Wine glasses"", ""Baking sheet"", ""Dedicated workspace"", ""Clothing storage"", ""Dining table"", ""Heating"", ""Stainless steel oven"", ""Extra pillows and blankets"", ""Long term stays allowed"", ""Air conditioning"", ""Essentials"", ""Coffee"", ""Books and reading material"", ""First aid kit"", ""Conditioner"", ""Free parking on premises"", ""Dishes and silverware"", ""Hangers"", ""Refrigerator"", ""Self check-in"", ""Freezer"", ""Lockbox"", ""Fire extinguisher"", ""Paid parking lot off premises"", ""Cleaning products"", ""Cleaning available during stay"", ""Stove""]",50354540,"['Smoke alarm', 'Kitchen', 'Wifi', 'Shower gel', 'Hot water', 'Coffee maker', 'Hair dryer', 'Body soap', 'Dryer', 'Indoor fireplace', 'TV', 'Carbon monoxide alarm', 'Bed linens', 'Cooking basics', 'Ceiling fan', 'Shampoo', 'Iron', 'Hot water kettle', 'Wine glasses', 'Baking sheet', 'Dedicated workspace', 'Clothing storage', 'Dining table', 'Heating', 'Stainless steel oven', 'Extra pillows and blankets', 'Long term stays allowed', 'Air conditioning', 'Essentials', 'Coffee', 'Books and reading material', 'First aid kit', 'Conditioner', 'Free parking on premises', 'Dishes and silverware', 'Hangers', 'Refrigerator', 'Self check-in', 'Freezer', 'Lockbox', 'Fire extinguisher', 'Paid parking lot off premises', 'Cleaning products', 'Cleaning available during stay', 'Stove']",45,1,1,1,1,1,1,0,0,0,0,0,1,Entire place
FOURTH WARD,42.65901,-73.74748,12,Entire home/apt,Entire rental unit,2,1.0,1.0,47,0.85,2,4.64,4.57,4.38,318,f,"[""Smoke alarm"", ""Kitchen"", ""Dishwasher"", ""Wifi"", ""Hot water"", ""Hair dryer"", ""Body soap"", ""Fire pit"", ""Dryer"", ""TV"", ""Carbon monoxide alarm"", ""Bed linens"", ""Luggage dropoff allowed"", ""Cooking basics"", ""Shampoo"", ""Iron"", ""Room-darkening shades"", ""Hot water kettle"", ""Wine glasses"", ""Dedicated workspace"", ""Microwave"", ""Coffee maker: Keurig coffee machine"", ""Clothing storage"", ""Dining table"", ""Heating"", ""Washer"", ""Long term stays allowed"", ""Pets allowed"", ""Oven"", ""BBQ grill"", ""Air conditioning"", ""Essentials"", ""Coffee"", ""Laundromat nearby"", ""Outdoor furniture"", ""First aid kit"", ""Conditioner"", ""Free parking on premises"", ""Dishes and silverware"", ""Hangers"", ""Refrigerator"", ""Self check-in"", ""Freezer"", ""Free street parking"", ""Lockbox"", ""Fire extinguisher"", ""Cleaning products"", ""Stove"", ""Shared backyard \u2013 Fully fenced""]",50890336,"['Smoke alarm', 'Kitchen', 'Dishwasher', 'Wifi', 'Hot water', 'Hair dryer', 'Body soap', 'Fire pit', 'Dryer', 'TV', 'Carbon monoxide alarm', 'Bed linens', 'Luggage dropoff allowed', 'Cooking basics', 'Shampoo', 'Iron', 'Room-darkening shades', 'Hot water kettle', 'Wine glasses', 'Dedicated workspace', 'Microwave', 'Coffee maker: Keurig coffee machine', 'Clothing storage', 'Dining table', 'Heating', 'Washer', 'Long term stays allowed', 'Pets allowed', 'Oven', 'BBQ grill', 'Air conditioning', 'Essentials', 'Coffee', 'Laundromat nearby', 'Outdoor furniture', 'First aid kit', 'Conditioner', 'Free parking on premises', 'Dishes and silverware', 'Hangers', 'Refrigerator', 'Self check-in', 'Freezer', 'Free street parking', 'Lockbox', 'Fire extinguisher', 'Cleaning products', 'Stove', 'Shared backyard – Fully fenced']",49,1,1,1,1,1,1,1,0,0,0,1,1,Entire place
TENTH WARD,42.65969,-73.77564,70,Entire home/apt,Entire rental unit,2,1.0,1.0,31,0.59,5,4.94,4.84,4.94,135,t,"[""Smoke alarm"", ""Kitchen"", ""Clothing storage: closet and dresser"", ""Portable air conditioning"", ""Wifi"", ""Shower gel"", ""Hot water"", ""Private entrance"", ""Hair dryer"", ""TV"", ""Carbon monoxide alarm"", ""Bed linens"", ""Cooking basics"", ""Iron"", ""Room-darkening shades"", ""Wine glasses"", ""Dedicated workspace"", ""Microwave"", ""Coffee maker: Keurig coffee machine"", ""Dining table"", ""Window guards"", ""Extra pillows and blankets"", ""Long term stays allowed"", ""Electric stove"", ""Oven"", ""Radiant heating"", ""Portable fans"", ""Exterior security cameras on property"", ""Essentials"", ""Coffee"", ""Books and reading material"", ""First aid kit"", ""Conditioner"", ""Free washer \u2013 In unit"", ""Dishes and silverware"", ""Hangers"", ""Refrigerator"", ""Bronner's Natural Peppermint soap body soap"", ""Self check-in"", ""Freezer"", ""Free street parking"", ""Fire extinguisher"", ""Free dryer \u2013 In unit"", ""Cleaning products"", ""Keypad""]",51461480,"['Smoke alarm', 'Kitchen', 'Clothing storage: closet and dresser', 'Portable air conditioning', 'Wifi', 'Shower gel', 'Hot water', 'Private entrance', 'Hair dryer', 'TV', 'Carbon monoxide alarm', 'Bed linens', 'Cooking basics', 'Iron', 'Room-darkening shades', 'Wine glasses', 'Dedicated workspace', 'Microwave', 'Coffee maker: Keurig coffee machine', 'Dining table', 'Window guards', 'Extra pillows and blankets', 'Long term stays allowed', 'Electric stove', 'Oven', 'Radiant heating', 'Portable fans', 'Exterior security cameras on property', 'Essentials', 'Coffee', 'Books and reading material', 'First aid kit', 'Conditioner', 'Free washer – In unit', 'Dishes and silverware', 'Hangers', 'Refrigerator', ""Bronner's Natural Peppermint soap body soap"", 'Self check-in', 'Freezer', 'Free street parking', 'Fire extinguisher', 'Free dryer – In unit', 'Cleaning products', 'Keypad']",45,1,1,1,1,1,1,0,1,0,0,0,1,Entire place
THIRD WARD,42.65061,-73.75006,8,Entire home/apt,Entire rental unit,2,1.0,1.0,10,0.18,1,3.8,3.6,4.4,257,f,"[""Smoke alarm"", ""Kitchen"", ""Dishwasher"", ""Clothing storage: closet and dresser"", ""Shower gel"", ""Hot water"", ""Body soap"", ""Dryer"", ""TV"", ""Gym"", ""Carbon monoxide alarm"", ""Bed linens"", ""Cooking basics"", ""Elevator"", ""Shampoo"", ""Microwave"", ""Dining table"", ""Heating"", ""Stainless steel oven"", ""Washer"", ""Long term stays allowed"", ""Pets allowed"", ""Air conditioning"", ""Essentials"", ""Stainless steel electric stove"", ""Dishes and silverware"", ""Hangers"", ""Refrigerator"", ""Self check-in"", ""Coffee maker: drip coffee maker"", ""Lockbox""]",51503537,"['Smoke alarm', 'Kitchen', 'Dishwasher', 'Clothing storage: closet and dresser', 'Shower gel', 'Hot water', 'Body soap', 'Dryer', 'TV', 'Gym', 'Carbon monoxide alarm', 'Bed linens', 'Cooking basics', 'Elevator', 'Shampoo', 'Microwave', 'Dining table', 'Heating', 'Stainless steel oven', 'Washer', 'Long term stays allowed', 'Pets allowed', 'Air conditioning', 'Essentials', 'Stainless steel electric stove', 'Dishes and silverware', 'Hangers', 'Refrigerator', 'Self check-in', 'Coffee maker: drip coffee maker', 'Lockbox']",31,1,1,0,1,0,1,0,0,1,0,1,1,Entire place
FOURTH WARD,42.65856,-73.74866,78,Entire home/apt,Entire rental unit,3,1.0,1.0,87,1.58,13,4.74,4.68,4.51,314,f,"[""Smoke alarm"", ""Kitchen"", ""Dishwasher"", ""Wifi"", ""Hot water"", ""Hair dryer"", ""Body soap"", ""Fire pit"", ""TV"", ""Carbon monoxide alarm"", ""Luggage dropoff allowed"", ""Cooking basics"", ""Shampoo"", ""Iron"", ""Room-darkening shades"", ""Hot water kettle"", ""Wine glasses"", ""Dedicated workspace"", ""Microwave"", ""Coffee maker: Keurig coffee machine"", ""Clothing storage"", ""Dining table"", ""Heating"", ""Long term stays allowed"", ""Pets allowed"", ""Oven"", ""BBQ grill"", ""Exterior security cameras on property"", ""Air conditioning"", ""Essentials"", ""Coffee"", ""Laundromat nearby"", ""Outdoor furniture"", ""First aid kit"", ""Conditioner"", ""Free washer \u2013 In unit"", ""Dishes and silverware"", ""Free parking on premises"", ""Hangers"", ""Refrigerator"", ""Self check-in"", ""Freezer"", ""Free street parking"", ""Lockbox"", ""Fire extinguisher"", ""Free dryer \u2013 In unit"", ""Cleaning products"", ""Stove"", ""Shared backyard \u2013 Fully fenced""]",51579900,"['Smoke alarm', 'Kitchen', 'Dishwasher', 'Wifi', 'Hot water', 'Hair dryer', 'Body soap', 'Fire pit', 'TV', 'Carbon monoxide alarm', 'Luggage dropoff allowed', 'Cooking basics', 'Shampoo', 'Iron', 'Room-darkening shades', 'Hot water kettle', 'Wine glasses', 'Dedicated workspace', 'Microwave', 'Coffee maker: Keurig coffee machine', 'Clothing storage', 'Dining table', 'Heating', 'Long term stays allowed', 'Pets allowed', 'Oven', 'BBQ grill', 'Exterior security cameras on property', 'Air conditioning', 'Essentials', 'Coffee', 'Laundromat nearby', 'Outdoor furniture', 'First aid kit', 'Conditioner', 'Free washer – In unit', 'Dishes and silverware', 'Free parking on premises', 'Hangers', 'Refrigerator', 'Self check-in', 'Freezer', 'Free street parking', 'Lockbox', 'Fire extinguisher', 'Free dryer – In unit', 'Cleaning products', 'Stove', 'Shared backyard – Fully fenced']",49,1,1,1,1,1,1,1,0,0,0,1,1,Entire place
THIRD WARD,42.65844,-73.74978,54,Entire home/apt,Entire rental unit,2,1.0,1.0,97,1.83,9,4.74,4.76,4.49,361,f,"[""Smoke alarm"", ""Kitchen"", ""Dishwasher"", ""Clothing storage: closet and dresser"", ""Gas stove"", ""Wifi"", ""Hot water"", ""Coffee maker"", ""Private entrance"", ""Hair dryer"", ""Body soap"", ""Carbon monoxide alarm"", ""Bed linens"", ""Bathtub"", ""Cooking basics"", ""Shampoo"", ""Iron"", ""Hot water kettle"", ""Wine glasses"", ""Dedicated workspace"", ""Microwave"", ""Extra pillows and blankets"", ""Long term stays allowed"", ""42 inch TV"", ""Radiant heating"", ""Portable fans"", ""Toaster"", ""Essentials"", ""Single oven"", ""Books and reading material"", ""First aid kit"", ""Conditioner"", ""Courtyard view"", ""Window AC unit"", ""Dishes and silverware"", ""Hangers"", ""Refrigerator"", ""Self check-in"", ""Freezer"", ""Free street parking"", ""Lockbox"", ""Fire extinguisher"", ""Cleaning products"", ""Cleaning available during stay""]",51592836,"['Smoke alarm', 'Kitchen', 'Dishwasher', 'Clothing storage: closet and dresser', 'Gas stove', 'Wifi', 'Hot water', 'Coffee maker', 'Private entrance', 'Hair dryer', 'Body soap', 'Carbon monoxide alarm', 'Bed linens', 'Bathtub', 'Cooking basics', 'Shampoo', 'Iron', 'Hot water kettle', 'Wine glasses', 'Dedicated workspace', 'Microwave', 'Extra pillows and blankets', 'Long term stays allowed', '42 inch TV', 'Radiant heating', 'Portable fans', 'Toaster', 'Essentials', 'Single oven', 'Books and reading material', 'First aid kit', 'Conditioner', 'Courtyard view', 'Window AC unit', 'Dishes and silverware', 'Hangers', 'Refrigerator', 'Self check-in', 'Freezer', 'Free street parking', 'Lockbox', 'Fire extinguisher', 'Cleaning products', 'Cleaning available during stay']",44,1,1,1,1,1,1,0,0,0,1,0,1,Entire place
FIRST WARD,42.63066,-73.77357,138,Entire home/apt,Entire townhouse,5,2.0,1.0,88,1.65,23,4.9,4.83,4.72,107,t,"[""Smoke alarm"", ""Kitchen"", ""Private patio or balcony"", ""Ethernet connection"", ""Sauve  conditioner"", ""Shower gel"", ""Wifi"", ""Hot water"", ""Private entrance"", ""Hair dryer"", ""Body soap"", ""Carbon monoxide alarm"", ""GE refrigerator"", ""Bed linens"", ""Cooking basics"", ""58 inch HDTV with Roku, standard cable, Netflix"", ""Shampoo"", ""Iron"", ""Central air conditioning"", ""Safe"", ""Ceiling fan"", ""Dedicated workspace"", ""Microwave"", ""Hot water kettle"", ""Coffee maker: Keurig coffee machine"", ""Wine glasses"", ""Dining table"", ""Stainless steel oven"", ""Extra pillows and blankets"", ""Long term stays allowed"", ""Toaster"", ""Essentials"", ""Coffee"", ""Outdoor furniture"", ""Books and reading material"", ""Clothing storage: closet"", ""Central heating"", ""Stainless steel electric stove"", ""Free washer \u2013 In unit"", ""Dishes and silverware"", ""Free parking on premises"", ""Hangers"", ""Self check-in"", ""Freezer"", ""Free street parking"", ""Lockbox"", ""Free dryer \u2013 In unit"", ""Baking sheet"", ""Private backyard \u2013 Fully fenced"", ""Cleaning products"", ""Board games""]",52152157,"['Smoke alarm', 'Kitchen', 'Private patio or balcony', 'Ethernet connection', 'Sauve  conditioner', 'Shower gel', 'Wifi', 'Hot water', 'Private entrance', 'Hair dryer', 'Body soap', 'Carbon monoxide alarm', 'GE refrigerator', 'Bed linens', 'Cooking basics', '58 inch HDTV with Roku, standard cable, Netflix', 'Shampoo', 'Iron', 'Central air conditioning', 'Safe', 'Ceiling fan', 'Dedicated workspace', 'Microwave', 'Hot water kettle', 'Coffee maker: Keurig coffee machine', 'Wine glasses', 'Dining table', 'Stainless steel oven', 'Extra pillows and blankets', 'Long term stays allowed', 'Toaster', 'Essentials', 'Coffee', 'Outdoor furniture', 'Books and reading material', 'Clothing storage: closet', 'Central heating', 'Stainless steel electric stove', 'Free washer – In unit', 'Dishes and silverware', 'Free parking on premises', 'Hangers', 'Self check-in', 'Freezer', 'Free street parking', 'Lockbox', 'Free dryer – In unit', 'Baking sheet', 'Private backyard – Fully fenced', 'Cleaning products', 'Board games']",51,1,1,1,1,1,1,1,0,0,0,0,1,Entire place
SIXTH WARD,42.65641,-73.76413,255,Entire home/apt,Entire guest suite,2,0.0,1.0,375,7.11,74,4.91,4.9,4.85,62,t,"[""Smoke alarm"", ""Kitchen"", ""Portable air conditioning"", ""Wifi"", ""Hot water"", ""Private entrance"", ""Hair dryer"", ""43 inch HDTV"", ""Carbon monoxide alarm"", ""Bed linens"", ""Cooking basics"", ""Shampoo"", ""Iron"", ""Room-darkening shades"", ""Hot water kettle"", ""Wine glasses"", ""Dedicated workspace"", ""Microwave"", ""Electric stove"", ""Oven"", ""Radiant heating"", ""Exterior security cameras on property"", ""Essentials"", ""Coffee"", ""Laundromat nearby"", ""Books and reading material"", ""Clothing storage: closet"", ""Conditioner"", ""Galanz refrigerator"", ""Dishes and silverware"", ""Hangers"", ""Self check-in"", ""Freezer"", ""Free street parking"", ""Lockbox"", ""Fire extinguisher"", ""Coffee maker: Nespresso""]",52241973,"['Smoke alarm', 'Kitchen', 'Portable air conditioning', 'Wifi', 'Hot water', 'Private entrance', 'Hair dryer', '43 inch HDTV', 'Carbon monoxide alarm', 'Bed linens', 'Cooking basics', 'Shampoo', 'Iron', 'Room-darkening shades', 'Hot water kettle', 'Wine glasses', 'Dedicated workspace', 'Microwave', 'Electric stove', 'Oven', 'Radiant heating', 'Exterior security cameras on property', 'Essentials', 'Coffee', 'Laundromat nearby', 'Books and reading material', 'Clothing storage: closet', 'Conditioner', 'Galanz refrigerator', 'Dishes and silverware', 'Hangers', 'Self check-in', 'Freezer', 'Free street parking', 'Lockbox', 'Fire extinguisher', 'Coffee maker: Nespresso']",37,1,1,1,1,1,1,0,0,0,0,0,1,Entire place
SIXTH WARD,42.65386,-73.75958,12,Entire home/apt,Entire rental unit,2,1.0,1.0,78,1.46,2,4.63,4.65,4.81,360,f,"[""Smoke alarm"", ""Kitchen"", ""Cooking basics"", ""Iron"", ""Air conditioning"", ""Lockbox"", ""Wifi"", ""Dedicated workspace"", ""Carbon monoxide alarm"", ""Paid parking on premises"", ""Hair dryer"", ""Heating"", ""TV"", ""Washer"", ""Self check-in""]",52360097,"['Smoke alarm', 'Kitchen', 'Cooking basics', 'Iron', 'Air conditioning', 'Lockbox', 'Wifi', 'Dedicated workspace', 'Carbon monoxide alarm', 'Paid parking on premises', 'Hair dryer', 'Heating', 'TV', 'Washer', 'Self check-in']",15,1,1,1,1,1,1,0,0,0,0,0,1,Entire place
NINTH WARD,42.65674,-73.79221,126,Entire home/apt,Entire home,6,3.0,1.0,150,2.84,21,4.93,4.86,4.93,250,t,"[""Smoke alarm"", ""Kitchen"", ""Dishwasher"", ""Wifi"", ""Hot water"", ""Private entrance"", ""Hair dryer"", ""Body soap"", ""Fire pit"", ""TV"", ""Carbon monoxide alarm"", ""Bed linens"", ""Bathtub"", ""Cooking basics"", ""Baking sheet"", ""Shampoo"", ""Iron"", ""Wine glasses"", ""Dedicated workspace"", ""Microwave"", ""Coffee maker: Keurig coffee machine"", ""Dining table"", ""Heating"", ""Exercise equipment"", ""Washer"", ""Extra pillows and blankets"", ""Pets allowed"", ""Long term stays allowed"", ""Oven"", ""BBQ grill"", ""Backyard"", ""Air conditioning"", ""Toaster"", ""Essentials"", ""First aid kit"", ""Conditioner"", ""Free parking on premises"", ""Dishes and silverware"", ""Crib"", ""Hangers"", ""Refrigerator"", ""Self check-in"", ""Lockbox"", ""Fire extinguisher"", ""Free dryer \u2013 In unit"", ""Cleaning products"", ""Stove""]",52611613,"['Smoke alarm', 'Kitchen', 'Dishwasher', 'Wifi', 'Hot water', 'Private entrance', 'Hair dryer', 'Body soap', 'Fire pit', 'TV', 'Carbon monoxide alarm', 'Bed linens', 'Bathtub', 'Cooking basics', 'Baking sheet', 'Shampoo', 'Iron', 'Wine glasses', 'Dedicated workspace', 'Microwave', 'Coffee maker: Keurig coffee machine', 'Dining table', 'Heating', 'Exercise equipment', 'Washer', 'Extra pillows and blankets', 'Pets allowed', 'Long term stays allowed', 'Oven', 'BBQ grill', 'Backyard', 'Air conditioning', 'Toaster', 'Essentials', 'First aid kit', 'Conditioner', 'Free parking on premises', 'Dishes and silverware', 'Crib', 'Hangers', 'Refrigerator', 'Self check-in', 'Lockbox', 'Fire extinguisher', 'Free dryer – In unit', 'Cleaning products', 'Stove']",47,1,1,1,1,1,1,1,1,1,0,1,1,Entire place
TENTH WARD,42.66236,-73.79245,120,Entire home/apt,Entire home,12,5.0,2.5,104,1.97,20,4.94,4.89,4.9,236,t,"[""Smoke alarm"", ""Kitchen"", ""Wifi"", ""Hot water"", ""Coffee maker"", ""Private entrance"", ""Hair dryer"", ""Fire pit"", ""Outdoor dining area"", ""Dryer"", ""Indoor fireplace"", ""TV"", ""Carbon monoxide alarm"", ""Cooking basics"", ""Shampoo"", ""Iron"", ""Dedicated workspace"", ""Heating"", ""Mini golf"", ""Washer"", ""Smart lock"", ""Pets allowed"", ""BBQ grill"", ""Ping pong table"", ""Backyard"", ""Patio or balcony"", ""Air conditioning"", ""Essentials"", ""Outdoor furniture"", ""First aid kit"", ""Children\u2019s books and toys"", ""Dishes and silverware"", ""Crib"", ""Hangers"", ""Refrigerator"", ""Self check-in"", ""Fire extinguisher"", ""Board games"", ""High chair""]",52691284,"['Smoke alarm', 'Kitchen', 'Wifi', 'Hot water', 'Coffee maker', 'Private entrance', 'Hair dryer', 'Fire pit', 'Outdoor dining area', 'Dryer', 'Indoor fireplace', 'TV', 'Carbon monoxide alarm', 'Cooking basics', 'Shampoo', 'Iron', 'Dedicated workspace', 'Heating', 'Mini golf', 'Washer', 'Smart lock', 'Pets allowed', 'BBQ grill', 'Ping pong table', 'Backyard', 'Patio or balcony', 'Air conditioning', 'Essentials', 'Outdoor furniture', 'First aid kit', 'Children’s books and toys', 'Dishes and silverware', 'Crib', 'Hangers', 'Refrigerator', 'Self check-in', 'Fire extinguisher', 'Board games', 'High chair']",39,1,1,0,1,1,1,1,1,1,0,1,1,Entire place
THIRTEENTH WARD,42.67242,-73.79292,18,Entire home/apt,Entire rental unit,4,2.0,1.0,88,1.74,3,4.85,4.77,4.82,14,t,"[""Smoke alarm"", ""Kitchen"", ""Wifi"", ""Hot water"", ""Coffee maker"", ""Private entrance"", ""Hair dryer"", ""TV"", ""Carbon monoxide alarm"", ""Cooking basics"", ""Shampoo"", ""Iron"", ""Dedicated workspace"", ""Heating"", ""Smart lock"", ""Pets allowed"", ""Air conditioning"", ""Essentials"", ""First aid kit"", ""Free residential garage on premises"", ""Hangers"", ""Self check-in""]",52836323,"['Smoke alarm', 'Kitchen', 'Wifi', 'Hot water', 'Coffee maker', 'Private entrance', 'Hair dryer', 'TV', 'Carbon monoxide alarm', 'Cooking basics', 'Shampoo', 'Iron', 'Dedicated workspace', 'Heating', 'Smart lock', 'Pets allowed', 'Air conditioning', 'Essentials', 'First aid kit', 'Free residential garage on premises', 'Hangers', 'Self check-in']",22,1,1,1,1,1,1,0,0,0,0,1,1,Entire place
FOURTH WARD,42.65812,-73.74837,96,Entire home/apt,Entire rental unit,3,1.0,1.0,88,1.68,16,4.67,4.6,4.44,317,f,"[""Smoke alarm"", ""Kitchen"", ""Dishwasher"", ""Private patio or balcony"", ""Wifi"", ""Hot water"", ""Private entrance"", ""Hair dryer"", ""Body soap"", ""Fire pit"", ""Dryer"", ""TV"", ""Carbon monoxide alarm"", ""Luggage dropoff allowed"", ""Cooking basics"", ""Shampoo"", ""Iron"", ""Room-darkening shades"", ""Wine glasses"", ""Dedicated workspace"", ""Microwave"", ""Coffee maker: Keurig coffee machine"", ""Clothing storage"", ""Heating"", ""Washer"", ""Rice maker"", ""Pets allowed"", ""Long term stays allowed"", ""Oven"", ""BBQ grill"", ""Air conditioning"", ""Essentials"", ""Coffee"", ""Laundromat nearby"", ""Outdoor furniture"", ""First aid kit"", ""Conditioner"", ""Free parking on premises"", ""Dishes and silverware"", ""Hangers"", ""Refrigerator"", ""Self check-in"", ""Freezer"", ""Free street parking"", ""Lockbox"", ""Private backyard \u2013 Fully fenced"", ""Cleaning products"", ""Stove""]",52837196,"['Smoke alarm', 'Kitchen', 'Dishwasher', 'Private patio or balcony', 'Wifi', 'Hot water', 'Private entrance', 'Hair dryer', 'Body soap', 'Fire pit', 'Dryer', 'TV', 'Carbon monoxide alarm', 'Luggage dropoff allowed', 'Cooking basics', 'Shampoo', 'Iron', 'Room-darkening shades', 'Wine glasses', 'Dedicated workspace', 'Microwave', 'Coffee maker: Keurig coffee machine', 'Clothing storage', 'Heating', 'Washer', 'Rice maker', 'Pets allowed', 'Long term stays allowed', 'Oven', 'BBQ grill', 'Air conditioning', 'Essentials', 'Coffee', 'Laundromat nearby', 'Outdoor furniture', 'First aid kit', 'Conditioner', 'Free parking on premises', 'Dishes and silverware', 'Hangers', 'Refrigerator', 'Self check-in', 'Freezer', 'Free street parking', 'Lockbox', 'Private backyard – Fully fenced', 'Cleaning products', 'Stove']",48,1,1,1,1,1,1,1,0,0,0,1,1,Entire place
SIXTH WARD,42.65826,-73.76944,255,Entire home/apt,Entire rental unit,4,1.0,1.0,258,4.92,65,4.97,4.94,4.97,322,t,"[""Smoke alarm"", ""Kitchen"", ""Wifi"", ""Shower gel"", ""Hot water"", ""Private entrance"", ""Hair dryer"", ""Body soap"", ""TV"", ""Carbon monoxide alarm"", ""Bed linens"", ""Clothing storage: walk-in closet and closet"", ""Park view"", ""Bathtub"", ""Cooking basics"", ""Baking sheet"", ""Shampoo"", ""Iron"", ""Room-darkening shades"", ""Wine glasses"", ""Dedicated workspace"", ""Microwave"", ""Coffee maker: Keurig coffee machine"", ""Dining table"", ""Heating"", ""Smart lock"", ""Extra pillows and blankets"", ""Long term stays allowed"", ""Electric stove"", ""Oven"", ""Portable fans"", ""Exterior security cameras on property"", ""Toaster"", ""Essentials"", ""Coffee"", ""Pack \u2019n play/Travel crib"", ""First aid kit"", ""Conditioner"", ""Free parking on premises"", ""Window AC unit"", ""Dishes and silverware"", ""Hangers"", ""Refrigerator"", ""Self check-in"", ""Fire extinguisher"", ""Cleaning products"", ""Board games""]",52863776,"['Smoke alarm', 'Kitchen', 'Wifi', 'Shower gel', 'Hot water', 'Private entrance', 'Hair dryer', 'Body soap', 'TV', 'Carbon monoxide alarm', 'Bed linens', 'Clothing storage: walk-in closet and closet', 'Park view', 'Bathtub', 'Cooking basics', 'Baking sheet', 'Shampoo', 'Iron', 'Room-darkening shades', 'Wine glasses', 'Dedicated workspace', 'Microwave', 'Coffee maker: Keurig coffee machine', 'Dining table', 'Heating', 'Smart lock', 'Extra pillows and blankets', 'Long term stays allowed', 'Electric stove', 'Oven', 'Portable fans', 'Exterior security cameras on property', 'Toaster', 'Essentials', 'Coffee', 'Pack ’n play/Travel crib', 'First aid kit', 'Conditioner', 'Free parking on premises', 'Window AC unit', 'Dishes and silverware', 'Hangers', 'Refrigerator', 'Self check-in', 'Fire extinguisher', 'Cleaning products', 'Board games']",47,1,1,1,1,1,1,0,1,0,1,0,1,Entire place
FOURTEENTH WARD,42.65824,-73.80114,126,Entire home/apt,Entire vacation home,9,5.0,1.5,174,3.47,21,4.92,4.86,4.84,246,t,"[""Smoke alarm"", ""Kitchen"", ""Dishwasher"", ""Private patio or balcony"", ""Ethernet connection"", ""Hot water"", ""Private entrance"", ""Hair dryer"", ""Body soap"", ""60 inch HDTV with Amazon Prime Video, Apple TV, Chromecast, Disney+, Hulu, Netflix"", ""Carbon monoxide alarm"", ""Bed linens"", ""Luggage dropoff allowed"", ""Bathtub"", ""Cooking basics"", ""Ceiling fan"", ""Shampoo"", ""Iron"", ""Hot water kettle"", ""Wine glasses"", ""Baking sheet"", ""Dedicated workspace"", ""Microwave"", ""Coffee maker: Keurig coffee machine"", ""Dining table"", ""Smart lock"", ""Extra pillows and blankets"", ""Rice maker"", ""Long term stays allowed"", ""Oven"", ""Radiant heating"", ""Crib - always at the listing"", ""Portable fans"", ""Exterior security cameras on property"", ""Toaster"", ""Essentials"", ""Coffee"", ""Laundromat nearby"", ""Books and reading material"", ""First aid kit"", ""Free washer \u2013 In unit"", ""Window AC unit"", ""Dishes and silverware"", ""Hangers"", ""Refrigerator"", ""Blender"", ""Self check-in"", ""Freezer"", ""Free street parking"", ""Free parking on premises \u2013 1 space"", ""Fire extinguisher"", ""Free dryer \u2013 In unit"", ""Fast wifi \u2013 654 Mbps"", ""Cleaning products"", ""Stainless steel gas stove"", ""High chair"", ""Outlet covers"", ""Clothing storage: walk-in closet, closet, wardrobe, and dresser""]",53483727,"['Smoke alarm', 'Kitchen', 'Dishwasher', 'Private patio or balcony', 'Ethernet connection', 'Hot water', 'Private entrance', 'Hair dryer', 'Body soap', '60 inch HDTV with Amazon Prime Video, Apple TV, Chromecast, Disney+, Hulu, Netflix', 'Carbon monoxide alarm', 'Bed linens', 'Luggage dropoff allowed', 'Bathtub', 'Cooking basics', 'Ceiling fan', 'Shampoo', 'Iron', 'Hot water kettle', 'Wine glasses', 'Baking sheet', 'Dedicated workspace', 'Microwave', 'Coffee maker: Keurig coffee machine', 'Dining table', 'Smart lock', 'Extra pillows and blankets', 'Rice maker', 'Long term stays allowed', 'Oven', 'Radiant heating', 'Crib - always at the listing', 'Portable fans', 'Exterior security cameras on property', 'Toaster', 'Essentials', 'Coffee', 'Laundromat nearby', 'Books and reading material', 'First aid kit', 'Free washer – In unit', 'Window AC unit', 'Dishes and silverware', 'Hangers', 'Refrigerator', 'Blender', 'Self check-in', 'Freezer', 'Free street parking', 'Free parking on premises – 1 space', 'Fire extinguisher', 'Free dryer – In unit', 'Fast wifi – 654 Mbps', 'Cleaning products', 'Stainless steel gas stove', 'High chair', 'Outlet covers', 'Clothing storage: walk-in closet, closet, wardrobe, and dresser']",58,1,1,1,1,1,1,1,1,0,0,0,1,Entire place
SIXTH WARD,42.65204,-73.76655,255,Entire home/apt,Entire rental unit,2,1.0,1.0,297,5.84,49,4.88,4.83,4.77,353,t,"[""Smoke alarm"", ""Kitchen"", ""Ethernet connection"", ""Wifi"", ""Shower gel"", ""Hot water"", ""Private entrance"", ""Hair dryer"", ""Body soap"", ""55 inch HDTV with Amazon Prime Video, Hulu, Netflix"", ""Carbon monoxide alarm"", ""Bed linens"", ""Bathtub"", ""Cooking basics"", ""Baking sheet"", ""Shampoo"", ""Iron"", ""Hot water kettle"", ""Wine glasses"", ""Microwave"", ""Portable heater"", ""Coffee maker: Keurig coffee machine"", ""Dining table"", ""Smart lock"", ""Extra pillows and blankets"", ""Pets allowed"", ""Oven"", ""Radiant heating"", ""Exterior security cameras on property"", ""Essentials"", ""Coffee"", ""Laundromat nearby"", ""Shared patio or balcony"", ""Stainless steel electric stove"", ""First aid kit"", ""Conditioner"", ""Window AC unit"", ""Dishes and silverware"", ""Hangers"", ""Refrigerator"", ""Self check-in"", ""Freezer"", ""Free street parking"", ""Fire extinguisher"", ""Cleaning products"", ""Clothing storage: walk-in closet, closet, wardrobe, and dresser""]",53567589,"['Smoke alarm', 'Kitchen', 'Ethernet connection', 'Wifi', 'Shower gel', 'Hot water', 'Private entrance', 'Hair dryer', 'Body soap', '55 inch HDTV with Amazon Prime Video, Hulu, Netflix', 'Carbon monoxide alarm', 'Bed linens', 'Bathtub', 'Cooking basics', 'Baking sheet', 'Shampoo', 'Iron', 'Hot water kettle', 'Wine glasses', 'Microwave', 'Portable heater', 'Coffee maker: Keurig coffee machine', 'Dining table', 'Smart lock', 'Extra pillows and blankets', 'Pets allowed', 'Oven', 'Radiant heating', 'Exterior security cameras on property', 'Essentials', 'Coffee', 'Laundromat nearby', 'Shared patio or balcony', 'Stainless steel electric stove', 'First aid kit', 'Conditioner', 'Window AC unit', 'Dishes and silverware', 'Hangers', 'Refrigerator', 'Self check-in', 'Freezer', 'Free street parking', 'Fire extinguisher', 'Cleaning products', 'Clothing storage: walk-in closet, closet, wardrobe, and dresser']",46,1,1,1,1,1,1,1,0,0,0,1,1,Entire place
FOURTH WARD,42.65913,-73.74722,156,Entire home/apt,Entire rental unit,5,2.0,2.0,138,2.71,26,4.59,4.56,4.36,271,f,"[""Smoke alarm"", ""Kitchen"", ""Dishwasher"", ""Wifi"", ""Hot water"", ""Hair dryer"", ""Body soap"", ""Fire pit"", ""Dryer"", ""TV"", ""Carbon monoxide alarm"", ""Luggage dropoff allowed"", ""Cooking basics"", ""Shampoo"", ""Iron"", ""Room-darkening shades"", ""Hot water kettle"", ""Wine glasses"", ""Dedicated workspace"", ""Microwave"", ""Coffee maker: Keurig coffee machine"", ""Clothing storage"", ""Dining table"", ""Heating"", ""Long term stays allowed"", ""Pets allowed"", ""Oven"", ""BBQ grill"", ""AC - split type ductless system"", ""Backyard"", ""Essentials"", ""Coffee"", ""Laundromat nearby"", ""Outdoor furniture"", ""First aid kit"", ""Conditioner"", ""Free washer \u2013 In unit"", ""Dishes and silverware"", ""Free parking on premises"", ""Hangers"", ""Refrigerator"", ""Self check-in"", ""Freezer"", ""Free street parking"", ""Lockbox"", ""Fire extinguisher"", ""Cleaning products"", ""Stove""]",53645427,"['Smoke alarm', 'Kitchen', 'Dishwasher', 'Wifi', 'Hot water', 'Hair dryer', 'Body soap', 'Fire pit', 'Dryer', 'TV', 'Carbon monoxide alarm', 'Luggage dropoff allowed', 'Cooking basics', 'Shampoo', 'Iron', 'Room-darkening shades', 'Hot water kettle', 'Wine glasses', 'Dedicated workspace', 'Microwave', 'Coffee maker: Keurig coffee machine', 'Clothing storage', 'Dining table', 'Heating', 'Long term stays allowed', 'Pets allowed', 'Oven', 'BBQ grill', 'AC - split type ductless system', 'Backyard', 'Essentials', 'Coffee', 'Laundromat nearby', 'Outdoor furniture', 'First aid kit', 'Conditioner', 'Free washer – In unit', 'Dishes and silverware', 'Free parking on premises', 'Hangers', 'Refrigerator', 'Self check-in', 'Freezer', 'Free street parking', 'Lockbox', 'Fire extinguisher', 'Cleaning products', 'Stove']",48,1,1,1,1,1,1,1,0,0,0,1,1,Entire place
FIFTEENTH WARD,42.674675,-73.822861,108,Entire home/apt,Entire cottage,10,4.0,2.0,53,1.11,18,4.98,4.92,4.94,349,t,"[""Smoke alarm"", ""Kitchen"", ""Dishwasher"", ""Samsung stainless steel electric stove"", ""Private patio or balcony"", ""Ethernet connection"", ""Baby safety gates"", ""Shower gel"", ""Hot water"", ""Private entrance"", ""Hair dryer"", ""Body soap"", ""Outdoor dining area"", ""Mini fridge"", ""Carbon monoxide alarm"", ""Bed linens"", ""Luggage dropoff allowed"", ""Bathtub"", ""Cooking basics"", ""Ceiling fan"", ""Shampoo"", ""Iron"", ""Room-darkening shades"", ""Exercise equipment: treadmill"", ""Central air conditioning"", ""Fast wifi \u2013 384 Mbps"", ""Dedicated workspace"", ""Microwave"", ""Hot water kettle"", ""Wine glasses"", ""65 inch HDTV with standard cable, Netflix, Apple TV, Hulu, Amazon Prime Video, premium cable, Roku"", ""Heating"", ""Dining table"", ""Smart lock"", ""Sonos sound system with aux"", ""Extra pillows and blankets"", ""Pets allowed"", ""Long term stays allowed"", ""Oven"", ""Private sauna"", ""Portable fans"", ""Drying rack for clothing"", ""Exterior security cameras on property"", ""Toaster"", ""BBQ grill: gas"", ""Essentials"", ""Coffee"", ""Laundromat nearby"", ""Garden view"", ""Outdoor furniture"", ""Single level home"", ""Pack \u2019n play/Travel crib"", ""Clothing storage: closet"", ""First aid kit"", ""Barbecue utensils"", ""Baby bath"", ""Conditioner"", ""Free washer \u2013 In unit"", ""Courtyard view"", ""Dishes and silverware"", ""Crib"", ""Hangers"", ""Refrigerator"", ""Blender"", ""Free driveway parking on premises \u2013 4 spaces"", ""Self check-in"", ""Freezer"", ""Coffee maker: drip coffee maker"", ""Free street parking"", ""Sun loungers"", ""Fire extinguisher"", ""Free dryer \u2013 In unit"", ""Baking sheet"", ""Private backyard \u2013 Fully fenced"", ""Cleaning products"", ""Private gym in building""]",53860077,"['Smoke alarm', 'Kitchen', 'Dishwasher', 'Samsung stainless steel electric stove', 'Private patio or balcony', 'Ethernet connection', 'Baby safety gates', 'Shower gel', 'Hot water', 'Private entrance', 'Hair dryer', 'Body soap', 'Outdoor dining area', 'Mini fridge', 'Carbon monoxide alarm', 'Bed linens', 'Luggage dropoff allowed', 'Bathtub', 'Cooking basics', 'Ceiling fan', 'Shampoo', 'Iron', 'Room-darkening shades', 'Exercise equipment: treadmill', 'Central air conditioning', 'Fast wifi – 384 Mbps', 'Dedicated workspace', 'Microwave', 'Hot water kettle', 'Wine glasses', '65 inch HDTV with standard cable, Netflix, Apple TV, Hulu, Amazon Prime Video, premium cable, Roku', 'Heating', 'Dining table', 'Smart lock', 'Sonos sound system with aux', 'Extra pillows and blankets', 'Pets allowed', 'Long term stays allowed', 'Oven', 'Private sauna', 'Portable fans', 'Drying rack for clothing', 'Exterior security cameras on property', 'Toaster', 'BBQ grill: gas', 'Essentials', 'Coffee', 'Laundromat nearby', 'Garden view', 'Outdoor furniture', 'Single level home', 'Pack ’n play/Travel crib', 'Clothing storage: closet', 'First aid kit', 'Barbecue utensils', 'Baby bath', 'Conditioner', 'Free washer – In unit', 'Courtyard view', 'Dishes and silverware', 'Crib', 'Hangers', 'Refrigerator', 'Blender', 'Free driveway parking on premises – 4 spaces', 'Self check-in', 'Freezer', 'Coffee maker: drip coffee maker', 'Free street parking', 'Sun loungers', 'Fire extinguisher', 'Free dryer – In unit', 'Baking sheet', 'Private backyard – Fully fenced', 'Cleaning products', 'Private gym in building']",76,1,1,1,1,1,1,1,1,1,1,1,1,Entire place
TENTH WARD,42.66261,-73.79026,132,Entire home/apt,Entire home,2,1.0,1.0,120,2.68,22,4.76,4.73,4.83,363,t,"[""Smoke alarm"", ""Kitchen"", ""Dishwasher"", ""Trash compactor"", ""Clothing storage: closet and dresser"", ""Portable air conditioning"", ""Wifi"", ""Shower gel"", ""Hot water"", ""Hair dryer"", ""Body soap"", ""Carbon monoxide alarm"", ""Bed linens"", ""Bathtub"", ""TV with Netflix"", ""Cooking basics"", ""Shampoo"", ""Iron"", ""Hot water kettle"", ""Wine glasses"", ""Microwave"", ""Coffee maker: Keurig coffee machine"", ""Dining table"", ""Stainless steel oven"", ""Paid street parking off premises"", ""Extra pillows and blankets"", ""Long term stays allowed"", ""Electric stove"", ""Radiant heating"", ""Toaster"", ""Essentials"", ""Coffee"", ""First aid kit"", ""Free parking on premises"", ""Dishes and silverware"", ""Hangers"", ""Refrigerator"", ""Blender"", ""Self check-in"", ""Freezer"", ""Fire extinguisher"", ""Cleaning products"", ""Keypad"", ""Cleaning available during stay""]",54126420,"['Smoke alarm', 'Kitchen', 'Dishwasher', 'Trash compactor', 'Clothing storage: closet and dresser', 'Portable air conditioning', 'Wifi', 'Shower gel', 'Hot water', 'Hair dryer', 'Body soap', 'Carbon monoxide alarm', 'Bed linens', 'Bathtub', 'TV with Netflix', 'Cooking basics', 'Shampoo', 'Iron', 'Hot water kettle', 'Wine glasses', 'Microwave', 'Coffee maker: Keurig coffee machine', 'Dining table', 'Stainless steel oven', 'Paid street parking off premises', 'Extra pillows and blankets', 'Long term stays allowed', 'Electric stove', 'Radiant heating', 'Toaster', 'Essentials', 'Coffee', 'First aid kit', 'Free parking on premises', 'Dishes and silverware', 'Hangers', 'Refrigerator', 'Blender', 'Self check-in', 'Freezer', 'Fire extinguisher', 'Cleaning products', 'Keypad', 'Cleaning available during stay']",44,1,1,1,1,0,1,0,0,0,0,0,1,Entire place
SIXTH WARD,42.65422,-73.76996,84,Entire home/apt,Entire rental unit,4,2.0,1.0,80,1.69,14,4.9,4.88,4.84,321,t,"[""Smoke alarm"", ""Dishwasher"", ""Trash compactor"", ""Clothing storage: closet and dresser"", ""Portable air conditioning"", ""Wifi"", ""Shower gel"", ""Hot water"", ""Hair dryer"", ""Mini fridge"", ""Carbon monoxide alarm"", ""Bed linens"", ""Bathtub"", ""Cooking basics"", ""Shampoo"", ""Iron"", ""Hot water kettle"", ""Safe"", ""Wine glasses"", ""Microwave"", ""Coffee maker: Keurig coffee machine"", ""Stainless steel oven"", ""Extra pillows and blankets"", ""Electric stove"", ""HDTV with Disney+, Netflix, HBO Max"", ""Toaster"", ""Essentials"", ""Coffee"", ""Central heating"", ""Free washer \u2013 In unit"", ""Window AC unit"", ""Dishes and silverware"", ""Free parking on premises"", ""Hangers"", ""Refrigerator"", ""Blender"", ""Self check-in"", ""Freezer"", ""Free dryer \u2013 In unit"", ""Keypad"", ""Board games""]",54126421,"['Smoke alarm', 'Dishwasher', 'Trash compactor', 'Clothing storage: closet and dresser', 'Portable air conditioning', 'Wifi', 'Shower gel', 'Hot water', 'Hair dryer', 'Mini fridge', 'Carbon monoxide alarm', 'Bed linens', 'Bathtub', 'Cooking basics', 'Shampoo', 'Iron', 'Hot water kettle', 'Safe', 'Wine glasses', 'Microwave', 'Coffee maker: Keurig coffee machine', 'Stainless steel oven', 'Extra pillows and blankets', 'Electric stove', 'HDTV with Disney+, Netflix, HBO Max', 'Toaster', 'Essentials', 'Coffee', 'Central heating', 'Free washer – In unit', 'Window AC unit', 'Dishes and silverware', 'Free parking on premises', 'Hangers', 'Refrigerator', 'Blender', 'Self check-in', 'Freezer', 'Free dryer – In unit', 'Keypad', 'Board games']",41,1,1,1,1,0,1,0,0,0,0,0,1,Entire place
SIXTH WARD,42.65403,-73.77056,255,Entire home/apt,Entire townhouse,2,1.0,1.0,183,3.66,65,4.87,4.81,4.8,359,t,"[""Smoke alarm"", ""Kitchen"", ""Dishwasher"", ""Trash compactor"", ""Portable air conditioning"", ""Wifi"", ""Shower gel"", ""Free driveway parking on premises \u2013 1 space"", ""Hot water"", ""Exercise equipment: stationary bike"", ""Hair dryer"", ""Body soap"", ""Private entrance"", ""Carbon monoxide alarm"", ""Bed linens"", ""Bathtub"", ""Cooking basics"", ""Shampoo"", ""Iron"", ""Room-darkening shades"", ""Wine glasses"", ""Dedicated workspace"", ""Microwave"", ""Coffee maker: Keurig coffee machine"", ""Dining table"", ""Extra pillows and blankets"", ""Long term stays allowed"", ""Clothing storage: walk-in closet and dresser"", ""Electric stove"", ""Oven"", ""Toaster"", ""Essentials"", ""Coffee"", ""Books and reading material"", ""Central heating"", ""First aid kit"", ""Conditioner"", ""Free washer \u2013 In unit"", ""Dishes and silverware"", ""Hangers"", ""Refrigerator"", ""Blender"", ""Self check-in"", ""HDTV with HBO Max, Netflix, Disney+"", ""Freezer"", ""Lockbox"", ""Fire extinguisher"", ""Free dryer \u2013 In unit"", ""Cleaning products""]",54126427,"['Smoke alarm', 'Kitchen', 'Dishwasher', 'Trash compactor', 'Portable air conditioning', 'Wifi', 'Shower gel', 'Free driveway parking on premises – 1 space', 'Hot water', 'Exercise equipment: stationary bike', 'Hair dryer', 'Body soap', 'Private entrance', 'Carbon monoxide alarm', 'Bed linens', 'Bathtub', 'Cooking basics', 'Shampoo', 'Iron', 'Room-darkening shades', 'Wine glasses', 'Dedicated workspace', 'Microwave', 'Coffee maker: Keurig coffee machine', 'Dining table', 'Extra pillows and blankets', 'Long term stays allowed', 'Clothing storage: walk-in closet and dresser', 'Electric stove', 'Oven', 'Toaster', 'Essentials', 'Coffee', 'Books and reading material', 'Central heating', 'First aid kit', 'Conditioner', 'Free washer – In unit', 'Dishes and silverware', 'Hangers', 'Refrigerator', 'Blender', 'Self check-in', 'HDTV with HBO Max, Netflix, Disney+', 'Freezer', 'Lockbox', 'Fire extinguisher', 'Free dryer – In unit', 'Cleaning products']",49,1,1,1,1,1,1,0,0,1,0,0,1,Entire place
SIXTH WARD,42.65594,-73.76591,252,Entire home/apt,Entire townhouse,7,2.0,2.0,275,5.66,42,4.98,4.95,4.87,318,t,"[""55 inch HDTV with Roku, standard cable"", ""Smoke alarm"", ""Kitchen"", ""Dishwasher"", ""Private patio or balcony"", ""Wifi"", ""Shower gel"", ""Hot water"", ""Private entrance"", ""Hair dryer"", ""Body soap"", ""Carbon monoxide alarm"", ""Bed linens"", ""Luggage dropoff allowed"", ""Bathtub"", ""Cooking basics"", ""Baking sheet"", ""Shampoo"", ""Iron"", ""Room-darkening shades"", ""Central air conditioning"", ""Hot water kettle"", ""Dedicated workspace"", ""Microwave"", ""Wine glasses"", ""Dining table"", ""Smart lock"", ""Extra pillows and blankets"", ""Long term stays allowed"", ""Oven"", ""BBQ grill: gas"", ""Exterior security cameras on property"", ""Toaster"", ""Essentials"", ""Coffee"", ""Books and reading material"", ""Central heating"", ""First aid kit"", ""Clothing storage: closet and wardrobe"", ""Barbecue utensils"", ""Conditioner"", ""Free washer \u2013 In unit"", ""Dishes and silverware"", ""Crib"", ""Hangers"", ""Refrigerator"", ""Blender"", ""Self check-in"", ""Freezer"", ""Free street parking"", ""Exercise equipment: stationary bike, yoga mat"", ""Fire extinguisher"", ""Coffee maker: drip coffee maker, Keurig coffee machine"", ""Free dryer \u2013 In unit"", ""Private backyard \u2013 Fully fenced"", ""Cleaning products"", ""Free parking garage on premises \u2013 1 space"", ""GE gas stove"", ""Private gym in building""]",54128829,"['55 inch HDTV with Roku, standard cable', 'Smoke alarm', 'Kitchen', 'Dishwasher', 'Private patio or balcony', 'Wifi', 'Shower gel', 'Hot water', 'Private entrance', 'Hair dryer', 'Body soap', 'Carbon monoxide alarm', 'Bed linens', 'Luggage dropoff allowed', 'Bathtub', 'Cooking basics', 'Baking sheet', 'Shampoo', 'Iron', 'Room-darkening shades', 'Central air conditioning', 'Hot water kettle', 'Dedicated workspace', 'Microwave', 'Wine glasses', 'Dining table', 'Smart lock', 'Extra pillows and blankets', 'Long term stays allowed', 'Oven', 'BBQ grill: gas', 'Exterior security cameras on property', 'Toaster', 'Essentials', 'Coffee', 'Books and reading material', 'Central heating', 'First aid kit', 'Clothing storage: closet and wardrobe', 'Barbecue utensils', 'Conditioner', 'Free washer – In unit', 'Dishes and silverware', 'Crib', 'Hangers', 'Refrigerator', 'Blender', 'Self check-in', 'Freezer', 'Free street parking', 'Exercise equipment: stationary bike, yoga mat', 'Fire extinguisher', 'Coffee maker: drip coffee maker, Keurig coffee machine', 'Free dryer – In unit', 'Private backyard – Fully fenced', 'Cleaning products', 'Free parking garage on premises – 1 space', 'GE gas stove', 'Private gym in building']",59,1,1,1,1,1,1,1,1,1,0,0,1,Entire place
SIXTH WARD,42.65143,-73.76497,255,Entire home/apt,Entire townhouse,8,3.0,2.0,261,5.48,61,4.98,4.98,4.95,15,t,"[""Smoke alarm"", ""Kitchen"", ""Dishwasher"", ""Wifi"", ""Shower gel"", ""Hot water"", ""Coffee maker"", ""Private entrance"", ""Hair dryer"", ""Body soap"", ""Outdoor dining area"", ""City skyline view"", ""Carbon monoxide alarm"", ""Bed linens"", ""Luggage dropoff allowed"", ""Bathtub"", ""Cooking basics"", ""Baking sheet"", ""Shampoo"", ""Iron"", ""Room-darkening shades"", ""Hot water kettle"", ""Wine glasses"", ""Dedicated workspace"", ""Microwave"", ""Dining table"", ""Stainless steel oven"", ""Washer"", ""Extra pillows and blankets"", ""Pets allowed"", ""Long term stays allowed"", ""BBQ grill"", ""Radiant heating"", ""Portable fans"", ""Drying rack for clothing"", ""Toaster"", ""Essentials"", ""Coffee"", ""Outdoor furniture"", ""Clothing storage: closet"", ""First aid kit"", ""Barbecue utensils"", ""Conditioner"", ""Courtyard view"", ""Window AC unit"", ""Dishes and silverware"", ""Hangers"", ""Refrigerator"", ""Blender"", ""Self check-in"", ""Freezer"", ""Free street parking"", ""Lockbox"", ""Fire extinguisher"", ""Free dryer \u2013 In unit"", ""Private backyard \u2013 Fully fenced"", ""Cleaning products"", ""HDTV with HBO Max, Disney+, standard cable, Amazon Prime Video, Hulu, Netflix"", ""Board games"", ""Stainless steel gas stove""]",54150131,"['Smoke alarm', 'Kitchen', 'Dishwasher', 'Wifi', 'Shower gel', 'Hot water', 'Coffee maker', 'Private entrance', 'Hair dryer', 'Body soap', 'Outdoor dining area', 'City skyline view', 'Carbon monoxide alarm', 'Bed linens', 'Luggage dropoff allowed', 'Bathtub', 'Cooking basics', 'Baking sheet', 'Shampoo', 'Iron', 'Room-darkening shades', 'Hot water kettle', 'Wine glasses', 'Dedicated workspace', 'Microwave', 'Dining table', 'Stainless steel oven', 'Washer', 'Extra pillows and blankets', 'Pets allowed', 'Long term stays allowed', 'BBQ grill', 'Radiant heating', 'Portable fans', 'Drying rack for clothing', 'Toaster', 'Essentials', 'Coffee', 'Outdoor furniture', 'Clothing storage: closet', 'First aid kit', 'Barbecue utensils', 'Conditioner', 'Courtyard view', 'Window AC unit', 'Dishes and silverware', 'Hangers', 'Refrigerator', 'Blender', 'Self check-in', 'Freezer', 'Free street parking', 'Lockbox', 'Fire extinguisher', 'Free dryer – In unit', 'Private backyard – Fully fenced', 'Cleaning products', 'HDTV with HBO Max, Disney+, standard cable, Amazon Prime Video, Hulu, Netflix', 'Board games', 'Stainless steel gas stove']",60,1,1,1,1,1,1,1,0,0,1,1,1,Entire place
NINTH WARD,42.65578,-73.78641,192,Entire home/apt,Entire townhouse,6,2.0,1.5,78,1.89,32,4.9,4.88,4.78,253,t,"[""Smoke alarm"", ""Kitchen"", ""Dishwasher"", ""Ethernet connection"", ""Wifi"", ""Shower gel"", ""Hot water"", ""Coffee maker"", ""Private entrance"", ""Hair dryer"", ""Outdoor dining area"", ""TV"", ""Carbon monoxide alarm"", ""Bed linens"", ""Bathtub"", ""Cooking basics"", ""Ceiling fan"", ""Iron"", ""Suave conditioner"", ""Hot water kettle"", ""Baking sheet"", ""Dedicated workspace"", ""Microwave"", ""Dining table"", ""Heating"", ""Washer"", ""Electric stove"", ""Oven"", ""Backyard"", ""Patio or balcony"", ""Air conditioning"", ""Essentials"", ""Coffee"", ""Suave  body soap"", ""Clothing storage: closet"", ""First aid kit"", ""Free parking on premises"", ""Dishes and silverware"", ""Hangers"", ""Refrigerator"", ""Self check-in"", ""Freezer"", ""Suave shampoo"", ""Lockbox"", ""Fire extinguisher"", ""Free dryer \u2013 In unit"", ""Cleaning products"", ""Board games"", ""Standalone high chair""]",54369238,"['Smoke alarm', 'Kitchen', 'Dishwasher', 'Ethernet connection', 'Wifi', 'Shower gel', 'Hot water', 'Coffee maker', 'Private entrance', 'Hair dryer', 'Outdoor dining area', 'TV', 'Carbon monoxide alarm', 'Bed linens', 'Bathtub', 'Cooking basics', 'Ceiling fan', 'Iron', 'Suave conditioner', 'Hot water kettle', 'Baking sheet', 'Dedicated workspace', 'Microwave', 'Dining table', 'Heating', 'Washer', 'Electric stove', 'Oven', 'Backyard', 'Patio or balcony', 'Air conditioning', 'Essentials', 'Coffee', 'Suave  body soap', 'Clothing storage: closet', 'First aid kit', 'Free parking on premises', 'Dishes and silverware', 'Hangers', 'Refrigerator', 'Self check-in', 'Freezer', 'Suave shampoo', 'Lockbox', 'Fire extinguisher', 'Free dryer – In unit', 'Cleaning products', 'Board games', 'Standalone high chair']",49,1,1,1,1,1,1,1,1,0,0,0,1,Entire place
TENTH WARD,42.65905,-73.77964,84,Entire home/apt,Entire rental unit,3,1.0,1.0,64,1.41,14,4.72,4.67,4.38,361,t,"[""Smoke alarm"", ""Kitchen"", ""Dishwasher"", ""Wifi"", ""Hot water"", ""Hair dryer"", ""GE stainless steel gas stove"", ""Carbon monoxide alarm"", ""Bed linens"", ""58 inch HDTV with Amazon Prime Video, Fire TV, HBO Max, Disney+, Apple TV, Netflix, Roku, Hulu"", ""Luggage dropoff allowed"", ""Ge refrigerator"", ""Cooking basics"", ""Ceiling fan"", ""Iron"", ""Baking sheet"", ""Room-darkening shades"", ""Safe"", ""Hot water kettle"", ""Dedicated workspace"", ""Microwave"", ""Coffee maker: Keurig coffee machine"", ""Long term stays allowed"", ""GE stainless steel oven"", ""Radiant heating"", ""Air conditioning"", ""Toaster"", ""Essentials"", ""Coffee"", ""Laundromat nearby"", ""Suave  conditioner"", ""Suave  body soap"", ""Clothing storage: closet"", ""Dishes and silverware"", ""Hangers"", ""Self check-in"", ""Suave  shampoo"", ""Freezer"", ""Free street parking"", ""Lockbox"", ""Cleaning products"", ""Board games""]",54369240,"['Smoke alarm', 'Kitchen', 'Dishwasher', 'Wifi', 'Hot water', 'Hair dryer', 'GE stainless steel gas stove', 'Carbon monoxide alarm', 'Bed linens', '58 inch HDTV with Amazon Prime Video, Fire TV, HBO Max, Disney+, Apple TV, Netflix, Roku, Hulu', 'Luggage dropoff allowed', 'Ge refrigerator', 'Cooking basics', 'Ceiling fan', 'Iron', 'Baking sheet', 'Room-darkening shades', 'Safe', 'Hot water kettle', 'Dedicated workspace', 'Microwave', 'Coffee maker: Keurig coffee machine', 'Long term stays allowed', 'GE stainless steel oven', 'Radiant heating', 'Air conditioning', 'Toaster', 'Essentials', 'Coffee', 'Laundromat nearby', 'Suave  conditioner', 'Suave  body soap', 'Clothing storage: closet', 'Dishes and silverware', 'Hangers', 'Self check-in', 'Suave  shampoo', 'Freezer', 'Free street parking', 'Lockbox', 'Cleaning products', 'Board games']",42,1,1,1,1,1,1,0,0,0,0,0,1,Entire place
NINTH WARD,42.66062,-73.79112,0,Entire home/apt,Entire rental unit,2,1.0,1.0,2,0.05,0,3.0,3.0,4.5,363,f,"[""Smoke alarm"", ""Kitchen"", ""Bikes"", ""Wifi"", ""Hot water"", ""Coffee maker"", ""Private entrance"", ""Hair dryer"", ""Body soap"", ""TV"", ""Carbon monoxide alarm"", ""Clothing storage: dresser"", ""Bed linens"", ""Bluetooth sound system"", ""Cooking basics"", ""Shampoo"", ""Iron"", ""Dedicated workspace"", ""Microwave"", ""Dining table"", ""Heating"", ""Exercise equipment"", ""Extra pillows and blankets"", ""Long term stays allowed"", ""Oven"", ""Portable fans"", ""Essentials"", ""Coffee"", ""Laundromat nearby"", ""Single level home"", ""First aid kit"", ""Conditioner"", ""Free parking on premises"", ""Dishes and silverware"", ""Self check-in"", ""Refrigerator"", ""Freezer"", ""Free street parking"", ""Lockbox"", ""Fire extinguisher"", ""Cleaning products"", ""Stove""]",559249822516788574,"['Smoke alarm', 'Kitchen', 'Bikes', 'Wifi', 'Hot water', 'Coffee maker', 'Private entrance', 'Hair dryer', 'Body soap', 'TV', 'Carbon monoxide alarm', 'Clothing storage: dresser', 'Bed linens', 'Bluetooth sound system', 'Cooking basics', 'Shampoo', 'Iron', 'Dedicated workspace', 'Microwave', 'Dining table', 'Heating', 'Exercise equipment', 'Extra pillows and blankets', 'Long term stays allowed', 'Oven', 'Portable fans', 'Essentials', 'Coffee', 'Laundromat nearby', 'Single level home', 'First aid kit', 'Conditioner', 'Free parking on premises', 'Dishes and silverware', 'Self check-in', 'Refrigerator', 'Freezer', 'Free street parking', 'Lockbox', 'Fire extinguisher', 'Cleaning products', 'Stove']",42,1,1,1,1,1,0,0,0,1,0,0,1,Entire place
SECOND WARD,42.64441,-73.75647,78,Entire home/apt,Entire rental unit,2,1.0,1.0,16,0.36,3,5.0,4.88,4.25,349,f,"[""Smoke alarm"", ""Kitchen"", ""Dishwasher"", ""Gas stove"", ""Free driveway parking on premises \u2013 1 space"", ""Hot water"", ""Private entrance"", ""TV"", ""Carbon monoxide alarm"", ""City skyline view"", ""Cooking basics"", ""Iron"", ""Central air conditioning"", ""Hot water kettle"", ""Wine glasses"", ""Free dryer \u2013 In building"", ""Dedicated workspace"", ""Microwave"", ""Coffee maker: Keurig coffee machine"", ""Host greets you"", ""Stainless steel oven"", ""Extra pillows and blankets"", ""Long term stays allowed"", ""Fast wifi \u2013 421 Mbps"", ""Exterior security cameras on property"", ""Toaster"", ""Essentials"", ""Central heating"", ""Dishes and silverware"", ""Hangers"", ""Refrigerator"", ""Free washer \u2013 In building"", ""Freezer"", ""Free street parking"", ""Cleaning products""]",588298411730694861,"['Smoke alarm', 'Kitchen', 'Dishwasher', 'Gas stove', 'Free driveway parking on premises – 1 space', 'Hot water', 'Private entrance', 'TV', 'Carbon monoxide alarm', 'City skyline view', 'Cooking basics', 'Iron', 'Central air conditioning', 'Hot water kettle', 'Wine glasses', 'Free dryer – In building', 'Dedicated workspace', 'Microwave', 'Coffee maker: Keurig coffee machine', 'Host greets you', 'Stainless steel oven', 'Extra pillows and blankets', 'Long term stays allowed', 'Fast wifi – 421 Mbps', 'Exterior security cameras on property', 'Toaster', 'Essentials', 'Central heating', 'Dishes and silverware', 'Hangers', 'Refrigerator', 'Free washer – In building', 'Freezer', 'Free street parking', 'Cleaning products']",35,1,1,1,0,1,1,0,0,0,1,0,1,Entire place
THIRTEENTH WARD,42.66911,-73.79869,186,Private room,Private room in home,2,1.0,1.0,149,3.38,31,4.96,4.95,4.95,10,t,"[""Smoke alarm"", ""Kitchen"", ""Dishwasher"", ""Wolf stainless steel oven"", ""Pack \u2019n play/Travel crib - always at the listing"", ""Clothing storage: closet and dresser"", ""Boston acoustics  sound system"", ""Wifi"", ""Shower gel"", ""Hot water"", ""Coffee maker"", ""Hair dryer"", ""Body soap"", ""Fire pit"", ""Outdoor dining area"", ""Mini fridge"", ""Carbon monoxide alarm"", ""Bread maker"", ""Bed linens"", ""Luggage dropoff allowed"", ""55 inch HDTV"", ""Pool table"", ""Bathtub"", ""Cooking basics"", ""Baking sheet"", ""Shampoo"", ""Iron"", ""Outdoor shower"", ""Room-darkening shades"", ""Free dryer \u2013 In building"", ""Fireplace guards"", ""Central air conditioning"", ""Dedicated workspace"", ""Microwave"", ""Hot water kettle"", ""Wine glasses"", ""Heating"", ""Dining table"", ""Hammock"", ""Extra pillows and blankets"", ""Long term stays allowed"", ""BBQ grill"", ""Portable fans"", ""Exterior security cameras on property"", ""Toaster"", ""Essentials"", ""Lock on bedroom door"", ""Coffee"", ""Laundromat nearby"", ""Shared patio or balcony"", ""Outdoor furniture"", ""Books and reading material"", ""Shared outdoor pool - available seasonally, open 24 hours, heated, pool toys"", ""Shared hot tub"", ""Barbecue utensils"", ""Free parking on premises"", ""Dishes and silverware"", ""Hangers"", ""Refrigerator"", ""Blender"", ""Free washer \u2013 In building"", ""Self check-in"", ""Freezer"", ""Free street parking"", ""Sun loungers"", ""Wolf electric stove"", ""Fire extinguisher"", ""Paid parking lot on premises"", ""Cleaning products"", ""Keypad"", ""Board games"", ""Indoor fireplace: gas"", ""Cleaning available during stay"", ""Pool view"", ""Shared backyard \u2013 Fully fenced""]",593272120497643087,"['Smoke alarm', 'Kitchen', 'Dishwasher', 'Wolf stainless steel oven', 'Pack ’n play/Travel crib - always at the listing', 'Clothing storage: closet and dresser', 'Boston acoustics  sound system', 'Wifi', 'Shower gel', 'Hot water', 'Coffee maker', 'Hair dryer', 'Body soap', 'Fire pit', 'Outdoor dining area', 'Mini fridge', 'Carbon monoxide alarm', 'Bread maker', 'Bed linens', 'Luggage dropoff allowed', '55 inch HDTV', 'Pool table', 'Bathtub', 'Cooking basics', 'Baking sheet', 'Shampoo', 'Iron', 'Outdoor shower', 'Room-darkening shades', 'Free dryer – In building', 'Fireplace guards', 'Central air conditioning', 'Dedicated workspace', 'Microwave', 'Hot water kettle', 'Wine glasses', 'Heating', 'Dining table', 'Hammock', 'Extra pillows and blankets', 'Long term stays allowed', 'BBQ grill', 'Portable fans', 'Exterior security cameras on property', 'Toaster', 'Essentials', 'Lock on bedroom door', 'Coffee', 'Laundromat nearby', 'Shared patio or balcony', 'Outdoor furniture', 'Books and reading material', 'Shared outdoor pool - available seasonally, open 24 hours, heated, pool toys', 'Shared hot tub', 'Barbecue utensils', 'Free parking on premises', 'Dishes and silverware', 'Hangers', 'Refrigerator', 'Blender', 'Free washer – In building', 'Self check-in', 'Freezer', 'Free street parking', 'Sun loungers', 'Wolf electric stove', 'Fire extinguisher', 'Paid parking lot on premises', 'Cleaning products', 'Keypad', 'Board games', 'Indoor fireplace: gas', 'Cleaning available during stay', 'Pool view', 'Shared backyard – Fully fenced']",75,1,1,1,1,1,1,1,1,1,1,0,1,Private room
SIXTH WARD,42.65353,-73.7679,255,Entire home/apt,Entire rental unit,2,1.0,1.0,225,4.89,68,4.87,4.85,4.79,336,t,"[""Smoke alarm"", ""Kitchen"", ""Indoor fireplace: electric"", ""Ethernet connection"", ""Portable air conditioning"", ""Wifi"", ""Hot water"", ""Private entrance"", ""Hair dryer"", ""Body soap"", ""Carbon monoxide alarm"", ""Bed linens"", ""Heating - split type ductless system"", ""Bathtub"", ""Cooking basics"", ""Ceiling fan"", ""Shampoo"", ""Iron"", ""Room-darkening shades"", ""Hot water kettle"", ""Wine glasses"", ""Dedicated workspace"", ""Microwave"", ""Portable heater"", ""Clothing storage"", ""Coffee maker: Keurig coffee machine"", ""Dining table"", ""Smart lock"", ""Extra pillows and blankets"", ""Pets allowed"", ""Oven"", ""Portable fans"", ""Exterior security cameras on property"", ""Toaster"", ""Essentials"", ""Coffee"", ""Laundromat nearby"", ""Shared patio or balcony"", ""Stainless steel electric stove"", ""First aid kit"", ""Conditioner"", ""Dishes and silverware"", ""Hangers"", ""60 inch HDTV with Hulu"", ""Refrigerator"", ""Self check-in"", ""Freezer"", ""Free street parking"", ""Fire extinguisher"", ""Baking sheet"", ""Cleaning products""]",617242073954595468,"['Smoke alarm', 'Kitchen', 'Indoor fireplace: electric', 'Ethernet connection', 'Portable air conditioning', 'Wifi', 'Hot water', 'Private entrance', 'Hair dryer', 'Body soap', 'Carbon monoxide alarm', 'Bed linens', 'Heating - split type ductless system', 'Bathtub', 'Cooking basics', 'Ceiling fan', 'Shampoo', 'Iron', 'Room-darkening shades', 'Hot water kettle', 'Wine glasses', 'Dedicated workspace', 'Microwave', 'Portable heater', 'Clothing storage', 'Coffee maker: Keurig coffee machine', 'Dining table', 'Smart lock', 'Extra pillows and blankets', 'Pets allowed', 'Oven', 'Portable fans', 'Exterior security cameras on property', 'Toaster', 'Essentials', 'Coffee', 'Laundromat nearby', 'Shared patio or balcony', 'Stainless steel electric stove', 'First aid kit', 'Conditioner', 'Dishes and silverware', 'Hangers', '60 inch HDTV with Hulu', 'Refrigerator', 'Self check-in', 'Freezer', 'Free street parking', 'Fire extinguisher', 'Baking sheet', 'Cleaning products']",51,1,1,1,1,1,1,1,0,0,0,1,1,Entire place
SECOND WARD,42.64489,-73.75731,26,Entire home/apt,Entire rental unit,2,1.0,1.0,11,0.25,1,5.0,5.0,4.09,358,f,"[""Smoke alarm"", ""Kitchen"", ""Hot water"", ""Dryer"", ""TV"", ""Carbon monoxide alarm"", ""Cooking basics"", ""Iron"", ""Host greets you"", ""Dedicated workspace"", ""Heating"", ""Washer"", ""Long term stays allowed"", ""Exterior security cameras on property"", ""Air conditioning"", ""Essentials"", ""Free parking on premises"", ""Hangers"", ""Fast wifi \u2013 478 Mbps""]",619695112394148331,"['Smoke alarm', 'Kitchen', 'Hot water', 'Dryer', 'TV', 'Carbon monoxide alarm', 'Cooking basics', 'Iron', 'Host greets you', 'Dedicated workspace', 'Heating', 'Washer', 'Long term stays allowed', 'Exterior security cameras on property', 'Air conditioning', 'Essentials', 'Free parking on premises', 'Hangers', 'Fast wifi – 478 Mbps']",19,1,1,1,0,1,1,0,0,0,0,0,1,Entire place
FOURTEENTH WARD,42.66762,-73.79919,18,Entire home/apt,Entire home,12,4.0,3.5,18,0.41,3,4.94,4.89,4.89,288,t,"[""Smoke alarm"", ""Kitchen"", ""Dishwasher"", ""Private patio or balcony"", ""Private hot tub"", ""Wifi"", ""Hot water"", ""Hair dryer"", ""Fire pit"", ""Outdoor dining area"", ""Pool view"", ""Mini fridge"", ""Carbon monoxide alarm"", ""Bed linens"", ""Bluetooth sound system"", ""Pool table"", ""Bathtub"", ""Cooking basics"", ""Ceiling fan"", ""Shampoo"", ""Iron"", ""Outdoor shower"", ""Central air conditioning"", ""Hot water kettle"", ""Dedicated workspace"", ""Microwave"", ""Wine glasses"", ""Stainless steel oven"", ""Rad body soap"", ""Hammock"", ""Smart lock"", ""Extra pillows and blankets"", ""Pets allowed"", ""BBQ grill"", ""Radiant heating"", ""Portable fans"", ""Noise decibel monitors on property"", ""Exterior security cameras on property"", ""Essentials"", ""Coffee"", ""Outdoor furniture"", ""Private outdoor pool - available seasonally, open 24 hours, heated"", ""Books and reading material"", ""Clothing storage: closet"", ""Free parking on premises"", ""Dishes and silverware"", ""Crib"", ""Hangers"", ""Refrigerator"", ""Blender"", ""Free washer \u2013 In building"", ""Self check-in"", ""Coffee maker: drip coffee maker"", ""Head and Shoulders conditioner"", ""Fire extinguisher"", ""Free dryer \u2013 In unit"", ""Private backyard \u2013 Fully fenced"", ""Cleaning products"", ""Board games"", ""Indoor fireplace: gas"", ""65 inch HDTV with Amazon Prime Video""]",621960198566758900,"['Smoke alarm', 'Kitchen', 'Dishwasher', 'Private patio or balcony', 'Private hot tub', 'Wifi', 'Hot water', 'Hair dryer', 'Fire pit', 'Outdoor dining area', 'Pool view', 'Mini fridge', 'Carbon monoxide alarm', 'Bed linens', 'Bluetooth sound system', 'Pool table', 'Bathtub', 'Cooking basics', 'Ceiling fan', 'Shampoo', 'Iron', 'Outdoor shower', 'Central air conditioning', 'Hot water kettle', 'Dedicated workspace', 'Microwave', 'Wine glasses', 'Stainless steel oven', 'Rad body soap', 'Hammock', 'Smart lock', 'Extra pillows and blankets', 'Pets allowed', 'BBQ grill', 'Radiant heating', 'Portable fans', 'Noise decibel monitors on property', 'Exterior security cameras on property', 'Essentials', 'Coffee', 'Outdoor furniture', 'Private outdoor pool - available seasonally, open 24 hours, heated', 'Books and reading material', 'Clothing storage: closet', 'Free parking on premises', 'Dishes and silverware', 'Crib', 'Hangers', 'Refrigerator', 'Blender', 'Free washer – In building', 'Self check-in', 'Coffee maker: drip coffee maker', 'Head and Shoulders conditioner', 'Fire extinguisher', 'Free dryer – In unit', 'Private backyard – Fully fenced', 'Cleaning products', 'Board games', 'Indoor fireplace: gas', '65 inch HDTV with Amazon Prime Video']",61,1,1,1,1,1,1,1,1,1,1,1,1,Entire place
SECOND WARD,42.64528,-73.75861,66,Entire home/apt,Entire rental unit,2,1.0,1.0,64,1.42,11,4.75,4.61,4.55,302,f,"[""Smoke alarm"", ""Kitchen"", ""Dishwasher"", ""Wifi"", ""Hot water"", ""Private entrance"", ""Hair dryer"", ""Body soap"", ""Dryer"", ""TV"", ""Carbon monoxide alarm"", ""Luggage dropoff allowed"", ""Cooking basics"", ""Shampoo"", ""Iron"", ""Room-darkening shades"", ""Wine glasses"", ""Dedicated workspace"", ""Microwave"", ""Coffee maker: Keurig coffee machine"", ""Clothing storage"", ""Heating"", ""Washer"", ""Rice maker"", ""Pets allowed"", ""Long term stays allowed"", ""Oven"", ""Backyard"", ""Patio or balcony"", ""Air conditioning"", ""Essentials"", ""Coffee"", ""Laundromat nearby"", ""Outdoor furniture"", ""First aid kit"", ""Conditioner"", ""Free parking on premises"", ""Dishes and silverware"", ""Hangers"", ""Refrigerator"", ""Self check-in"", ""Freezer"", ""Free street parking"", ""Lockbox"", ""Fire extinguisher"", ""Cleaning products"", ""Stove""]",628163387057233327,"['Smoke alarm', 'Kitchen', 'Dishwasher', 'Wifi', 'Hot water', 'Private entrance', 'Hair dryer', 'Body soap', 'Dryer', 'TV', 'Carbon monoxide alarm', 'Luggage dropoff allowed', 'Cooking basics', 'Shampoo', 'Iron', 'Room-darkening shades', 'Wine glasses', 'Dedicated workspace', 'Microwave', 'Coffee maker: Keurig coffee machine', 'Clothing storage', 'Heating', 'Washer', 'Rice maker', 'Pets allowed', 'Long term stays allowed', 'Oven', 'Backyard', 'Patio or balcony', 'Air conditioning', 'Essentials', 'Coffee', 'Laundromat nearby', 'Outdoor furniture', 'First aid kit', 'Conditioner', 'Free parking on premises', 'Dishes and silverware', 'Hangers', 'Refrigerator', 'Self check-in', 'Freezer', 'Free street parking', 'Lockbox', 'Fire extinguisher', 'Cleaning products', 'Stove']",47,1,1,1,1,1,1,1,0,0,0,1,1,Entire place
THIRD WARD,42.66169974831227,-73.76466827605744,0,Private room,Private room in rental unit,1,2.0,1.0,0,,0,,,,88,f,"[""Smoke alarm"", ""Kitchen"", ""Long term stays allowed"", ""Free street parking"", ""Exterior security cameras on property"", ""Air conditioning"", ""Ethernet connection"", ""Noise decibel monitors on property"", ""Hotpoint oven"", ""Lockbox"", ""Wifi"", ""Hotpoint gas stove"", ""Central heating"", ""Carbon monoxide alarm"", ""Hotpoint refrigerator"", ""Pets allowed"", ""Self check-in""]",628824127129967353,"['Smoke alarm', 'Kitchen', 'Long term stays allowed', 'Free street parking', 'Exterior security cameras on property', 'Air conditioning', 'Ethernet connection', 'Noise decibel monitors on property', 'Hotpoint oven', 'Lockbox', 'Wifi', 'Hotpoint gas stove', 'Central heating', 'Carbon monoxide alarm', 'Hotpoint refrigerator', 'Pets allowed', 'Self check-in']",17,1,0,1,1,1,1,0,0,0,0,1,0,Private room
SECOND WARD,42.645351,-73.753647,0,Entire home/apt,Entire rental unit,4,1.0,1.0,10,0.22,0,3.7,4.1,3.6,365,f,"[""TRESemm\u00e9 shampoo"", ""Smoke alarm"", ""Kitchen"", ""Indoor fireplace: electric"", ""Kenmore refrigerator"", ""Clothing storage: closet and dresser"", ""Shower gel"", ""Hot water"", ""Wifi \u2013 36 Mbps"", ""Hair dryer"", ""Private entrance"", ""Coffee maker: french press"", ""Carbon monoxide alarm"", ""Bed linens"", ""Pack \u2019n play/Travel crib - available upon request"", ""Bathtub"", ""Cooking basics"", ""Baking sheet"", ""Iron"", ""Room-darkening shades"", ""Hot water kettle"", ""Dedicated workspace"", ""Microwave"", ""Dining table"", ""Heating"", ""Paid street parking off premises"", ""Extra pillows and blankets"", ""Oven"", ""Exterior security cameras on property"", ""Air conditioning"", ""Toaster"", ""Essentials"", ""Coffee"", ""Laundromat nearby"", ""HDTV with Amazon Prime Video, Hulu, Netflix, Roku"", ""First aid kit"", ""Free parking on premises"", ""Dishes and silverware"", ""Hangers"", ""Blender"", ""Self check-in"", ""Babysitter recommendations"", ""Freezer"", ""Free street parking"", ""Fire extinguisher"", ""Cleaning products"", ""TRESemm\u00e9 conditioner"", ""Keypad"", ""Bidet"", ""Stove"", ""Dial body soap"", ""Private backyard""]",638900897313146306,"['TRESemmé shampoo', 'Smoke alarm', 'Kitchen', 'Indoor fireplace: electric', 'Kenmore refrigerator', 'Clothing storage: closet and dresser', 'Shower gel', 'Hot water', 'Wifi – 36 Mbps', 'Hair dryer', 'Private entrance', 'Coffee maker: french press', 'Carbon monoxide alarm', 'Bed linens', 'Pack ’n play/Travel crib - available upon request', 'Bathtub', 'Cooking basics', 'Baking sheet', 'Iron', 'Room-darkening shades', 'Hot water kettle', 'Dedicated workspace', 'Microwave', 'Dining table', 'Heating', 'Paid street parking off premises', 'Extra pillows and blankets', 'Oven', 'Exterior security cameras on property', 'Air conditioning', 'Toaster', 'Essentials', 'Coffee', 'Laundromat nearby', 'HDTV with Amazon Prime Video, Hulu, Netflix, Roku', 'First aid kit', 'Free parking on premises', 'Dishes and silverware', 'Hangers', 'Blender', 'Self check-in', 'Babysitter recommendations', 'Freezer', 'Free street parking', 'Fire extinguisher', 'Cleaning products', 'TRESemmé conditioner', 'Keypad', 'Bidet', 'Stove', 'Dial body soap', 'Private backyard']",52,1,1,1,1,1,1,1,1,0,0,0,1,Entire place
SECOND WARD,42.64625,-73.75663,0,Entire home/apt,Entire rental unit,2,0.0,1.0,8,0.19,0,4.75,4.63,4.5,58,f,"[""Smoke alarm"", ""Kitchen"", ""Hot water"", ""Dryer"", ""TV"", ""Carbon monoxide alarm"", ""Cooking basics"", ""Iron"", ""Host greets you"", ""Dedicated workspace"", ""Heating"", ""Washer"", ""Long term stays allowed"", ""Exterior security cameras on property"", ""Air conditioning"", ""Essentials"", ""Free parking on premises"", ""Fast wifi \u2013 453 Mbps"", ""Hangers""]",649973892551492641,"['Smoke alarm', 'Kitchen', 'Hot water', 'Dryer', 'TV', 'Carbon monoxide alarm', 'Cooking basics', 'Iron', 'Host greets you', 'Dedicated workspace', 'Heating', 'Washer', 'Long term stays allowed', 'Exterior security cameras on property', 'Air conditioning', 'Essentials', 'Free parking on premises', 'Fast wifi – 453 Mbps', 'Hangers']",19,1,1,1,0,1,1,0,0,0,0,0,1,Entire place
FIRST WARD,42.6374547,-73.7716647,0,Entire home/apt,Entire home,4,4.0,1.0,5,0.11,0,5.0,5.0,5.0,301,f,"[""Smoke alarm"", ""Kitchen"", ""Dishwasher"", ""Housekeeping - available at extra cost"", ""Private patio or balcony"", ""Portable air conditioning"", ""Frigidaire  refrigerator"", ""Wifi"", ""Frigidaire electric range  oven"", ""Hot water"", ""Private entrance"", ""Hair dryer"", ""Outdoor dining area"", ""Dryer"", ""TV"", ""Carbon monoxide alarm"", ""Bed linens"", ""Luggage dropoff allowed"", ""Cooking basics"", ""Ceiling fan"", ""Iron"", ""Hot water kettle"", ""Wine glasses"", ""Dedicated workspace"", ""Microwave"", ""Dining table"", ""Washer"", ""Smart lock"", ""Extra pillows and blankets"", ""Amana stove"", ""Long term stays allowed"", ""Radiant heating"", ""Exterior security cameras on property"", ""Toaster"", ""Essentials"", ""Laundromat nearby"", ""Outdoor furniture"", ""First aid kit"", ""Free parking on premises"", ""Window AC unit"", ""Dishes and silverware"", ""Crib"", ""Hangers"", ""Blender"", ""Self check-in"", ""Coffee maker: drip coffee maker"", ""Free street parking"", ""Fire extinguisher"", ""Private backyard \u2013 Fully fenced"", ""Cleaning products"", ""Clothing storage: walk-in closet, closet, and dresser"", ""Board games"", ""Mosquito net""]",658638185191740358,"['Smoke alarm', 'Kitchen', 'Dishwasher', 'Housekeeping - available at extra cost', 'Private patio or balcony', 'Portable air conditioning', 'Frigidaire  refrigerator', 'Wifi', 'Frigidaire electric range  oven', 'Hot water', 'Private entrance', 'Hair dryer', 'Outdoor dining area', 'Dryer', 'TV', 'Carbon monoxide alarm', 'Bed linens', 'Luggage dropoff allowed', 'Cooking basics', 'Ceiling fan', 'Iron', 'Hot water kettle', 'Wine glasses', 'Dedicated workspace', 'Microwave', 'Dining table', 'Washer', 'Smart lock', 'Extra pillows and blankets', 'Amana stove', 'Long term stays allowed', 'Radiant heating', 'Exterior security cameras on property', 'Toaster', 'Essentials', 'Laundromat nearby', 'Outdoor furniture', 'First aid kit', 'Free parking on premises', 'Window AC unit', 'Dishes and silverware', 'Crib', 'Hangers', 'Blender', 'Self check-in', 'Coffee maker: drip coffee maker', 'Free street parking', 'Fire extinguisher', 'Private backyard – Fully fenced', 'Cleaning products', 'Clothing storage: walk-in closet, closet, and dresser', 'Board games', 'Mosquito net']",53,1,1,1,1,1,1,1,1,0,0,0,1,Entire place
FIRST WARD,42.6378819,-73.7715269,0,Entire home/apt,Entire home,4,4.0,,2,0.05,0,5.0,5.0,5.0,259,f,"[""Smoke alarm"", ""Kitchen"", ""Dishwasher"", ""Private patio or balcony"", ""Clothing storage: closet and dresser"", ""Portable air conditioning"", ""Wifi"", ""Frigidaire  refrigerator"", ""Hot water"", ""Private entrance"", ""Hair dryer"", ""Body soap"", ""GE oven"", ""Carbon monoxide alarm"", ""Bed linens"", ""Luggage dropoff allowed"", ""Bathtub"", ""Cooking basics"", ""Ceiling fan"", ""Iron"", ""Baking sheet"", ""Room-darkening shades"", ""Hot water kettle"", ""Free dryer \u2013 In building"", ""Dedicated workspace"", ""Microwave"", ""Wine glasses"", ""Dining table"", ""Exercise equipment"", ""Extra pillows and blankets"", ""Long term stays allowed"", ""Radiant heating"", ""Portable fans"", ""Drying rack for clothing"", ""Exterior security cameras on property"", ""Toaster"", ""Essentials"", ""Coffee"", ""Laundromat nearby"", ""Books and reading material"", ""First aid kit"", ""Barbecue utensils"", ""Free parking on premises"", ""Window AC unit"", ""Dishes and silverware"", ""Hangers"", ""40 inch TV with Amazon Prime Video, Netflix, Roku, Fire TV"", ""Blender"", ""Free washer \u2013 In building"", ""Self check-in"", ""Freezer"", ""Coffee maker: drip coffee maker"", ""Free street parking"", ""GE conditioner"", ""Lockbox"", ""Fire extinguisher"", ""Frigidaire  stove"", ""Cleaning products"", ""Board games""]",662132809952482192,"['Smoke alarm', 'Kitchen', 'Dishwasher', 'Private patio or balcony', 'Clothing storage: closet and dresser', 'Portable air conditioning', 'Wifi', 'Frigidaire  refrigerator', 'Hot water', 'Private entrance', 'Hair dryer', 'Body soap', 'GE oven', 'Carbon monoxide alarm', 'Bed linens', 'Luggage dropoff allowed', 'Bathtub', 'Cooking basics', 'Ceiling fan', 'Iron', 'Baking sheet', 'Room-darkening shades', 'Hot water kettle', 'Free dryer – In building', 'Dedicated workspace', 'Microwave', 'Wine glasses', 'Dining table', 'Exercise equipment', 'Extra pillows and blankets', 'Long term stays allowed', 'Radiant heating', 'Portable fans', 'Drying rack for clothing', 'Exterior security cameras on property', 'Toaster', 'Essentials', 'Coffee', 'Laundromat nearby', 'Books and reading material', 'First aid kit', 'Barbecue utensils', 'Free parking on premises', 'Window AC unit', 'Dishes and silverware', 'Hangers', '40 inch TV with Amazon Prime Video, Netflix, Roku, Fire TV', 'Blender', 'Free washer – In building', 'Self check-in', 'Freezer', 'Coffee maker: drip coffee maker', 'Free street parking', 'GE conditioner', 'Lockbox', 'Fire extinguisher', 'Frigidaire  stove', 'Cleaning products', 'Board games']",59,1,1,1,1,1,1,1,0,1,0,0,1,Entire place
FOURTEENTH WARD,42.66758,-73.7992,210,Private room,Private room in home,2,1.0,1.5,161,3.68,35,4.98,4.96,4.96,11,t,"[""Smoke alarm"", ""Kitchen"", ""Dishwasher"", ""Wifi"", ""Hot water"", ""Coffee maker"", ""Hair dryer"", ""Body soap"", ""Fire pit"", ""Outdoor dining area"", ""Carbon monoxide alarm"", ""32 inch HDTV with Amazon Prime Video"", ""Bed linens"", ""Pack \u2019n play/Travel crib - available upon request"", ""Pool table"", ""Shared pool"", ""Cooking basics"", ""Luggage dropoff allowed"", ""Baking sheet"", ""Shampoo"", ""Iron"", ""Outdoor shower"", ""Central air conditioning"", ""Free dryer \u2013 In building"", ""Dedicated workspace"", ""Microwave"", ""Hot water kettle"", ""Wine glasses"", ""Beach essentials"", ""Dining table"", ""Heating"", ""Hammock"", ""Extra pillows and blankets"", ""Long term stays allowed"", ""Oven"", ""BBQ grill"", ""Portable fans"", ""Noise decibel monitors on property"", ""Exterior security cameras on property"", ""Essentials"", ""Lock on bedroom door"", ""Coffee"", ""Shared patio or balcony"", ""Outdoor furniture"", ""Books and reading material"", ""Shared hot tub"", ""Barbecue utensils"", ""Free parking on premises"", ""Dishes and silverware"", ""Crib"", ""Hangers"", ""Refrigerator"", ""Blender"", ""Free washer \u2013 In building"", ""Self check-in"", ""Freezer"", ""Free street parking"", ""Fire extinguisher"", ""Cleaning products"", ""Keypad"", ""Board games"", ""Indoor fireplace: gas"", ""Stove"", ""Shared backyard \u2013 Fully fenced""]",668608096674070882,"['Smoke alarm', 'Kitchen', 'Dishwasher', 'Wifi', 'Hot water', 'Coffee maker', 'Hair dryer', 'Body soap', 'Fire pit', 'Outdoor dining area', 'Carbon monoxide alarm', '32 inch HDTV with Amazon Prime Video', 'Bed linens', 'Pack ’n play/Travel crib - available upon request', 'Pool table', 'Shared pool', 'Cooking basics', 'Luggage dropoff allowed', 'Baking sheet', 'Shampoo', 'Iron', 'Outdoor shower', 'Central air conditioning', 'Free dryer – In building', 'Dedicated workspace', 'Microwave', 'Hot water kettle', 'Wine glasses', 'Beach essentials', 'Dining table', 'Heating', 'Hammock', 'Extra pillows and blankets', 'Long term stays allowed', 'Oven', 'BBQ grill', 'Portable fans', 'Noise decibel monitors on property', 'Exterior security cameras on property', 'Essentials', 'Lock on bedroom door', 'Coffee', 'Shared patio or balcony', 'Outdoor furniture', 'Books and reading material', 'Shared hot tub', 'Barbecue utensils', 'Free parking on premises', 'Dishes and silverware', 'Crib', 'Hangers', 'Refrigerator', 'Blender', 'Free washer – In building', 'Self check-in', 'Freezer', 'Free street parking', 'Fire extinguisher', 'Cleaning products', 'Keypad', 'Board games', 'Indoor fireplace: gas', 'Stove', 'Shared backyard – Fully fenced']",64,1,1,1,1,1,1,1,1,1,0,0,1,Private room
FOURTEENTH WARD,42.66764,-73.79908,216,Private room,Private room in home,2,1.0,1.5,138,3.17,36,4.94,4.93,4.97,14,t,"[""Smoke alarm"", ""Kitchen"", ""Dishwasher"", ""Wolf stove"", ""Clothing storage: closet and dresser"", ""Wifi"", ""Shower gel"", ""Hot water"", ""Hair dryer"", ""Body soap"", ""Fire pit"", ""Outdoor dining area"", ""Carbon monoxide alarm"", ""Bed linens"", ""Luggage dropoff allowed"", ""Pool table"", ""Cooking basics"", ""Baking sheet"", ""Shampoo"", ""Iron"", ""Outdoor shower"", ""Room-darkening shades"", ""Central air conditioning"", ""Dedicated workspace"", ""Microwave"", ""Hot water kettle"", ""Wine glasses"", ""Dining table"", ""Hammock"", ""Extra pillows and blankets"", ""Long term stays allowed"", ""Oven"", ""BBQ grill"", ""Radiant heating"", ""Noise decibel monitors on property"", ""Exterior security cameras on property"", ""Toaster"", ""Essentials"", ""Lock on bedroom door"", ""Coffee"", ""Shared patio or balcony"", ""Outdoor furniture"", ""Books and reading material"", ""Pack \u2019n play/Travel crib"", ""Shared hot tub"", ""Barbecue utensils"", ""52 inch HDTV with Amazon Prime Video"", ""Free washer \u2013 In unit"", ""Dishes and silverware"", ""Crib"", ""Hangers"", ""Refrigerator"", ""Blender"", ""Free parking on premises"", ""Self check-in"", ""Freezer"", ""Coffee maker: drip coffee maker"", ""Free street parking"", ""Fire extinguisher"", ""Free dryer \u2013 In unit"", ""Cleaning products"", ""Keypad"", ""Board games"", ""Indoor fireplace: gas"", ""Shared pool - available seasonally"", ""Shared backyard \u2013 Fully fenced"", ""Private living room""]",668608486588067880,"['Smoke alarm', 'Kitchen', 'Dishwasher', 'Wolf stove', 'Clothing storage: closet and dresser', 'Wifi', 'Shower gel', 'Hot water', 'Hair dryer', 'Body soap', 'Fire pit', 'Outdoor dining area', 'Carbon monoxide alarm', 'Bed linens', 'Luggage dropoff allowed', 'Pool table', 'Cooking basics', 'Baking sheet', 'Shampoo', 'Iron', 'Outdoor shower', 'Room-darkening shades', 'Central air conditioning', 'Dedicated workspace', 'Microwave', 'Hot water kettle', 'Wine glasses', 'Dining table', 'Hammock', 'Extra pillows and blankets', 'Long term stays allowed', 'Oven', 'BBQ grill', 'Radiant heating', 'Noise decibel monitors on property', 'Exterior security cameras on property', 'Toaster', 'Essentials', 'Lock on bedroom door', 'Coffee', 'Shared patio or balcony', 'Outdoor furniture', 'Books and reading material', 'Pack ’n play/Travel crib', 'Shared hot tub', 'Barbecue utensils', '52 inch HDTV with Amazon Prime Video', 'Free washer – In unit', 'Dishes and silverware', 'Crib', 'Hangers', 'Refrigerator', 'Blender', 'Free parking on premises', 'Self check-in', 'Freezer', 'Coffee maker: drip coffee maker', 'Free street parking', 'Fire extinguisher', 'Free dryer – In unit', 'Cleaning products', 'Keypad', 'Board games', 'Indoor fireplace: gas', 'Shared pool - available seasonally', 'Shared backyard – Fully fenced', 'Private living room']",67,1,1,1,1,1,1,1,1,1,0,0,1,Private room
SIXTH WARD,42.65405765037151,-73.76071299629517,255,Entire home/apt,Entire condo,2,1.0,1.0,329,7.73,92,4.89,4.83,4.88,326,t,"[""Smoke alarm"", ""Kitchen"", ""Wifi"", ""Hot water"", ""Body soap"", ""Coffee maker: french press"", ""TV"", ""City skyline view"", ""Carbon monoxide alarm"", ""Bed linens"", ""Luggage dropoff allowed"", ""Bathtub"", ""Cooking basics"", ""Baking sheet"", ""Shampoo"", ""Iron"", ""Room-darkening shades"", ""Hot water kettle"", ""Free dryer \u2013 In building"", ""Dedicated workspace"", ""Microwave"", ""Wine glasses"", ""Dining table"", ""Extra pillows and blankets"", ""Oven"", ""Portable fans"", ""Toaster"", ""Essentials"", ""Coffee"", ""Central heating"", ""First aid kit"", ""Conditioner"", ""Window AC unit"", ""Dishes and silverware"", ""Hangers"", ""Refrigerator"", ""Self check-in"", ""Free washer \u2013 In building"", ""Freezer"", ""Free street parking"", ""Lockbox"", ""Fire extinguisher"", ""Cleaning products"", ""Clothing storage: walk-in closet"", ""Stove""]",689719338468663432,"['Smoke alarm', 'Kitchen', 'Wifi', 'Hot water', 'Body soap', 'Coffee maker: french press', 'TV', 'City skyline view', 'Carbon monoxide alarm', 'Bed linens', 'Luggage dropoff allowed', 'Bathtub', 'Cooking basics', 'Baking sheet', 'Shampoo', 'Iron', 'Room-darkening shades', 'Hot water kettle', 'Free dryer – In building', 'Dedicated workspace', 'Microwave', 'Wine glasses', 'Dining table', 'Extra pillows and blankets', 'Oven', 'Portable fans', 'Toaster', 'Essentials', 'Coffee', 'Central heating', 'First aid kit', 'Conditioner', 'Window AC unit', 'Dishes and silverware', 'Hangers', 'Refrigerator', 'Self check-in', 'Free washer – In building', 'Freezer', 'Free street parking', 'Lockbox', 'Fire extinguisher', 'Cleaning products', 'Clothing storage: walk-in closet', 'Stove']",45,1,1,1,1,1,1,0,0,0,1,0,1,Entire place
ELEVENTH WARD,42.6623,-73.777,62,Entire home/apt,Entire rental unit,2,1.0,1.0,104,2.72,1,4.81,4.74,4.43,45,f,"[""Smoke alarm"", ""Kitchen"", ""Dishwasher"", ""Private patio or balcony"", ""Wifi"", ""Free driveway parking on premises \u2013 1 space"", ""55 inch HDTV with Amazon Prime Video, premium cable"", ""Hot water"", ""Private entrance"", ""Hair dryer"", ""Body soap"", ""Carbon monoxide alarm"", ""Bed linens"", ""Cooking basics"", ""Baking sheet"", ""Shampoo"", ""Iron"", ""Hot water kettle"", ""Wine glasses"", ""Dedicated workspace"", ""Microwave"", ""Portable heater"", ""Coffee maker: Keurig coffee machine"", ""Dining table"", ""Stainless steel oven"", ""Smart lock"", ""Extra pillows and blankets"", ""Long term stays allowed"", ""Exterior security cameras on property"", ""Toaster"", ""Essentials"", ""Coffee"", ""Outdoor furniture"", ""Books and reading material"", ""Clothing storage: closet"", ""Central heating"", ""First aid kit"", ""Stainless steel electric stove"", ""Conditioner"", ""Free washer \u2013 In unit"", ""Window AC unit"", ""Dishes and silverware"", ""Hangers"", ""Refrigerator"", ""Blender"", ""Self check-in"", ""Freezer"", ""Fire extinguisher"", ""Free dryer \u2013 In unit"", ""Cleaning products"", ""Board games""]",692807914756117019,"['Smoke alarm', 'Kitchen', 'Dishwasher', 'Private patio or balcony', 'Wifi', 'Free driveway parking on premises – 1 space', '55 inch HDTV with Amazon Prime Video, premium cable', 'Hot water', 'Private entrance', 'Hair dryer', 'Body soap', 'Carbon monoxide alarm', 'Bed linens', 'Cooking basics', 'Baking sheet', 'Shampoo', 'Iron', 'Hot water kettle', 'Wine glasses', 'Dedicated workspace', 'Microwave', 'Portable heater', 'Coffee maker: Keurig coffee machine', 'Dining table', 'Stainless steel oven', 'Smart lock', 'Extra pillows and blankets', 'Long term stays allowed', 'Exterior security cameras on property', 'Toaster', 'Essentials', 'Coffee', 'Outdoor furniture', 'Books and reading material', 'Clothing storage: closet', 'Central heating', 'First aid kit', 'Stainless steel electric stove', 'Conditioner', 'Free washer – In unit', 'Window AC unit', 'Dishes and silverware', 'Hangers', 'Refrigerator', 'Blender', 'Self check-in', 'Freezer', 'Fire extinguisher', 'Free dryer – In unit', 'Cleaning products', 'Board games']",51,1,1,1,1,1,1,1,0,0,0,0,1,Entire place
SECOND WARD,42.6468502,-73.7587258,24,Entire home/apt,Entire condo,2,2.0,2.0,9,0.22,4,5.0,5.0,4.78,135,f,"[""Smoke alarm"", ""Kitchen"", ""Indoor fireplace: electric"", ""Dishwasher"", ""Private patio or balcony"", ""Hot water"", ""Coffee maker"", ""Private entrance"", ""Hair dryer"", ""Body soap"", ""Outdoor dining area"", ""Paid parking off premises"", ""Carbon monoxide alarm"", ""Bed linens"", ""Luggage dropoff allowed"", ""Park view"", ""Bathtub"", ""Children\u2019s dinnerware"", ""Cooking basics"", ""Shampoo"", ""Iron"", ""Room-darkening shades"", ""Hot water kettle"", ""Wine glasses"", ""Dedicated workspace"", ""Microwave"", ""Baking sheet"", ""Clothing storage"", ""Dining table"", ""Extra pillows and blankets"", ""Pets allowed"", ""Long term stays allowed"", ""Oven"", ""AC - split type ductless system"", ""Radiant heating"", ""Fast wifi \u2013 188 Mbps"", ""Exterior security cameras on property"", ""Toaster"", ""Essentials"", ""Coffee"", ""50 inch HDTV with Amazon Prime Video, Hulu, Disney+, Netflix, Roku, Chromecast, Apple TV, HBO Max"", ""Outdoor furniture"", ""Books and reading material"", ""Stainless steel electric stove"", ""First aid kit"", ""Conditioner"", ""Free washer \u2013 In unit"", ""Courtyard view"", ""Children\u2019s books and toys"", ""Dishes and silverware"", ""Hangers"", ""Refrigerator"", ""Free parking on premises"", ""Self check-in"", ""Freezer"", ""Free street parking"", ""Lockbox"", ""Fire extinguisher"", ""Free dryer \u2013 In unit"", ""Cleaning products"", ""High chair""]",699073700185633508,"['Smoke alarm', 'Kitchen', 'Indoor fireplace: electric', 'Dishwasher', 'Private patio or balcony', 'Hot water', 'Coffee maker', 'Private entrance', 'Hair dryer', 'Body soap', 'Outdoor dining area', 'Paid parking off premises', 'Carbon monoxide alarm', 'Bed linens', 'Luggage dropoff allowed', 'Park view', 'Bathtub', 'Children’s dinnerware', 'Cooking basics', 'Shampoo', 'Iron', 'Room-darkening shades', 'Hot water kettle', 'Wine glasses', 'Dedicated workspace', 'Microwave', 'Baking sheet', 'Clothing storage', 'Dining table', 'Extra pillows and blankets', 'Pets allowed', 'Long term stays allowed', 'Oven', 'AC - split type ductless system', 'Radiant heating', 'Fast wifi – 188 Mbps', 'Exterior security cameras on property', 'Toaster', 'Essentials', 'Coffee', '50 inch HDTV with Amazon Prime Video, Hulu, Disney+, Netflix, Roku, Chromecast, Apple TV, HBO Max', 'Outdoor furniture', 'Books and reading material', 'Stainless steel electric stove', 'First aid kit', 'Conditioner', 'Free washer – In unit', 'Courtyard view', 'Children’s books and toys', 'Dishes and silverware', 'Hangers', 'Refrigerator', 'Free parking on premises', 'Self check-in', 'Freezer', 'Free street parking', 'Lockbox', 'Fire extinguisher', 'Free dryer – In unit', 'Cleaning products', 'High chair']",61,1,1,1,1,1,1,1,1,0,1,1,1,Entire place
THIRTEENTH WARD,42.67075,-73.79704,18,Entire home/apt,Entire guest suite,7,3.0,1.0,6,0.32,3,4.67,4.67,4.67,299,f,"[""Smoke alarm"", ""Kitchen"", ""Dishwasher"", ""Private patio or balcony"", ""Clothing storage: closet and dresser"", ""Wifi"", ""Hot water"", ""Coffee maker"", ""Private entrance"", ""Hair dryer"", ""Body soap"", ""Indoor fireplace"", ""TV"", ""Carbon monoxide alarm"", ""Bed linens"", ""Bathtub"", ""Cooking basics"", ""Ceiling fan"", ""Shampoo"", ""Iron"", ""Room-darkening shades"", ""Dedicated workspace"", ""Microwave"", ""Dining table"", ""Stainless steel oven"", ""Smart lock"", ""Long term stays allowed"", ""Air conditioning"", ""Toaster"", ""Essentials"", ""Coffee"", ""Central heating"", ""First aid kit"", ""Conditioner"", ""Free parking on premises"", ""Dishes and silverware"", ""Crib"", ""Hangers"", ""Refrigerator"", ""Self check-in"", ""Freezer"", ""Fire extinguisher"", ""Cleaning products"", ""Bidet""]",703551649845095095,"['Smoke alarm', 'Kitchen', 'Dishwasher', 'Private patio or balcony', 'Clothing storage: closet and dresser', 'Wifi', 'Hot water', 'Coffee maker', 'Private entrance', 'Hair dryer', 'Body soap', 'Indoor fireplace', 'TV', 'Carbon monoxide alarm', 'Bed linens', 'Bathtub', 'Cooking basics', 'Ceiling fan', 'Shampoo', 'Iron', 'Room-darkening shades', 'Dedicated workspace', 'Microwave', 'Dining table', 'Stainless steel oven', 'Smart lock', 'Long term stays allowed', 'Air conditioning', 'Toaster', 'Essentials', 'Coffee', 'Central heating', 'First aid kit', 'Conditioner', 'Free parking on premises', 'Dishes and silverware', 'Crib', 'Hangers', 'Refrigerator', 'Self check-in', 'Freezer', 'Fire extinguisher', 'Cleaning products', 'Bidet']",44,1,1,1,1,1,1,1,1,0,0,0,1,Entire place
THIRTEENTH WARD,42.67485,-73.79867,42,Entire home/apt,Entire rental unit,2,1.0,1.0,9,0.22,7,4.89,4.78,4.89,169,t,"[""Smoke alarm"", ""Kitchen"", ""Ethernet connection"", ""Clothing storage: closet and dresser"", ""Gas stove"", ""Hot water"", ""Hair dryer"", ""Carbon monoxide alarm"", ""Bed linens"", ""Luggage dropoff allowed"", ""Unique stainless steel oven"", ""Cooking basics"", ""Ceiling fan"", ""Iron"", ""Baking sheet"", ""Room-darkening shades"", ""Wine glasses"", ""Free dryer \u2013 In building"", ""Microwave"", ""Coffee maker: Keurig coffee machine"", ""Dining table"", ""Smart lock"", ""Extra pillows and blankets"", ""Radiant heating"", ""Portable fans"", ""Exterior security cameras on property"", ""Toaster"", ""Essentials"", ""Coffee"", ""First aid kit"", ""TV with Roku"", ""Fast wifi \u2013 327 Mbps"", ""Window AC unit"", ""Dishes and silverware"", ""Hangers"", ""Refrigerator"", ""Self check-in"", ""Free washer \u2013 In building"", ""Freezer"", ""Free street parking"", ""Fire extinguisher"", ""Cleaning products""]",704544922160063127,"['Smoke alarm', 'Kitchen', 'Ethernet connection', 'Clothing storage: closet and dresser', 'Gas stove', 'Hot water', 'Hair dryer', 'Carbon monoxide alarm', 'Bed linens', 'Luggage dropoff allowed', 'Unique stainless steel oven', 'Cooking basics', 'Ceiling fan', 'Iron', 'Baking sheet', 'Room-darkening shades', 'Wine glasses', 'Free dryer – In building', 'Microwave', 'Coffee maker: Keurig coffee machine', 'Dining table', 'Smart lock', 'Extra pillows and blankets', 'Radiant heating', 'Portable fans', 'Exterior security cameras on property', 'Toaster', 'Essentials', 'Coffee', 'First aid kit', 'TV with Roku', 'Fast wifi – 327 Mbps', 'Window AC unit', 'Dishes and silverware', 'Hangers', 'Refrigerator', 'Self check-in', 'Free washer – In building', 'Freezer', 'Free street parking', 'Fire extinguisher', 'Cleaning products']",42,1,1,1,1,1,1,0,0,0,0,0,1,Entire place
SECOND WARD,42.64577,-73.7583,78,Entire home/apt,Entire rental unit,2,1.0,1.0,10,0.26,3,4.9,5.0,4.0,364,f,"[""Smoke alarm"", ""Kitchen"", ""Dishwasher"", ""EV charger - level 1"", ""Hot water"", ""TV"", ""Carbon monoxide alarm"", ""Bed linens"", ""Heating - split type ductless system"", ""Cooking basics"", ""Fast wifi \u2013 433 Mbps"", ""Iron"", ""Wine glasses"", ""Host greets you"", ""Free dryer \u2013 In building"", ""Dedicated workspace"", ""Microwave"", ""Coffee maker: Keurig coffee machine"", ""Washer"", ""Long term stays allowed"", ""Free driveway parking on premises \u2013 2 spaces"", ""Exterior security cameras on property"", ""Air conditioning"", ""Toaster"", ""Essentials"", ""Coffee"", ""Shared patio or balcony"", ""Dishes and silverware"", ""Hangers"", ""Refrigerator"", ""Freezer"", ""Cleaning products"", ""GE gas stove""]",705660262559003663,"['Smoke alarm', 'Kitchen', 'Dishwasher', 'EV charger - level 1', 'Hot water', 'TV', 'Carbon monoxide alarm', 'Bed linens', 'Heating - split type ductless system', 'Cooking basics', 'Fast wifi – 433 Mbps', 'Iron', 'Wine glasses', 'Host greets you', 'Free dryer – In building', 'Dedicated workspace', 'Microwave', 'Coffee maker: Keurig coffee machine', 'Washer', 'Long term stays allowed', 'Free driveway parking on premises – 2 spaces', 'Exterior security cameras on property', 'Air conditioning', 'Toaster', 'Essentials', 'Coffee', 'Shared patio or balcony', 'Dishes and silverware', 'Hangers', 'Refrigerator', 'Freezer', 'Cleaning products', 'GE gas stove']",33,1,1,1,0,1,1,1,0,0,0,0,1,Entire place
THIRTEENTH WARD,42.67261,-73.79262,78,Entire home/apt,Entire rental unit,4,2.0,1.0,72,1.79,13,4.89,4.86,4.88,36,t,"[""Smoke alarm"", ""Kitchen"", ""Dishwasher"", ""Wifi"", ""Shower gel"", ""Hot water"", ""Private entrance"", ""Hair dryer"", ""Body soap"", ""TV"", ""Carbon monoxide alarm"", ""Bed linens"", ""Bathtub"", ""Cooking basics"", ""Ceiling fan"", ""Shampoo"", ""Iron"", ""Hot water kettle"", ""Wine glasses"", ""Baking sheet"", ""Dedicated workspace"", ""Microwave"", ""Coffee maker: Keurig coffee machine"", ""Clothing storage"", ""Heating"", ""Smart lock"", ""Extra pillows and blankets"", ""Pets allowed"", ""Long term stays allowed"", ""Oven"", ""Portable fans"", ""Backyard"", ""Air conditioning"", ""Toaster"", ""Essentials"", ""Coffee"", ""Laundromat nearby"", ""Books and reading material"", ""First aid kit"", ""Free residential garage on premises"", ""Conditioner"", ""Children\u2019s books and toys"", ""Dishes and silverware"", ""Hangers"", ""Refrigerator"", ""Blender"", ""Self check-in"", ""Fire extinguisher"", ""Cleaning products"", ""Stove""]",717373135846408345,"['Smoke alarm', 'Kitchen', 'Dishwasher', 'Wifi', 'Shower gel', 'Hot water', 'Private entrance', 'Hair dryer', 'Body soap', 'TV', 'Carbon monoxide alarm', 'Bed linens', 'Bathtub', 'Cooking basics', 'Ceiling fan', 'Shampoo', 'Iron', 'Hot water kettle', 'Wine glasses', 'Baking sheet', 'Dedicated workspace', 'Microwave', 'Coffee maker: Keurig coffee machine', 'Clothing storage', 'Heating', 'Smart lock', 'Extra pillows and blankets', 'Pets allowed', 'Long term stays allowed', 'Oven', 'Portable fans', 'Backyard', 'Air conditioning', 'Toaster', 'Essentials', 'Coffee', 'Laundromat nearby', 'Books and reading material', 'First aid kit', 'Free residential garage on premises', 'Conditioner', 'Children’s books and toys', 'Dishes and silverware', 'Hangers', 'Refrigerator', 'Blender', 'Self check-in', 'Fire extinguisher', 'Cleaning products', 'Stove']",50,1,1,1,1,1,1,1,1,0,0,1,1,Entire place
SIXTH WARD,42.65035,-73.76549,0,Entire home/apt,Entire rental unit,2,1.0,1.0,1,0.03,0,5.0,5.0,5.0,292,f,"[""Smoke alarm"", ""Kitchen"", ""Air conditioning"", ""Fire extinguisher"", ""Garden view"", ""Wifi"", ""Carbon monoxide alarm"", ""Paid parking on premises"", ""Indoor fireplace"", ""TV"", ""Washer""]",733964865705013296,"['Smoke alarm', 'Kitchen', 'Air conditioning', 'Fire extinguisher', 'Garden view', 'Wifi', 'Carbon monoxide alarm', 'Paid parking on premises', 'Indoor fireplace', 'TV', 'Washer']",11,1,1,1,0,0,1,0,0,0,1,0,1,Entire place
THIRD WARD,42.64564,-73.75261,228,Entire home/apt,Entire rental unit,4,1.0,1.0,105,2.62,38,4.69,4.68,4.49,359,f,"[""Smoke alarm"", ""Kitchen"", ""Clothing storage: closet and dresser"", ""Wifi"", ""Shower gel"", ""Hot water"", ""Hair dryer"", ""Body soap"", ""Coffee maker: french press"", ""Carbon monoxide alarm"", ""Bed linens"", ""Luggage dropoff allowed"", ""Bathtub"", ""Cooking basics"", ""Shampoo"", ""Iron"", ""Room-darkening shades"", ""Hot water kettle"", ""Dedicated workspace"", ""Microwave"", ""Dining table"", ""Smart lock"", ""Paid street parking off premises"", ""Extra pillows and blankets"", ""Pets allowed"", ""Long term stays allowed"", ""Electric stove"", ""Oven"", ""Radiant heating"", ""Noise decibel monitors on property"", ""Exterior security cameras on property"", ""Toaster"", ""Essentials"", ""Coffee"", ""Laundromat nearby"", ""55 inch HDTV with Amazon Prime Video, Chromecast, Disney+, Fire TV, Hulu, Netflix"", ""First aid kit"", ""Conditioner"", ""Window AC unit"", ""Dishes and silverware"", ""Hangers"", ""Refrigerator"", ""Self check-in"", ""Freezer"", ""Free street parking"", ""Fire extinguisher"", ""Cleaning products"", ""Bidet"", ""Shared backyard \u2013 Fully fenced""]",735879623743921266,"['Smoke alarm', 'Kitchen', 'Clothing storage: closet and dresser', 'Wifi', 'Shower gel', 'Hot water', 'Hair dryer', 'Body soap', 'Coffee maker: french press', 'Carbon monoxide alarm', 'Bed linens', 'Luggage dropoff allowed', 'Bathtub', 'Cooking basics', 'Shampoo', 'Iron', 'Room-darkening shades', 'Hot water kettle', 'Dedicated workspace', 'Microwave', 'Dining table', 'Smart lock', 'Paid street parking off premises', 'Extra pillows and blankets', 'Pets allowed', 'Long term stays allowed', 'Electric stove', 'Oven', 'Radiant heating', 'Noise decibel monitors on property', 'Exterior security cameras on property', 'Toaster', 'Essentials', 'Coffee', 'Laundromat nearby', '55 inch HDTV with Amazon Prime Video, Chromecast, Disney+, Fire TV, Hulu, Netflix', 'First aid kit', 'Conditioner', 'Window AC unit', 'Dishes and silverware', 'Hangers', 'Refrigerator', 'Self check-in', 'Freezer', 'Free street parking', 'Fire extinguisher', 'Cleaning products', 'Bidet', 'Shared backyard – Fully fenced']",49,1,1,1,1,1,1,1,0,0,0,1,1,Entire place
NINTH WARD,42.6543178,-73.7818222,54,Private room,Private room in home,1,1.0,1.0,44,1.09,9,4.89,4.84,4.86,352,t,"[""Smoke alarm"", ""Kitchen"", ""Wifi"", ""Hot water"", ""Hair dryer"", ""Outdoor dining area"", ""Dryer"", ""Mini fridge"", ""TV"", ""Carbon monoxide alarm"", ""Bed linens"", ""Luggage dropoff allowed"", ""Cooking basics"", ""Shampoo"", ""Iron"", ""Wine glasses"", ""Dedicated workspace"", ""Microwave"", ""Dining table"", ""Stainless steel oven"", ""Washer"", ""Extra pillows and blankets"", ""Long term stays allowed"", ""Electric stove"", ""Radiant heating"", ""Portable fans"", ""Essentials"", ""Lock on bedroom door"", ""Laundromat nearby"", ""Shared patio or balcony"", ""Outdoor furniture"", ""Books and reading material"", ""Clothing storage: closet"", ""First aid kit"", ""Conditioner"", ""Free parking on premises"", ""Window AC unit"", ""Dishes and silverware"", ""Hangers"", ""Refrigerator"", ""Self check-in"", ""Freezer"", ""Free street parking"", ""Coffee maker: drip coffee maker, Keurig coffee machine"", ""Paid parking on premises"", ""Cleaning products"", ""Keypad"", ""Outlet covers"", ""Private backyard""]",739722503092755616,"['Smoke alarm', 'Kitchen', 'Wifi', 'Hot water', 'Hair dryer', 'Outdoor dining area', 'Dryer', 'Mini fridge', 'TV', 'Carbon monoxide alarm', 'Bed linens', 'Luggage dropoff allowed', 'Cooking basics', 'Shampoo', 'Iron', 'Wine glasses', 'Dedicated workspace', 'Microwave', 'Dining table', 'Stainless steel oven', 'Washer', 'Extra pillows and blankets', 'Long term stays allowed', 'Electric stove', 'Radiant heating', 'Portable fans', 'Essentials', 'Lock on bedroom door', 'Laundromat nearby', 'Shared patio or balcony', 'Outdoor furniture', 'Books and reading material', 'Clothing storage: closet', 'First aid kit', 'Conditioner', 'Free parking on premises', 'Window AC unit', 'Dishes and silverware', 'Hangers', 'Refrigerator', 'Self check-in', 'Freezer', 'Free street parking', 'Coffee maker: drip coffee maker, Keurig coffee machine', 'Paid parking on premises', 'Cleaning products', 'Keypad', 'Outlet covers', 'Private backyard']",49,1,1,1,1,1,1,1,1,0,0,0,1,Private room
NINTH WARD,42.65569,-73.77685,54,Entire home/apt,Entire rental unit,3,1.0,1.0,21,0.55,9,4.67,4.52,4.62,315,f,"[""Smoke alarm"", ""Kitchen"", ""Clothing storage: closet and dresser"", ""Wifi"", ""Hot water"", ""Private entrance"", ""Hair dryer"", ""Body soap"", ""Carbon monoxide alarm"", ""Bed linens"", ""Bathtub"", ""55 inch HDTV with HBO Max, Netflix, Hulu, Fire TV, Amazon Prime Video, Disney+, Apple TV, Roku"", ""Ceiling fan"", ""Shampoo"", ""Iron"", ""Room-darkening shades"", ""Cooking basics"", ""Dedicated workspace"", ""Microwave"", ""Coffee maker: Keurig coffee machine"", ""Dining table"", ""Heating"", ""Smart lock"", ""Extra pillows and blankets"", ""Long term stays allowed"", ""Oven"", ""Exterior security cameras on property"", ""Toaster"", ""Essentials"", ""Coffee"", ""Conditioner"", ""Free washer \u2013 In unit"", ""Window AC unit"", ""Dishes and silverware"", ""Free parking on premises"", ""Hangers"", ""Refrigerator"", ""Self check-in"", ""Freezer"", ""Fire extinguisher"", ""Free dryer \u2013 In unit"", ""Stove""]",743600140734706394,"['Smoke alarm', 'Kitchen', 'Clothing storage: closet and dresser', 'Wifi', 'Hot water', 'Private entrance', 'Hair dryer', 'Body soap', 'Carbon monoxide alarm', 'Bed linens', 'Bathtub', '55 inch HDTV with HBO Max, Netflix, Hulu, Fire TV, Amazon Prime Video, Disney+, Apple TV, Roku', 'Ceiling fan', 'Shampoo', 'Iron', 'Room-darkening shades', 'Cooking basics', 'Dedicated workspace', 'Microwave', 'Coffee maker: Keurig coffee machine', 'Dining table', 'Heating', 'Smart lock', 'Extra pillows and blankets', 'Long term stays allowed', 'Oven', 'Exterior security cameras on property', 'Toaster', 'Essentials', 'Coffee', 'Conditioner', 'Free washer – In unit', 'Window AC unit', 'Dishes and silverware', 'Free parking on premises', 'Hangers', 'Refrigerator', 'Self check-in', 'Freezer', 'Fire extinguisher', 'Free dryer – In unit', 'Stove']",42,1,1,1,1,1,1,0,0,0,0,0,1,Entire place
SEVENTH WARD,42.6496,-73.76792,102,Entire home/apt,Entire rental unit,2,1.0,1.0,43,1.24,17,4.95,4.93,4.86,345,t,"[""Smoke alarm"", ""Kitchen"", ""Gas stove"", ""Wifi"", ""Hot water"", ""Private entrance"", ""Hair dryer"", ""Body soap"", ""Carbon monoxide alarm"", ""Bed linens"", ""Luggage dropoff allowed"", ""Park view"", ""Bathtub"", ""Cooking basics"", ""Shampoo"", ""Iron"", ""Hot water kettle"", ""Wine glasses"", ""Dedicated workspace"", ""Microwave"", ""Coffee maker: Keurig coffee machine"", ""Clothing storage"", ""Dining table"", ""Heating"", ""32 inch HDTV with Amazon Prime Video, Netflix, DVD player"", ""Extra pillows and blankets"", ""Long term stays allowed"", ""Oven"", ""Drying rack for clothing"", ""Toaster"", ""Essentials"", ""Coffee"", ""Laundromat nearby"", ""Books and reading material"", ""First aid kit"", ""Conditioner"", ""Free parking on premises"", ""Window AC unit"", ""Dishes and silverware"", ""Hangers"", ""Refrigerator"", ""Self check-in"", ""Freezer"", ""Free street parking"", ""Lockbox"", ""Fire extinguisher"", ""Private backyard \u2013 Fully fenced"", ""Cleaning products""]",744430701454304507,"['Smoke alarm', 'Kitchen', 'Gas stove', 'Wifi', 'Hot water', 'Private entrance', 'Hair dryer', 'Body soap', 'Carbon monoxide alarm', 'Bed linens', 'Luggage dropoff allowed', 'Park view', 'Bathtub', 'Cooking basics', 'Shampoo', 'Iron', 'Hot water kettle', 'Wine glasses', 'Dedicated workspace', 'Microwave', 'Coffee maker: Keurig coffee machine', 'Clothing storage', 'Dining table', 'Heating', '32 inch HDTV with Amazon Prime Video, Netflix, DVD player', 'Extra pillows and blankets', 'Long term stays allowed', 'Oven', 'Drying rack for clothing', 'Toaster', 'Essentials', 'Coffee', 'Laundromat nearby', 'Books and reading material', 'First aid kit', 'Conditioner', 'Free parking on premises', 'Window AC unit', 'Dishes and silverware', 'Hangers', 'Refrigerator', 'Self check-in', 'Freezer', 'Free street parking', 'Lockbox', 'Fire extinguisher', 'Private backyard – Fully fenced', 'Cleaning products']",48,1,1,1,1,1,1,1,0,0,1,0,1,Entire place
FIFTH WARD,42.66648,-73.76831,30,Entire home/apt,Entire rental unit,4,2.0,1.0,31,0.85,5,4.94,4.9,4.35,362,t,"[""Smoke alarm"", ""Kitchen"", ""Dishwasher"", ""Gas stove"", ""Wifi"", ""Hot water"", ""Private entrance"", ""Hair dryer"", ""Carbon monoxide alarm"", ""Bed linens"", ""55 inch HDTV"", ""Cooking basics"", ""Ceiling fan"", ""Iron"", ""Room-darkening shades"", ""Hot water kettle"", ""Microwave"", ""Dining table"", ""Stainless steel oven"", ""Extra pillows and blankets"", ""Long term stays allowed"", ""Noise decibel monitors on property"", ""Exterior security cameras on property"", ""Toaster"", ""Essentials"", ""Books and reading material"", ""Clothing storage: closet"", ""Central heating"", ""Dishes and silverware"", ""Hangers"", ""Refrigerator"", ""Self check-in"", ""Freezer"", ""Free street parking"", ""Fire extinguisher"", ""Cleaning products"", ""Keypad"", ""Shared backyard \u2013 Fully fenced""]",751421033442627559,"['Smoke alarm', 'Kitchen', 'Dishwasher', 'Gas stove', 'Wifi', 'Hot water', 'Private entrance', 'Hair dryer', 'Carbon monoxide alarm', 'Bed linens', '55 inch HDTV', 'Cooking basics', 'Ceiling fan', 'Iron', 'Room-darkening shades', 'Hot water kettle', 'Microwave', 'Dining table', 'Stainless steel oven', 'Extra pillows and blankets', 'Long term stays allowed', 'Noise decibel monitors on property', 'Exterior security cameras on property', 'Toaster', 'Essentials', 'Books and reading material', 'Clothing storage: closet', 'Central heating', 'Dishes and silverware', 'Hangers', 'Refrigerator', 'Self check-in', 'Freezer', 'Free street parking', 'Fire extinguisher', 'Cleaning products', 'Keypad', 'Shared backyard – Fully fenced']",38,1,1,1,1,0,0,1,0,0,0,0,1,Entire place
SIXTH WARD,42.65259,-73.76732,240,Private room,Private room in rental unit,1,1.0,1.0,21,0.55,6,4.95,4.86,4.9,225,f,"[""Smoke alarm"", ""Kitchen"", ""Trash compactor"", ""Wifi"", ""Hot water"", ""Hair dryer"", ""Dryer"", ""Carbon monoxide alarm"", ""Bed linens"", ""Luggage dropoff allowed"", ""Bathtub"", ""Cooking basics"", ""Baking sheet"", ""Shampoo"", ""Iron"", ""Room-darkening shades"", ""Hot water kettle"", ""Host greets you"", ""Dedicated workspace"", ""Microwave"", ""Clothing storage"", ""Heating"", ""Washer"", ""Extra pillows and blankets"", ""Long term stays allowed"", ""Oven"", ""Patio or balcony"", ""Air conditioning"", ""Toaster"", ""Essentials"", ""Lock on bedroom door"", ""Laundromat nearby"", ""Single level home"", ""Books and reading material"", ""Barbecue utensils"", ""Dishes and silverware"", ""Hangers"", ""Refrigerator"", ""Blender"", ""Freezer"", ""Coffee maker: drip coffee maker"", ""Free street parking"", ""Cleaning products"", ""Bidet"", ""Stove""]",756752556396798800,"['Smoke alarm', 'Kitchen', 'Trash compactor', 'Wifi', 'Hot water', 'Hair dryer', 'Dryer', 'Carbon monoxide alarm', 'Bed linens', 'Luggage dropoff allowed', 'Bathtub', 'Cooking basics', 'Baking sheet', 'Shampoo', 'Iron', 'Room-darkening shades', 'Hot water kettle', 'Host greets you', 'Dedicated workspace', 'Microwave', 'Clothing storage', 'Heating', 'Washer', 'Extra pillows and blankets', 'Long term stays allowed', 'Oven', 'Patio or balcony', 'Air conditioning', 'Toaster', 'Essentials', 'Lock on bedroom door', 'Laundromat nearby', 'Single level home', 'Books and reading material', 'Barbecue utensils', 'Dishes and silverware', 'Hangers', 'Refrigerator', 'Blender', 'Freezer', 'Coffee maker: drip coffee maker', 'Free street parking', 'Cleaning products', 'Bidet', 'Stove']",45,1,1,1,0,1,1,1,0,0,0,0,1,Private room
SIXTH WARD,42.65534,-73.76461,14,Entire home/apt,Entire rental unit,2,1.0,1.0,14,0.36,1,5.0,4.79,5.0,365,f,"[""Smoke alarm"", ""Kitchen"", ""Wifi"", ""Shower gel"", ""Hot water"", ""Coffee maker"", ""Hair dryer"", ""Body soap"", ""TV"", ""Carbon monoxide alarm"", ""Bed linens"", ""Bathtub"", ""Cooking basics"", ""Ceiling fan"", ""Shampoo"", ""Baking sheet"", ""Room-darkening shades"", ""Hot water kettle"", ""Wine glasses"", ""Dedicated workspace"", ""Clothing storage"", ""Dining table"", ""Heating"", ""Extra pillows and blankets"", ""Long term stays allowed"", ""Oven"", ""Essentials"", ""Coffee"", ""Laundromat nearby"", ""Books and reading material"", ""First aid kit"", ""Conditioner"", ""Dishes and silverware"", ""Hangers"", ""Refrigerator"", ""Self check-in"", ""Freezer"", ""Free street parking"", ""Lockbox"", ""Fire extinguisher"", ""Cleaning products"", ""Stove""]",757342235277207834,"['Smoke alarm', 'Kitchen', 'Wifi', 'Shower gel', 'Hot water', 'Coffee maker', 'Hair dryer', 'Body soap', 'TV', 'Carbon monoxide alarm', 'Bed linens', 'Bathtub', 'Cooking basics', 'Ceiling fan', 'Shampoo', 'Baking sheet', 'Room-darkening shades', 'Hot water kettle', 'Wine glasses', 'Dedicated workspace', 'Clothing storage', 'Dining table', 'Heating', 'Extra pillows and blankets', 'Long term stays allowed', 'Oven', 'Essentials', 'Coffee', 'Laundromat nearby', 'Books and reading material', 'First aid kit', 'Conditioner', 'Dishes and silverware', 'Hangers', 'Refrigerator', 'Self check-in', 'Freezer', 'Free street parking', 'Lockbox', 'Fire extinguisher', 'Cleaning products', 'Stove']",42,1,1,1,1,1,0,0,0,0,0,0,1,Entire place
THIRTEENTH WARD,42.67261,-73.79262,120,Entire home/apt,Entire rental unit,4,2.0,1.0,65,1.79,20,4.94,4.82,4.92,43,t,"[""Smoke alarm"", ""Kitchen"", ""Wifi"", ""Hot water"", ""Hair dryer"", ""Body soap"", ""TV"", ""Carbon monoxide alarm"", ""Bed linens"", ""Luggage dropoff allowed"", ""Bathtub"", ""Cooking basics"", ""Baking sheet"", ""Shampoo"", ""Iron"", ""Wine glasses"", ""Dedicated workspace"", ""Microwave"", ""Coffee maker: Keurig coffee machine"", ""Dining table"", ""Heating"", ""Smart lock"", ""Long term stays allowed"", ""Oven"", ""Essentials"", ""Coffee"", ""Clothing storage: closet"", ""Free residential garage on premises"", ""Conditioner"", ""Window AC unit"", ""Dishes and silverware"", ""Hangers"", ""Refrigerator"", ""Self check-in"", ""Cleaning products"", ""Board games"", ""Cleaning available during stay"", ""Stove""]",757978037279611051,"['Smoke alarm', 'Kitchen', 'Wifi', 'Hot water', 'Hair dryer', 'Body soap', 'TV', 'Carbon monoxide alarm', 'Bed linens', 'Luggage dropoff allowed', 'Bathtub', 'Cooking basics', 'Baking sheet', 'Shampoo', 'Iron', 'Wine glasses', 'Dedicated workspace', 'Microwave', 'Coffee maker: Keurig coffee machine', 'Dining table', 'Heating', 'Smart lock', 'Long term stays allowed', 'Oven', 'Essentials', 'Coffee', 'Clothing storage: closet', 'Free residential garage on premises', 'Conditioner', 'Window AC unit', 'Dishes and silverware', 'Hangers', 'Refrigerator', 'Self check-in', 'Cleaning products', 'Board games', 'Cleaning available during stay', 'Stove']",38,1,1,1,1,1,1,0,0,0,0,0,1,Entire place
SIXTH WARD,42.65405,-73.76953,18,Entire home/apt,Entire rental unit,2,1.0,1.0,46,1.19,3,4.89,4.89,4.85,365,t,"[""Smoke alarm"", ""Kitchen"", ""Cooking basics"", ""Iron"", ""Air conditioning"", ""Wifi"", ""Dedicated workspace"", ""Carbon monoxide alarm"", ""Keypad"", ""Hair dryer"", ""Heating"", ""First aid kit"", ""TV"", ""Free parking on premises"", ""Washer"", ""Self check-in""]",761141715827746314,"['Smoke alarm', 'Kitchen', 'Cooking basics', 'Iron', 'Air conditioning', 'Wifi', 'Dedicated workspace', 'Carbon monoxide alarm', 'Keypad', 'Hair dryer', 'Heating', 'First aid kit', 'TV', 'Free parking on premises', 'Washer', 'Self check-in']",16,1,1,1,1,1,1,0,0,0,0,0,1,Entire place
TENTH WARD,42.66117,-73.79091,54,Private room,Private room in home,1,1.0,1.0,40,1.02,9,5.0,4.98,4.93,26,t,"[""IHome  Bluetooth sound system"", ""Smoke alarm"", ""Kitchen"", ""Dishwasher"", ""Clothing storage: closet and dresser"", ""Wifi"", ""Hot water"", ""Hair dryer"", ""HDTV with Netflix, Hulu, Roku"", ""Fire pit"", ""Outdoor dining area"", ""Carbon monoxide alarm"", ""Bed linens"", ""Housekeeping available 24 hours, every day"", ""Luggage dropoff allowed"", ""Coffee maker: drip coffee maker, french press, pour-over coffee"", ""Bathtub"", ""Cooking basics"", ""Ceiling fan"", ""Iron"", ""Baking sheet"", ""Outdoor shower"", ""Room-darkening shades"", ""Free dryer \u2013 In building"", ""Dedicated workspace"", ""Microwave"", ""Hot water kettle"", ""Host greets you"", ""Dining table"", ""Hammock"", ""Extra pillows and blankets"", ""Rice maker"", ""Long term stays allowed"", ""Radiant heating"", ""Portable fans"", ""Drying rack for clothing"", ""Noise decibel monitors on property"", ""Exterior security cameras on property"", ""Toaster"", ""Coffee"", ""Lock on bedroom door"", ""Laundromat nearby"", ""Shared patio or balcony"", ""Single oven"", ""Outdoor furniture"", ""Books and reading material"", ""First aid kit"", ""Barbecue utensils"", ""Window AC unit"", ""Dishes and silverware"", ""Hangers"", ""Refrigerator"", ""Blender"", ""Free washer \u2013 In building"", ""Freezer"", ""Free street parking"", ""Fire extinguisher"", ""Cleaning products"", ""Board games"", ""Indoor fireplace: gas"", ""Stove"", ""Shared backyard \u2013 Fully fenced"", ""Shared BBQ grill: charcoal""]",764508866835218670,"['IHome  Bluetooth sound system', 'Smoke alarm', 'Kitchen', 'Dishwasher', 'Clothing storage: closet and dresser', 'Wifi', 'Hot water', 'Hair dryer', 'HDTV with Netflix, Hulu, Roku', 'Fire pit', 'Outdoor dining area', 'Carbon monoxide alarm', 'Bed linens', 'Housekeeping available 24 hours, every day', 'Luggage dropoff allowed', 'Coffee maker: drip coffee maker, french press, pour-over coffee', 'Bathtub', 'Cooking basics', 'Ceiling fan', 'Iron', 'Baking sheet', 'Outdoor shower', 'Room-darkening shades', 'Free dryer – In building', 'Dedicated workspace', 'Microwave', 'Hot water kettle', 'Host greets you', 'Dining table', 'Hammock', 'Extra pillows and blankets', 'Rice maker', 'Long term stays allowed', 'Radiant heating', 'Portable fans', 'Drying rack for clothing', 'Noise decibel monitors on property', 'Exterior security cameras on property', 'Toaster', 'Coffee', 'Lock on bedroom door', 'Laundromat nearby', 'Shared patio or balcony', 'Single oven', 'Outdoor furniture', 'Books and reading material', 'First aid kit', 'Barbecue utensils', 'Window AC unit', 'Dishes and silverware', 'Hangers', 'Refrigerator', 'Blender', 'Free washer – In building', 'Freezer', 'Free street parking', 'Fire extinguisher', 'Cleaning products', 'Board games', 'Indoor fireplace: gas', 'Stove', 'Shared backyard – Fully fenced', 'Shared BBQ grill: charcoal']",63,1,1,1,0,1,1,1,0,0,0,0,1,Private room
FOURTEENTH WARD,42.6601,-73.80719,180,Entire home/apt,Entire rental unit,2,1.0,1.0,74,1.94,18,4.89,4.85,4.93,261,t,"[""Smoke alarm"", ""Wifi"", ""Hot water"", ""Coffee maker"", ""Private entrance"", ""Hair dryer"", ""Body soap"", ""Fire pit"", ""Mini fridge"", ""TV"", ""Carbon monoxide alarm"", ""Shampoo"", ""Iron"", ""Hot water kettle"", ""Wine glasses"", ""Dedicated workspace"", ""Microwave"", ""Dining table"", ""Exercise equipment"", ""Long term stays allowed"", ""Exterior security cameras on property"", ""Essentials"", ""Coffee"", ""Central heating"", ""Free parking on premises"", ""Window AC unit"", ""Dishes and silverware"", ""Hangers"", ""Refrigerator"", ""Self check-in"", ""Freezer"", ""Free street parking"", ""Lockbox"", ""Fire extinguisher"", ""Private backyard \u2013 Fully fenced"", ""Cleaning products"", ""Clothing storage: walk-in closet, closet, and dresser""]",774701102203414342,"['Smoke alarm', 'Wifi', 'Hot water', 'Coffee maker', 'Private entrance', 'Hair dryer', 'Body soap', 'Fire pit', 'Mini fridge', 'TV', 'Carbon monoxide alarm', 'Shampoo', 'Iron', 'Hot water kettle', 'Wine glasses', 'Dedicated workspace', 'Microwave', 'Dining table', 'Exercise equipment', 'Long term stays allowed', 'Exterior security cameras on property', 'Essentials', 'Coffee', 'Central heating', 'Free parking on premises', 'Window AC unit', 'Dishes and silverware', 'Hangers', 'Refrigerator', 'Self check-in', 'Freezer', 'Free street parking', 'Lockbox', 'Fire extinguisher', 'Private backyard – Fully fenced', 'Cleaning products', 'Clothing storage: walk-in closet, closet, and dresser']",37,1,1,1,1,1,1,1,0,1,0,0,1,Entire place
FOURTEENTH WARD,42.66298,-73.81361,252,Private room,Private room in home,1,1.0,2.0,57,1.56,42,4.74,4.74,4.86,164,f,"[""Smoke alarm"", ""Air conditioning"", ""Wifi"", ""Dedicated workspace"", ""Bed linens"", ""Hot water"", ""Free driveway parking on premises \u2013 1 space"", ""Clothing storage: closet"", ""Hair dryer"", ""Heating"", ""TV"", ""Extra pillows and blankets"", ""Hangers""]",784781397995494758,"['Smoke alarm', 'Air conditioning', 'Wifi', 'Dedicated workspace', 'Bed linens', 'Hot water', 'Free driveway parking on premises – 1 space', 'Clothing storage: closet', 'Hair dryer', 'Heating', 'TV', 'Extra pillows and blankets', 'Hangers']",13,0,1,1,0,1,1,0,0,0,0,0,1,Private room
THIRD WARD,42.65653,-73.76223,0,Entire home/apt,Entire rental unit,2,1.0,1.0,3,0.1,0,5.0,5.0,4.33,365,f,"[""Smoke alarm"", ""Kitchen"", ""Wifi"", ""Shower gel"", ""Hot water"", ""Hair dryer"", ""Body soap"", ""TV"", ""Carbon monoxide alarm"", ""Bed linens"", ""Cooking basics"", ""Baking sheet"", ""Dedicated workspace"", ""Heating"", ""Oven"", ""Air conditioning"", ""First aid kit"", ""Conditioner"", ""Free parking on premises"", ""Dishes and silverware"", ""Self check-in"", ""Refrigerator"", ""Freezer"", ""Free street parking"", ""Lockbox"", ""Fire extinguisher"", ""Paid parking on premises"", ""Cleaning products""]",786181179052991690,"['Smoke alarm', 'Kitchen', 'Wifi', 'Shower gel', 'Hot water', 'Hair dryer', 'Body soap', 'TV', 'Carbon monoxide alarm', 'Bed linens', 'Cooking basics', 'Baking sheet', 'Dedicated workspace', 'Heating', 'Oven', 'Air conditioning', 'First aid kit', 'Conditioner', 'Free parking on premises', 'Dishes and silverware', 'Self check-in', 'Refrigerator', 'Freezer', 'Free street parking', 'Lockbox', 'Fire extinguisher', 'Paid parking on premises', 'Cleaning products']",28,1,1,1,1,1,1,0,0,0,0,0,1,Entire place
SIXTH WARD,42.65322,-73.76249,60,Entire home/apt,Entire rental unit,2,1.0,1.0,5,0.17,1,4.6,4.6,5.0,321,f,"[""Smoke alarm"", ""Kitchen"", ""Wifi"", ""Shower gel"", ""Hot water"", ""Coffee maker"", ""Hair dryer"", ""Body soap"", ""TV"", ""Carbon monoxide alarm"", ""Bed linens"", ""Bathtub"", ""Cooking basics"", ""Baking sheet"", ""Shampoo"", ""Hot water kettle"", ""Dedicated workspace"", ""Dining table"", ""Long term stays allowed"", ""Oven"", ""Radiant heating"", ""Air conditioning"", ""Essentials"", ""Coffee"", ""First aid kit"", ""Conditioner"", ""Free parking on premises"", ""Dishes and silverware"", ""Self check-in"", ""Refrigerator"", ""Freezer"", ""Lockbox"", ""Fire extinguisher"", ""Paid parking on premises"", ""Cleaning products""]",786228331433922432,"['Smoke alarm', 'Kitchen', 'Wifi', 'Shower gel', 'Hot water', 'Coffee maker', 'Hair dryer', 'Body soap', 'TV', 'Carbon monoxide alarm', 'Bed linens', 'Bathtub', 'Cooking basics', 'Baking sheet', 'Shampoo', 'Hot water kettle', 'Dedicated workspace', 'Dining table', 'Long term stays allowed', 'Oven', 'Radiant heating', 'Air conditioning', 'Essentials', 'Coffee', 'First aid kit', 'Conditioner', 'Free parking on premises', 'Dishes and silverware', 'Self check-in', 'Refrigerator', 'Freezer', 'Lockbox', 'Fire extinguisher', 'Paid parking on premises', 'Cleaning products']",35,1,1,1,1,1,1,0,0,0,0,0,1,Entire place
FIFTH WARD,42.6591503133547,-73.75431932508945,12,Entire home/apt,Entire rental unit,4,1.0,1.0,38,1.03,2,4.74,4.61,4.26,27,f,"[""Smoke alarm"", ""Kitchen"", ""Pack \u2019n play/Travel crib - always at the listing"", ""Whirlpool gas stove"", ""Shower gel"", ""Hot water"", ""Private entrance"", ""Hair dryer"", ""Body soap"", ""Carbon monoxide alarm"", ""Bed linens"", ""Bathtub"", ""Cooking basics"", ""Baking sheet"", ""Shampoo"", ""Iron"", ""Room-darkening shades"", ""Wine glasses"", ""Dedicated workspace"", ""Microwave"", ""Coffee maker: Keurig coffee machine"", ""Dining table"", ""LG refrigerator"", ""Smart lock"", ""Extra pillows and blankets"", ""Long term stays allowed"", ""Oven"", ""Portable fans"", ""Drying rack for clothing"", ""Noise decibel monitors on property"", ""Exterior security cameras on property"", ""Toaster"", ""Essentials"", ""Coffee"", ""Single level home"", ""Central heating"", ""Clothing storage: wardrobe and dresser"", ""First aid kit"", ""Fast wifi \u2013 458 Mbps"", ""Conditioner"", ""Free washer \u2013 In unit"", ""Window AC unit"", ""Dishes and silverware"", ""Free parking on premises"", ""Hangers"", ""Self check-in"", ""Freezer"", ""Free street parking"", ""Fire extinguisher"", ""Free dryer \u2013 In unit"", ""Cleaning products"", ""65 inch HDTV with Netflix, HBO Max, Amazon Prime Video"", ""Board games""]",786316043239579100,"['Smoke alarm', 'Kitchen', 'Pack ’n play/Travel crib - always at the listing', 'Whirlpool gas stove', 'Shower gel', 'Hot water', 'Private entrance', 'Hair dryer', 'Body soap', 'Carbon monoxide alarm', 'Bed linens', 'Bathtub', 'Cooking basics', 'Baking sheet', 'Shampoo', 'Iron', 'Room-darkening shades', 'Wine glasses', 'Dedicated workspace', 'Microwave', 'Coffee maker: Keurig coffee machine', 'Dining table', 'LG refrigerator', 'Smart lock', 'Extra pillows and blankets', 'Long term stays allowed', 'Oven', 'Portable fans', 'Drying rack for clothing', 'Noise decibel monitors on property', 'Exterior security cameras on property', 'Toaster', 'Essentials', 'Coffee', 'Single level home', 'Central heating', 'Clothing storage: wardrobe and dresser', 'First aid kit', 'Fast wifi – 458 Mbps', 'Conditioner', 'Free washer – In unit', 'Window AC unit', 'Dishes and silverware', 'Free parking on premises', 'Hangers', 'Self check-in', 'Freezer', 'Free street parking', 'Fire extinguisher', 'Free dryer – In unit', 'Cleaning products', '65 inch HDTV with Netflix, HBO Max, Amazon Prime Video', 'Board games']",53,1,1,1,1,1,1,0,1,1,0,0,1,Entire place
FOURTEENTH WARD,42.6653,-73.7943,234,Entire home/apt,Entire home,8,3.0,2.0,137,3.79,39,4.95,4.88,4.8,208,t,"[""Smoke alarm"", ""Kitchen"", ""Indoor fireplace: electric"", ""Dishwasher"", ""Private patio or balcony"", ""Wifi"", ""Shower gel"", ""Hot water"", ""Private entrance"", ""Hair dryer"", ""Body soap"", ""Shared backyard \u2013 Not fully fenced"", ""Carbon monoxide alarm"", ""Bed linens"", ""Bathtub"", ""Cooking basics"", ""Ceiling fan"", ""Shampoo"", ""Iron"", ""Hot water kettle"", ""Wine glasses"", ""Baking sheet"", ""Dedicated workspace"", ""Microwave"", ""Dining table"", ""Heating"", ""Stainless steel oven"", ""Samsung gas stove"", ""Smart lock"", ""Paid street parking off premises"", ""Extra pillows and blankets"", ""Long term stays allowed"", ""Noise decibel monitors on property"", ""Exterior security cameras on property"", ""Toaster"", ""Essentials"", ""Coffee"", ""Outdoor furniture"", ""Clothing storage: closet"", ""First aid kit"", ""Conditioner"", ""Free washer \u2013 In unit"", ""Window AC unit"", ""Dishes and silverware"", ""Hangers"", ""Refrigerator"", ""Self check-in"", ""Freezer"", ""Coffee maker: drip coffee maker"", ""Free street parking"", ""Fire extinguisher"", ""Free dryer \u2013 In unit"", ""50 inch HDTV with Roku"", ""Cleaning products""]",787023821243442039,"['Smoke alarm', 'Kitchen', 'Indoor fireplace: electric', 'Dishwasher', 'Private patio or balcony', 'Wifi', 'Shower gel', 'Hot water', 'Private entrance', 'Hair dryer', 'Body soap', 'Shared backyard – Not fully fenced', 'Carbon monoxide alarm', 'Bed linens', 'Bathtub', 'Cooking basics', 'Ceiling fan', 'Shampoo', 'Iron', 'Hot water kettle', 'Wine glasses', 'Baking sheet', 'Dedicated workspace', 'Microwave', 'Dining table', 'Heating', 'Stainless steel oven', 'Samsung gas stove', 'Smart lock', 'Paid street parking off premises', 'Extra pillows and blankets', 'Long term stays allowed', 'Noise decibel monitors on property', 'Exterior security cameras on property', 'Toaster', 'Essentials', 'Coffee', 'Outdoor furniture', 'Clothing storage: closet', 'First aid kit', 'Conditioner', 'Free washer – In unit', 'Window AC unit', 'Dishes and silverware', 'Hangers', 'Refrigerator', 'Self check-in', 'Freezer', 'Coffee maker: drip coffee maker', 'Free street parking', 'Fire extinguisher', 'Free dryer – In unit', '50 inch HDTV with Roku', 'Cleaning products']",54,1,1,1,1,1,1,1,0,0,0,0,1,Entire place
FIFTH WARD,42.67283,-73.77367,48,Entire home/apt,Entire rental unit,4,3.0,1.0,21,0.63,8,4.57,4.52,3.9,50,f,"[""Smoke alarm"", ""Kitchen"", ""Dishwasher"", ""50 inch TV with Fire TV"", ""Shower gel"", ""Hot water"", ""Private entrance"", ""Hair dryer"", ""Body soap"", ""Carbon monoxide alarm"", ""Bed linens"", ""Luggage dropoff allowed"", ""Bathtub"", ""Cooking basics"", ""Ceiling fan"", ""Shampoo"", ""Iron"", ""Room-darkening shades"", ""Hot water kettle"", ""Wine glasses"", ""Dedicated workspace"", ""Microwave"", ""Dining table"", ""Smart lock"", ""Long term stays allowed"", ""Oven"", ""Radiant heating"", ""Exterior security cameras on property"", ""Essentials"", ""Coffee"", ""Fast wifi \u2013 54 Mbps"", ""First aid kit"", ""Conditioner"", ""Free washer \u2013 In unit"", ""Dishes and silverware"", ""Hangers"", ""Refrigerator"", ""Self check-in"", ""Freezer"", ""Coffee maker: drip coffee maker"", ""Free street parking"", ""Fire extinguisher"", ""Free dryer \u2013 In unit"", ""Cleaning products"", ""Stove""]",794723189688979530,"['Smoke alarm', 'Kitchen', 'Dishwasher', '50 inch TV with Fire TV', 'Shower gel', 'Hot water', 'Private entrance', 'Hair dryer', 'Body soap', 'Carbon monoxide alarm', 'Bed linens', 'Luggage dropoff allowed', 'Bathtub', 'Cooking basics', 'Ceiling fan', 'Shampoo', 'Iron', 'Room-darkening shades', 'Hot water kettle', 'Wine glasses', 'Dedicated workspace', 'Microwave', 'Dining table', 'Smart lock', 'Long term stays allowed', 'Oven', 'Radiant heating', 'Exterior security cameras on property', 'Essentials', 'Coffee', 'Fast wifi – 54 Mbps', 'First aid kit', 'Conditioner', 'Free washer – In unit', 'Dishes and silverware', 'Hangers', 'Refrigerator', 'Self check-in', 'Freezer', 'Coffee maker: drip coffee maker', 'Free street parking', 'Fire extinguisher', 'Free dryer – In unit', 'Cleaning products', 'Stove']",45,1,1,1,1,1,0,0,0,0,0,0,1,Entire place
NINTH WARD,42.656329,-73.7752048,12,Entire home/apt,Entire home,15,7.0,7.0,7,0.23,2,4.57,4.71,4.71,275,f,"[""Smoke alarm"", ""Kitchen"", ""Dishwasher"", ""Private patio or balcony"", ""Ethernet connection"", ""Wifi"", ""Shower gel"", ""Hot water"", ""Coffee maker"", ""Hair dryer"", ""Dryer"", ""Indoor fireplace"", ""TV"", ""Mini fridge"", ""Carbon monoxide alarm"", ""Luggage dropoff allowed"", ""Bathtub"", ""Cooking basics"", ""Baking sheet"", ""Iron"", ""Room-darkening shades"", ""Hot water kettle"", ""Wine glasses"", ""Dedicated workspace"", ""Microwave"", ""Dining table"", ""Washer"", ""Smart lock"", ""Extra pillows and blankets"", ""Pets allowed"", ""Long term stays allowed"", ""Oven"", ""Radiant heating"", ""Air conditioning"", ""Toaster"", ""Essentials"", ""Coffee"", ""Outdoor furniture"", ""Public Goods body soap"", ""Books and reading material"", ""Central heating"", ""First aid kit"", ""Free parking on premises"", ""Dishes and silverware"", ""Public Goods shampoo"", ""Hangers"", ""Refrigerator"", ""Self check-in"", ""Freezer"", ""Fire extinguisher"", ""Cleaning products"", ""Breakfast"", ""Public Goods conditioner"", ""Stove""]",795541666227926706,"['Smoke alarm', 'Kitchen', 'Dishwasher', 'Private patio or balcony', 'Ethernet connection', 'Wifi', 'Shower gel', 'Hot water', 'Coffee maker', 'Hair dryer', 'Dryer', 'Indoor fireplace', 'TV', 'Mini fridge', 'Carbon monoxide alarm', 'Luggage dropoff allowed', 'Bathtub', 'Cooking basics', 'Baking sheet', 'Iron', 'Room-darkening shades', 'Hot water kettle', 'Wine glasses', 'Dedicated workspace', 'Microwave', 'Dining table', 'Washer', 'Smart lock', 'Extra pillows and blankets', 'Pets allowed', 'Long term stays allowed', 'Oven', 'Radiant heating', 'Air conditioning', 'Toaster', 'Essentials', 'Coffee', 'Outdoor furniture', 'Public Goods body soap', 'Books and reading material', 'Central heating', 'First aid kit', 'Free parking on premises', 'Dishes and silverware', 'Public Goods shampoo', 'Hangers', 'Refrigerator', 'Self check-in', 'Freezer', 'Fire extinguisher', 'Cleaning products', 'Breakfast', 'Public Goods conditioner', 'Stove']",54,1,1,1,1,1,1,1,0,0,0,1,1,Entire place
NINTH WARD,42.65582,-73.77541,0,Private room,Private room in bed and breakfast,2,1.0,1.0,12,0.38,0,4.58,4.67,4.92,299,f,"[""Smoke alarm"", ""Kitchen"", ""Dishwasher"", ""Wifi"", ""Hot water"", ""Hair dryer"", ""Body soap"", ""Mini fridge"", ""TV"", ""Carbon monoxide alarm"", ""Cooking basics"", ""Shampoo"", ""Iron"", ""Wine glasses"", ""Safe"", ""Dedicated workspace"", ""Coffee maker: Keurig coffee machine"", ""Clothing storage"", ""Dining table"", ""Washer"", ""Long term stays allowed"", ""Pets allowed"", ""BBQ grill"", ""Air conditioning"", ""Essentials"", ""Coffee"", ""Central heating"", ""First aid kit"", ""Conditioner"", ""Free parking on premises"", ""Dishes and silverware"", ""Hangers"", ""Self check-in"", ""Fire extinguisher"", ""Keypad"", ""Breakfast""]",796231143904004713,"['Smoke alarm', 'Kitchen', 'Dishwasher', 'Wifi', 'Hot water', 'Hair dryer', 'Body soap', 'Mini fridge', 'TV', 'Carbon monoxide alarm', 'Cooking basics', 'Shampoo', 'Iron', 'Wine glasses', 'Safe', 'Dedicated workspace', 'Coffee maker: Keurig coffee machine', 'Clothing storage', 'Dining table', 'Washer', 'Long term stays allowed', 'Pets allowed', 'BBQ grill', 'Air conditioning', 'Essentials', 'Coffee', 'Central heating', 'First aid kit', 'Conditioner', 'Free parking on premises', 'Dishes and silverware', 'Hangers', 'Self check-in', 'Fire extinguisher', 'Keypad', 'Breakfast']",36,1,1,1,1,1,1,1,0,0,0,1,1,Private room
TENTH WARD,42.65741,-73.78034,54,Private room,Private room in home,2,1.0,1.0,23,0.62,9,4.78,4.65,4.78,105,f,"[""Smoke alarm"", ""40 inch HDTV with Hulu, Netflix, Fire TV, Disney+, HBO Max, Amazon Prime Video"", ""Private patio or balcony"", ""Clothing storage: closet and dresser"", ""Wifi"", ""Shower gel"", ""Hot water"", ""Hair dryer"", ""Body soap"", ""Mini fridge"", ""Carbon monoxide alarm"", ""Bed linens"", ""Bathtub"", ""Shampoo"", ""Iron"", ""Dedicated workspace"", ""Microwave"", ""Dining table"", ""Smart lock"", ""Extra pillows and blankets"", ""Long term stays allowed"", ""Radiant heating"", ""Portable fans"", ""Exterior security cameras on property"", ""Toaster"", ""Essentials"", ""Lock on bedroom door"", ""Laundromat nearby"", ""Books and reading material"", ""Conditioner"", ""Dishes and silverware"", ""Hangers"", ""Self check-in"", ""Coffee maker: drip coffee maker"", ""Free street parking"", ""Fire extinguisher"", ""Cleaning products""]",797455132224782470,"['Smoke alarm', '40 inch HDTV with Hulu, Netflix, Fire TV, Disney+, HBO Max, Amazon Prime Video', 'Private patio or balcony', 'Clothing storage: closet and dresser', 'Wifi', 'Shower gel', 'Hot water', 'Hair dryer', 'Body soap', 'Mini fridge', 'Carbon monoxide alarm', 'Bed linens', 'Bathtub', 'Shampoo', 'Iron', 'Dedicated workspace', 'Microwave', 'Dining table', 'Smart lock', 'Extra pillows and blankets', 'Long term stays allowed', 'Radiant heating', 'Portable fans', 'Exterior security cameras on property', 'Toaster', 'Essentials', 'Lock on bedroom door', 'Laundromat nearby', 'Books and reading material', 'Conditioner', 'Dishes and silverware', 'Hangers', 'Self check-in', 'Coffee maker: drip coffee maker', 'Free street parking', 'Fire extinguisher', 'Cleaning products']",37,1,1,1,1,1,0,1,0,0,0,0,1,Private room
SIXTH WARD,42.65751,-73.77409,0,Private room,Private room in bed and breakfast,2,1.0,1.0,6,0.19,0,4.33,4.17,4.67,300,f,"[""Smoke alarm"", ""Kitchen"", ""Dishwasher"", ""Wifi"", ""Hot water"", ""Hair dryer"", ""Body soap"", ""TV"", ""Carbon monoxide alarm"", ""Bathtub"", ""Cooking basics"", ""Shampoo"", ""Iron"", ""Hot water kettle"", ""Wine glasses"", ""Free dryer \u2013 In building"", ""Dedicated workspace"", ""Coffee maker: Keurig coffee machine"", ""Clothing storage"", ""Dining table"", ""Washer"", ""Smart lock"", ""Long term stays allowed"", ""Pets allowed"", ""Oven"", ""BBQ grill"", ""Air conditioning"", ""Essentials"", ""Lock on bedroom door"", ""Coffee"", ""Central heating"", ""First aid kit"", ""Conditioner"", ""Free parking on premises"", ""Dishes and silverware"", ""Hangers"", ""Self check-in"", ""Fire extinguisher""]",802216634798169031,"['Smoke alarm', 'Kitchen', 'Dishwasher', 'Wifi', 'Hot water', 'Hair dryer', 'Body soap', 'TV', 'Carbon monoxide alarm', 'Bathtub', 'Cooking basics', 'Shampoo', 'Iron', 'Hot water kettle', 'Wine glasses', 'Free dryer – In building', 'Dedicated workspace', 'Coffee maker: Keurig coffee machine', 'Clothing storage', 'Dining table', 'Washer', 'Smart lock', 'Long term stays allowed', 'Pets allowed', 'Oven', 'BBQ grill', 'Air conditioning', 'Essentials', 'Lock on bedroom door', 'Coffee', 'Central heating', 'First aid kit', 'Conditioner', 'Free parking on premises', 'Dishes and silverware', 'Hangers', 'Self check-in', 'Fire extinguisher']",38,1,1,1,1,1,1,1,0,0,0,1,1,Private room
FOURTEENTH WARD,42.66691,-73.79338,56,Entire home/apt,Entire rental unit,6,3.0,,5,0.15,2,5.0,5.0,5.0,8,t,"[""Smoke alarm"", ""Kitchen"", ""Wifi"", ""Hot water"", ""Private entrance"", ""Hair dryer"", ""Dryer"", ""TV"", ""Carbon monoxide alarm"", ""Shampoo"", ""Dedicated workspace"", ""Heating"", ""Washer"", ""Pets allowed"", ""Exterior security cameras on property"", ""Air conditioning"", ""Essentials"", ""Free parking on premises"", ""Hangers"", ""Self check-in"", ""Fire extinguisher"", ""Keypad"", ""Stove""]",803604897479679272,"['Smoke alarm', 'Kitchen', 'Wifi', 'Hot water', 'Private entrance', 'Hair dryer', 'Dryer', 'TV', 'Carbon monoxide alarm', 'Shampoo', 'Dedicated workspace', 'Heating', 'Washer', 'Pets allowed', 'Exterior security cameras on property', 'Air conditioning', 'Essentials', 'Free parking on premises', 'Hangers', 'Self check-in', 'Fire extinguisher', 'Keypad', 'Stove']",23,1,1,1,1,1,1,0,0,0,0,1,1,Entire place
THIRTEENTH WARD,42.6702921,-73.7907283,234,Entire home/apt,Entire home,10,3.0,1.0,48,2.07,39,4.98,4.96,4.92,290,t,"[""Smoke alarm"", ""Kitchen"", ""Dishwasher"", ""Ethernet connection"", ""Pack \u2019n play/Travel crib - always at the listing"", ""Clothing storage: closet and dresser"", ""Wifi"", ""Shower gel"", ""Hot water"", ""Private entrance"", ""Hair dryer"", ""Body soap"", ""Whirlpool  stainless steel double oven"", ""Fire pit"", ""Mini fridge"", ""Outdoor dining area"", ""Carbon monoxide alarm"", ""Bed linens"", ""80 inch HDTV with Roku, premium cable"", ""Luggage dropoff allowed"", ""Cooking basics"", ""Paid parking off premises"", ""Ceiling fan"", ""Shampoo"", ""Iron"", ""Room-darkening shades"", ""Hot water kettle"", ""Free dryer \u2013 In building"", ""Dedicated workspace"", ""Microwave"", ""Wine glasses"", ""Baking sheet"", ""Dining table"", ""Exercise equipment"", ""Smart lock"", ""Extra pillows and blankets"", ""Rice maker"", ""Long term stays allowed"", ""BBQ grill"", ""Whirlpool stainless steel gas stove"", ""Radiant heating"", ""Crib - always at the listing"", ""Drying rack for clothing"", ""Exterior security cameras on property"", ""Toaster"", ""Patio or balcony"", ""Essentials"", ""Coffee"", ""Outdoor furniture"", ""Single level home"", ""Books and reading material"", ""First aid kit"", ""Barbecue utensils"", ""Conditioner"", ""Free parking on premises"", ""Window AC unit"", ""Dishes and silverware"", ""Hangers"", ""Blender"", ""Self check-in"", ""Free washer \u2013 In building"", ""Whirlpool  refrigerator"", ""Freezer"", ""Free street parking"", ""Fire extinguisher"", ""Coffee maker: drip coffee maker, Keurig coffee machine"", ""Cleaning products"", ""Board games"", ""Cleaning available during stay"", ""Shared backyard \u2013 Fully fenced""]",803682039097862541,"['Smoke alarm', 'Kitchen', 'Dishwasher', 'Ethernet connection', 'Pack ’n play/Travel crib - always at the listing', 'Clothing storage: closet and dresser', 'Wifi', 'Shower gel', 'Hot water', 'Private entrance', 'Hair dryer', 'Body soap', 'Whirlpool  stainless steel double oven', 'Fire pit', 'Mini fridge', 'Outdoor dining area', 'Carbon monoxide alarm', 'Bed linens', '80 inch HDTV with Roku, premium cable', 'Luggage dropoff allowed', 'Cooking basics', 'Paid parking off premises', 'Ceiling fan', 'Shampoo', 'Iron', 'Room-darkening shades', 'Hot water kettle', 'Free dryer – In building', 'Dedicated workspace', 'Microwave', 'Wine glasses', 'Baking sheet', 'Dining table', 'Exercise equipment', 'Smart lock', 'Extra pillows and blankets', 'Rice maker', 'Long term stays allowed', 'BBQ grill', 'Whirlpool stainless steel gas stove', 'Radiant heating', 'Crib - always at the listing', 'Drying rack for clothing', 'Exterior security cameras on property', 'Toaster', 'Patio or balcony', 'Essentials', 'Coffee', 'Outdoor furniture', 'Single level home', 'Books and reading material', 'First aid kit', 'Barbecue utensils', 'Conditioner', 'Free parking on premises', 'Window AC unit', 'Dishes and silverware', 'Hangers', 'Blender', 'Self check-in', 'Free washer – In building', 'Whirlpool  refrigerator', 'Freezer', 'Free street parking', 'Fire extinguisher', 'Coffee maker: drip coffee maker, Keurig coffee machine', 'Cleaning products', 'Board games', 'Cleaning available during stay', 'Shared backyard – Fully fenced']",70,1,1,1,1,1,1,1,1,1,0,0,1,Entire place
NINTH WARD,42.656329,-73.775205,0,Private room,Private room in bed and breakfast,2,1.0,1.0,6,0.19,0,4.67,4.83,4.5,295,f,"[""Smoke alarm"", ""Kitchen"", ""Dishwasher"", ""Wifi"", ""Hot water"", ""Hair dryer"", ""Body soap"", ""Mini fridge"", ""TV"", ""Shared backyard \u2013 Not fully fenced"", ""Carbon monoxide alarm"", ""Bathtub"", ""Cooking basics"", ""Shampoo"", ""Iron"", ""Hot water kettle"", ""Wine glasses"", ""Free dryer \u2013 In building"", ""Dedicated workspace"", ""Coffee maker: Keurig coffee machine"", ""Dining table"", ""Heating"", ""Washer"", ""Smart lock"", ""Long term stays allowed"", ""Pets allowed"", ""Oven"", ""BBQ grill"", ""Air conditioning"", ""Essentials"", ""Lock on bedroom door"", ""Coffee"", ""First aid kit"", ""Conditioner"", ""Free parking on premises"", ""Dishes and silverware"", ""Hangers"", ""Self check-in"", ""Fire extinguisher"", ""Cleaning products"", ""Breakfast""]",803814397190632412,"['Smoke alarm', 'Kitchen', 'Dishwasher', 'Wifi', 'Hot water', 'Hair dryer', 'Body soap', 'Mini fridge', 'TV', 'Shared backyard – Not fully fenced', 'Carbon monoxide alarm', 'Bathtub', 'Cooking basics', 'Shampoo', 'Iron', 'Hot water kettle', 'Wine glasses', 'Free dryer – In building', 'Dedicated workspace', 'Coffee maker: Keurig coffee machine', 'Dining table', 'Heating', 'Washer', 'Smart lock', 'Long term stays allowed', 'Pets allowed', 'Oven', 'BBQ grill', 'Air conditioning', 'Essentials', 'Lock on bedroom door', 'Coffee', 'First aid kit', 'Conditioner', 'Free parking on premises', 'Dishes and silverware', 'Hangers', 'Self check-in', 'Fire extinguisher', 'Cleaning products', 'Breakfast']",41,1,1,1,1,1,1,1,0,0,0,1,1,Private room
NINTH WARD,42.656329,-73.775205,6,Private room,Private room in bed and breakfast,2,1.0,1.0,10,0.32,1,4.5,4.3,4.3,299,f,"[""Smoke alarm"", ""Kitchen"", ""Dishwasher"", ""Wifi"", ""Shower gel"", ""Hot water"", ""Hair dryer"", ""Body soap"", ""Mini fridge"", ""TV"", ""Shared backyard \u2013 Not fully fenced"", ""Carbon monoxide alarm"", ""Bed linens"", ""Bathtub"", ""Cooking basics"", ""Shampoo"", ""Iron"", ""Hot water kettle"", ""Wine glasses"", ""Free dryer \u2013 In building"", ""Dedicated workspace"", ""Microwave"", ""Coffee maker: Keurig coffee machine"", ""Dining table"", ""Heating"", ""Washer"", ""Smart lock"", ""Long term stays allowed"", ""Pets allowed"", ""Oven"", ""BBQ grill"", ""Air conditioning"", ""Essentials"", ""Lock on bedroom door"", ""Coffee"", ""First aid kit"", ""Conditioner"", ""Free parking on premises"", ""Dishes and silverware"", ""Hangers"", ""Refrigerator"", ""Self check-in"", ""Fire extinguisher"", ""Cleaning products"", ""Breakfast"", ""Stove""]",803867986023966300,"['Smoke alarm', 'Kitchen', 'Dishwasher', 'Wifi', 'Shower gel', 'Hot water', 'Hair dryer', 'Body soap', 'Mini fridge', 'TV', 'Shared backyard – Not fully fenced', 'Carbon monoxide alarm', 'Bed linens', 'Bathtub', 'Cooking basics', 'Shampoo', 'Iron', 'Hot water kettle', 'Wine glasses', 'Free dryer – In building', 'Dedicated workspace', 'Microwave', 'Coffee maker: Keurig coffee machine', 'Dining table', 'Heating', 'Washer', 'Smart lock', 'Long term stays allowed', 'Pets allowed', 'Oven', 'BBQ grill', 'Air conditioning', 'Essentials', 'Lock on bedroom door', 'Coffee', 'First aid kit', 'Conditioner', 'Free parking on premises', 'Dishes and silverware', 'Hangers', 'Refrigerator', 'Self check-in', 'Fire extinguisher', 'Cleaning products', 'Breakfast', 'Stove']",46,1,1,1,1,1,1,1,0,0,0,1,1,Private room
NINTH WARD,42.65613971519499,-73.79212237894535,120,Entire home/apt,Entire rental unit,4,2.0,1.0,2,0.21,2,4.5,4.5,4.0,158,f,"[""Smoke alarm"", ""Kitchen"", ""Dishwasher"", ""Clothing storage: closet and dresser"", ""Wifi"", ""Hot water"", ""Outdoor dining area"", ""TV"", ""Carbon monoxide alarm"", ""Bed linens"", ""Cooking basics"", ""Baking sheet"", ""Hot water kettle"", ""Wine glasses"", ""Microwave"", ""Dining table"", ""Stainless steel oven"", ""Washer"", ""Pets allowed"", ""Air conditioning"", ""Toaster"", ""Central heating"", ""First aid kit"", ""Dishes and silverware"", ""Refrigerator"", ""Freezer"", ""Fire extinguisher"", ""Coffee maker: drip coffee maker, Keurig coffee machine"", ""Free dryer \u2013 In unit"", ""Stove""]",809524698302742033,"['Smoke alarm', 'Kitchen', 'Dishwasher', 'Clothing storage: closet and dresser', 'Wifi', 'Hot water', 'Outdoor dining area', 'TV', 'Carbon monoxide alarm', 'Bed linens', 'Cooking basics', 'Baking sheet', 'Hot water kettle', 'Wine glasses', 'Microwave', 'Dining table', 'Stainless steel oven', 'Washer', 'Pets allowed', 'Air conditioning', 'Toaster', 'Central heating', 'First aid kit', 'Dishes and silverware', 'Refrigerator', 'Freezer', 'Fire extinguisher', 'Coffee maker: drip coffee maker, Keurig coffee machine', 'Free dryer – In unit', 'Stove']",30,1,1,0,0,0,1,1,0,0,0,1,1,Entire place
THIRTEENTH WARD,42.67144,-73.79033,42,Private room,Private room in rental unit,2,1.0,1.0,20,0.65,7,4.75,4.8,4.85,349,t,"[""Smoke alarm"", ""Wifi"", ""Coffee maker"", ""Hair dryer"", ""TV"", ""Carbon monoxide alarm"", ""Bed linens"", ""Clothing storage: dresser"", ""Kitchenette"", ""Bathtub"", ""Iron"", ""Hot water kettle"", ""Dedicated workspace"", ""Microwave"", ""Dining table"", ""Nonspecific  body soap"", ""Long term stays allowed"", ""Pets allowed"", ""Nonspecific  conditioner"", ""BBQ grill"", ""Backyard"", ""Exterior security cameras on property"", ""Air conditioning"", ""Toaster"", ""Essentials"", ""Nonspecific  shampoo"", ""Lock on bedroom door"", ""Coffee"", ""Central heating"", ""First aid kit"", ""Dishes and silverware"", ""Self check-in"", ""Refrigerator"", ""Free street parking"", ""Fire extinguisher"", ""Cleaning products"", ""Keypad"", ""Cleaning available during stay""]",813640070361665090,"['Smoke alarm', 'Wifi', 'Coffee maker', 'Hair dryer', 'TV', 'Carbon monoxide alarm', 'Bed linens', 'Clothing storage: dresser', 'Kitchenette', 'Bathtub', 'Iron', 'Hot water kettle', 'Dedicated workspace', 'Microwave', 'Dining table', 'Nonspecific  body soap', 'Long term stays allowed', 'Pets allowed', 'Nonspecific  conditioner', 'BBQ grill', 'Backyard', 'Exterior security cameras on property', 'Air conditioning', 'Toaster', 'Essentials', 'Nonspecific  shampoo', 'Lock on bedroom door', 'Coffee', 'Central heating', 'First aid kit', 'Dishes and silverware', 'Self check-in', 'Refrigerator', 'Free street parking', 'Fire extinguisher', 'Cleaning products', 'Keypad', 'Cleaning available during stay']",38,1,1,1,1,1,1,1,0,0,0,1,1,Private room
SIXTH WARD,42.65258,-73.76917,108,Entire home/apt,Entire rental unit,2,1.0,1.0,51,1.39,18,4.71,4.76,4.84,365,t,"[""Smoke alarm"", ""Kitchen"", ""Smart lock"", ""Cooking basics"", ""Exterior security cameras on property"", ""Iron"", ""Air conditioning"", ""Wifi"", ""Heating"", ""Hair dryer"", ""First aid kit"", ""TV"", ""Free parking on premises"", ""Carbon monoxide alarm"", ""Self check-in""]",816085193659797849,"['Smoke alarm', 'Kitchen', 'Smart lock', 'Cooking basics', 'Exterior security cameras on property', 'Iron', 'Air conditioning', 'Wifi', 'Heating', 'Hair dryer', 'First aid kit', 'TV', 'Free parking on premises', 'Carbon monoxide alarm', 'Self check-in']",15,1,1,1,1,0,1,0,0,0,0,0,1,Entire place
FOURTEENTH WARD,42.66109,-73.80479,0,Private room,Private room in home,1,1.0,1.0,3,0.08,0,5.0,5.0,5.0,229,f,"[""Smoke alarm"", ""Kitchen"", ""Dishwasher"", ""Clothing storage: closet and dresser"", ""Wifi"", ""Hot water"", ""Mini fridge"", ""Carbon monoxide alarm"", ""Cooking basics"", ""Shampoo"", ""Room-darkening shades"", ""Host greets you"", ""Dedicated workspace"", ""Microwave"", ""Dining table"", ""Stainless steel oven"", ""Washer"", ""Extra pillows and blankets"", ""Rice maker"", ""Electric stove"", ""Exterior security cameras on property"", ""Air conditioning"", ""Toaster"", ""Essentials"", ""Lock on bedroom door"", ""Coffee"", ""Central heating"", ""First aid kit"", ""Coffee maker: french press, Keurig coffee machine"", ""Free parking on premises"", ""Dishes and silverware"", ""Hangers"", ""Refrigerator"", ""Blender"", ""Freezer"", ""40 inch HDTV with Netflix"", ""Fire extinguisher"", ""Free dryer \u2013 In unit"", ""Cleaning products"", ""Dove body soap""]",821566342267452838,"['Smoke alarm', 'Kitchen', 'Dishwasher', 'Clothing storage: closet and dresser', 'Wifi', 'Hot water', 'Mini fridge', 'Carbon monoxide alarm', 'Cooking basics', 'Shampoo', 'Room-darkening shades', 'Host greets you', 'Dedicated workspace', 'Microwave', 'Dining table', 'Stainless steel oven', 'Washer', 'Extra pillows and blankets', 'Rice maker', 'Electric stove', 'Exterior security cameras on property', 'Air conditioning', 'Toaster', 'Essentials', 'Lock on bedroom door', 'Coffee', 'Central heating', 'First aid kit', 'Coffee maker: french press, Keurig coffee machine', 'Free parking on premises', 'Dishes and silverware', 'Hangers', 'Refrigerator', 'Blender', 'Freezer', '40 inch HDTV with Netflix', 'Fire extinguisher', 'Free dryer – In unit', 'Cleaning products', 'Dove body soap']",40,1,1,1,0,1,1,0,0,0,0,0,1,Private room
NINTH WARD,42.65613,-73.77469,255,Entire home/apt,Entire rental unit,5,2.0,1.0,67,1.84,44,4.57,4.61,4.67,356,f,"[""Smoke alarm"", ""Kitchen"", ""Wifi"", ""Hot water"", ""Private entrance"", ""Hair dryer"", ""TV"", ""Carbon monoxide alarm"", ""Bed linens"", ""Bathtub"", ""Cooking basics"", ""Baking sheet"", ""Shampoo"", ""Iron"", ""Safe"", ""Microwave"", ""Coffee maker: Keurig coffee machine"", ""Dining table"", ""Long term stays allowed"", ""Oven"", ""Exterior security cameras on property"", ""Toaster"", ""Essentials"", ""Coffee"", ""Laundromat nearby"", ""Clothing storage: closet"", ""Central heating"", ""Olay  body soap"", ""Conditioner"", ""Free washer \u2013 In unit"", ""Window AC unit"", ""Dishes and silverware"", ""Free parking on premises"", ""Hangers"", ""Refrigerator"", ""Self check-in"", ""Freezer"", ""Free dryer \u2013 In unit"", ""Cleaning products"", ""Keypad"", ""Stove""]",826301775871257033,"['Smoke alarm', 'Kitchen', 'Wifi', 'Hot water', 'Private entrance', 'Hair dryer', 'TV', 'Carbon monoxide alarm', 'Bed linens', 'Bathtub', 'Cooking basics', 'Baking sheet', 'Shampoo', 'Iron', 'Safe', 'Microwave', 'Coffee maker: Keurig coffee machine', 'Dining table', 'Long term stays allowed', 'Oven', 'Exterior security cameras on property', 'Toaster', 'Essentials', 'Coffee', 'Laundromat nearby', 'Clothing storage: closet', 'Central heating', 'Olay  body soap', 'Conditioner', 'Free washer – In unit', 'Window AC unit', 'Dishes and silverware', 'Free parking on premises', 'Hangers', 'Refrigerator', 'Self check-in', 'Freezer', 'Free dryer – In unit', 'Cleaning products', 'Keypad', 'Stove']",41,1,1,1,1,0,1,0,0,0,0,0,1,Entire place
FIFTEENTH WARD,42.67076,-73.82612,204,Entire home/apt,Entire home,9,5.0,2.0,124,3.47,34,4.95,4.85,4.89,322,t,"[""Smoke alarm"", ""Kitchen"", ""Dishwasher"", ""Pack \u2019n play/Travel crib - always at the listing"", ""Wifi"", ""Hot water"", ""Private entrance"", ""Fire pit"", ""Outdoor dining area"", ""TV"", ""Carbon monoxide alarm"", ""Bed linens"", ""Exercise equipment: free weights, stationary bike, yoga mat, workout bench"", ""Bathtub"", ""Cooking basics"", ""Ceiling fan"", ""Iron"", ""Baking sheet"", ""Room-darkening shades"", ""Hot water kettle"", ""Wine glasses"", ""Microwave"", ""Dining table"", ""Stainless steel oven"", ""Extra pillows and blankets"", ""Long term stays allowed"", ""Electric stove"", ""Radiant heating"", ""Exterior security cameras on property"", ""Toaster"", ""Patio or balcony"", ""Essentials"", ""Coffee"", ""Laundromat nearby"", ""Garden view"", ""Outdoor furniture"", ""Free driveway parking on premises"", ""First aid kit"", ""Free washer \u2013 In unit"", ""Window AC unit"", ""Dishes and silverware"", ""Hangers"", ""Refrigerator"", ""Blender"", ""Self check-in"", ""Freezer"", ""Free street parking"", ""Fire extinguisher"", ""Coffee maker: drip coffee maker, Keurig coffee machine"", ""Free dryer \u2013 In unit"", ""Private backyard \u2013 Fully fenced"", ""Cleaning products"", ""Keypad"", ""Board games"", ""Private gym in building""]",831122937768017113,"['Smoke alarm', 'Kitchen', 'Dishwasher', 'Pack ’n play/Travel crib - always at the listing', 'Wifi', 'Hot water', 'Private entrance', 'Fire pit', 'Outdoor dining area', 'TV', 'Carbon monoxide alarm', 'Bed linens', 'Exercise equipment: free weights, stationary bike, yoga mat, workout bench', 'Bathtub', 'Cooking basics', 'Ceiling fan', 'Iron', 'Baking sheet', 'Room-darkening shades', 'Hot water kettle', 'Wine glasses', 'Microwave', 'Dining table', 'Stainless steel oven', 'Extra pillows and blankets', 'Long term stays allowed', 'Electric stove', 'Radiant heating', 'Exterior security cameras on property', 'Toaster', 'Patio or balcony', 'Essentials', 'Coffee', 'Laundromat nearby', 'Garden view', 'Outdoor furniture', 'Free driveway parking on premises', 'First aid kit', 'Free washer – In unit', 'Window AC unit', 'Dishes and silverware', 'Hangers', 'Refrigerator', 'Blender', 'Self check-in', 'Freezer', 'Free street parking', 'Fire extinguisher', 'Coffee maker: drip coffee maker, Keurig coffee machine', 'Free dryer – In unit', 'Private backyard – Fully fenced', 'Cleaning products', 'Keypad', 'Board games', 'Private gym in building']",55,1,1,1,1,0,1,1,1,1,1,0,1,Entire place
SIXTH WARD,42.66008,-73.76977,0,Entire home/apt,Entire rental unit,4,2.0,1.0,6,0.2,0,4.33,4.17,3.83,365,f,"[""Smoke alarm"", ""Kitchen"", ""Exterior security cameras on property"", ""Air conditioning"", ""Fire extinguisher"", ""Wifi"", ""First aid kit"", ""TV"", ""Carbon monoxide alarm""]",841524382518312215,"['Smoke alarm', 'Kitchen', 'Exterior security cameras on property', 'Air conditioning', 'Fire extinguisher', 'Wifi', 'First aid kit', 'TV', 'Carbon monoxide alarm']",9,1,0,0,0,0,1,0,0,0,0,0,1,Entire place
SIXTH WARD,42.65987,-73.77025,0,Entire home/apt,Entire rental unit,4,2.0,1.0,12,0.37,0,4.5,4.25,3.58,365,f,"[""Smoke alarm"", ""Kitchen"", ""Radiant heating"", ""Stainless steel single oven"", ""Exterior security cameras on property"", ""Private patio or balcony"", ""Lockbox"", ""Fire extinguisher"", ""Portable air conditioning"", ""Laundromat nearby"", ""Wifi"", ""Stainless steel electric stove"", ""First aid kit"", ""TV"", ""Carbon monoxide alarm"", ""Long term stays allowed"", ""Self check-in""]",841524433909352403,"['Smoke alarm', 'Kitchen', 'Radiant heating', 'Stainless steel single oven', 'Exterior security cameras on property', 'Private patio or balcony', 'Lockbox', 'Fire extinguisher', 'Portable air conditioning', 'Laundromat nearby', 'Wifi', 'Stainless steel electric stove', 'First aid kit', 'TV', 'Carbon monoxide alarm', 'Long term stays allowed', 'Self check-in']",17,1,1,0,1,0,1,1,0,0,0,0,1,Entire place
SIXTH WARD,42.65483,-73.76353,0,Entire home/apt,Entire rental unit,4,3.0,1.0,2,0.06,0,3.5,3.5,5.0,365,f,"[""Smoke alarm"", ""Kitchen"", ""Cooking basics"", ""Air conditioning"", ""Lockbox"", ""Fire extinguisher"", ""Wifi"", ""Dedicated workspace"", ""Hair dryer"", ""Heating"", ""First aid kit"", ""Outdoor dining area"", ""TV"", ""Carbon monoxide alarm"", ""Self check-in""]",843481456379840308,"['Smoke alarm', 'Kitchen', 'Cooking basics', 'Air conditioning', 'Lockbox', 'Fire extinguisher', 'Wifi', 'Dedicated workspace', 'Hair dryer', 'Heating', 'First aid kit', 'Outdoor dining area', 'TV', 'Carbon monoxide alarm', 'Self check-in']",15,1,1,0,1,1,1,1,0,0,0,0,1,Entire place
FIRST WARD,42.63504,-73.79833,255,Entire home/apt,Entire home,8,4.0,2.0,143,4.05,46,4.97,4.89,4.87,171,t,"[""Smoke alarm"", ""Kitchen"", ""Indoor fireplace: electric"", ""Dishwasher"", ""Samsung stainless steel electric stove"", ""Private patio or balcony"", ""Ethernet connection"", ""Baby safety gates"", ""Free driveway parking on premises \u2013 8 spaces"", ""Shower gel"", ""Hot water"", ""Private entrance"", ""Hair dryer"", ""Body soap"", ""Fire pit"", ""Outdoor dining area"", ""Carbon monoxide alarm"", ""Private backyard \u2013 Not fully fenced"", ""Bed linens"", ""Luggage dropoff allowed"", ""Park view"", ""Bathtub"", ""Children\u2019s dinnerware"", ""Ceiling fan"", ""Shampoo"", ""Iron"", ""Cooking basics"", ""Hot water kettle"", ""Wine glasses"", ""Dedicated workspace"", ""Microwave"", ""Baking sheet"", ""Clothing storage"", ""40 inch HDTV with Amazon Prime Video, Disney+, HBO Max, Netflix"", ""Dining table"", ""Stainless steel oven"", ""Washer"", ""Long term stays allowed"", ""Pets allowed"", ""High chair - always at the listing"", ""Radiant heating"", ""Portable fans"", ""Exterior security cameras on property"", ""Toaster"", ""Essentials"", ""Coffee"", ""Outdoor furniture"", ""Garden view"", ""Books and reading material"", ""Pack \u2019n play/Travel crib"", ""First aid kit"", ""Barbecue utensils"", ""Conditioner"", ""Fast wifi \u2013 202 Mbps"", ""Window AC unit"", ""Dishes and silverware"", ""Hangers"", ""Refrigerator"", ""Blender"", ""Self check-in"", ""Coffee maker: drip coffee maker, pour-over coffee"", ""Freezer"", ""Children\u2019s books and toys for ages 0-2 years old, 2-5 years old, and 5-10 years old"", ""Children's playroom"", ""Free dryer \u2013 In unit"", ""Fire extinguisher"", ""Cleaning products"", ""Private BBQ grill: gas"", ""Keypad"", ""Board games"", ""Baby bath - available upon request""]",845960193409947556,"['Smoke alarm', 'Kitchen', 'Indoor fireplace: electric', 'Dishwasher', 'Samsung stainless steel electric stove', 'Private patio or balcony', 'Ethernet connection', 'Baby safety gates', 'Free driveway parking on premises – 8 spaces', 'Shower gel', 'Hot water', 'Private entrance', 'Hair dryer', 'Body soap', 'Fire pit', 'Outdoor dining area', 'Carbon monoxide alarm', 'Private backyard – Not fully fenced', 'Bed linens', 'Luggage dropoff allowed', 'Park view', 'Bathtub', 'Children’s dinnerware', 'Ceiling fan', 'Shampoo', 'Iron', 'Cooking basics', 'Hot water kettle', 'Wine glasses', 'Dedicated workspace', 'Microwave', 'Baking sheet', 'Clothing storage', '40 inch HDTV with Amazon Prime Video, Disney+, HBO Max, Netflix', 'Dining table', 'Stainless steel oven', 'Washer', 'Long term stays allowed', 'Pets allowed', 'High chair - always at the listing', 'Radiant heating', 'Portable fans', 'Exterior security cameras on property', 'Toaster', 'Essentials', 'Coffee', 'Outdoor furniture', 'Garden view', 'Books and reading material', 'Pack ’n play/Travel crib', 'First aid kit', 'Barbecue utensils', 'Conditioner', 'Fast wifi – 202 Mbps', 'Window AC unit', 'Dishes and silverware', 'Hangers', 'Refrigerator', 'Blender', 'Self check-in', 'Coffee maker: drip coffee maker, pour-over coffee', 'Freezer', 'Children’s books and toys for ages 0-2 years old, 2-5 years old, and 5-10 years old', ""Children's playroom"", 'Free dryer – In unit', 'Fire extinguisher', 'Cleaning products', 'Private BBQ grill: gas', 'Keypad', 'Board games', 'Baby bath - available upon request']",71,1,1,1,1,1,1,1,1,0,1,1,1,Entire place
TWELFTH WARD,42.67336,-73.78619,0,Entire home/apt,Entire rental unit,7,3.0,2.0,19,0.55,0,4.68,4.68,4.42,362,f,"[""Smoke alarm"", ""Kitchen"", ""Dishwasher"", ""Wifi"", ""Shower gel"", ""Hot water"", ""Coffee maker"", ""Hair dryer"", ""Body soap"", ""TV"", ""Carbon monoxide alarm"", ""Bed linens"", ""Heating - split type ductless system"", ""Bathtub"", ""Cooking basics"", ""Shampoo"", ""Iron"", ""Microwave"", ""Dining table"", ""Washer"", ""Extra pillows and blankets"", ""Oven"", ""Exterior security cameras on property"", ""Air conditioning"", ""Essentials"", ""First aid kit"", ""Conditioner"", ""Dishes and silverware"", ""Hangers"", ""Refrigerator"", ""Self check-in"", ""Fire extinguisher"", ""Free dryer \u2013 In unit"", ""Cleaning products"", ""Keypad"", ""Stove""]",846586211673806912,"['Smoke alarm', 'Kitchen', 'Dishwasher', 'Wifi', 'Shower gel', 'Hot water', 'Coffee maker', 'Hair dryer', 'Body soap', 'TV', 'Carbon monoxide alarm', 'Bed linens', 'Heating - split type ductless system', 'Bathtub', 'Cooking basics', 'Shampoo', 'Iron', 'Microwave', 'Dining table', 'Washer', 'Extra pillows and blankets', 'Oven', 'Exterior security cameras on property', 'Air conditioning', 'Essentials', 'First aid kit', 'Conditioner', 'Dishes and silverware', 'Hangers', 'Refrigerator', 'Self check-in', 'Fire extinguisher', 'Free dryer – In unit', 'Cleaning products', 'Keypad', 'Stove']",36,1,1,0,1,0,1,0,0,0,0,0,1,Entire place
SIXTH WARD,42.65432,-73.76531,6,Entire home/apt,Entire rental unit,4,2.0,2.0,2,0.08,1,5.0,5.0,5.0,164,f,"[""Smoke alarm"", ""Kitchen"", ""Housekeeping - available at extra cost"", ""Wifi"", ""Shower gel"", ""Hot water"", ""Hair dryer"", ""Body soap"", ""TV"", ""Bed linens"", ""Bluetooth sound system"", ""Bathtub"", ""Shampoo"", ""Iron"", ""Portable heater"", ""Clothing storage"", ""Smart lock"", ""Paid street parking off premises"", ""Extra pillows and blankets"", ""Portable fans"", ""Drying rack for clothing"", ""Record player"", ""Exterior security cameras on property"", ""Essentials"", ""Central heating"", ""Movie theater"", ""Free washer \u2013 In unit"", ""Self check-in"", ""Free street parking"", ""Fire extinguisher"", ""Free dryer \u2013 In unit"", ""Paid parking on premises""]",849460179246794510,"['Smoke alarm', 'Kitchen', 'Housekeeping - available at extra cost', 'Wifi', 'Shower gel', 'Hot water', 'Hair dryer', 'Body soap', 'TV', 'Bed linens', 'Bluetooth sound system', 'Bathtub', 'Shampoo', 'Iron', 'Portable heater', 'Clothing storage', 'Smart lock', 'Paid street parking off premises', 'Extra pillows and blankets', 'Portable fans', 'Drying rack for clothing', 'Record player', 'Exterior security cameras on property', 'Essentials', 'Central heating', 'Movie theater', 'Free washer – In unit', 'Self check-in', 'Free street parking', 'Fire extinguisher', 'Free dryer – In unit', 'Paid parking on premises']",32,1,1,1,1,0,0,0,0,0,0,0,1,Entire place
SECOND WARD,42.6446,-73.75885,255,Private room,Private room in townhouse,3,1.0,1.0,217,6.22,59,4.98,4.95,4.7,327,t,"[""Smoke alarm"", ""Kitchen"", ""Dishwasher"", ""Trash compactor"", ""Pack \u2019n play/Travel crib - always at the listing"", ""Bikes"", ""Wifi"", ""Shower gel"", ""Hot water"", ""Hair dryer"", ""Body soap"", ""Fire pit"", ""Outdoor dining area"", ""Mini fridge"", ""Carbon monoxide alarm"", ""Bed linens"", ""Coffee maker: drip coffee maker, french press, Keurig coffee machine"", ""Luggage dropoff allowed"", ""Bathtub"", ""Cooking basics"", ""Baking sheet"", ""Shampoo"", ""Iron"", ""Room-darkening shades"", ""Safe"", ""Fireplace guards"", ""Central air conditioning"", ""Dedicated workspace"", ""Microwave"", ""Hot water kettle"", ""Wine glasses"", ""Dining table"", ""Beach essentials"", ""Extra pillows and blankets"", ""Rice maker"", ""Long term stays allowed"", ""Children\u2019s books and toys for ages 2-5 years old and 5-10 years old"", ""EV charger - level 2"", ""BBQ grill"", ""Portable fans"", ""Toaster"", ""Essentials"", ""Lock on bedroom door"", ""Coffee"", ""Shared patio or balcony"", ""Single oven"", ""Outdoor furniture"", ""Single level home"", ""Sound system"", ""Clothing storage: closet"", ""HDTV with Apple TV, Disney+, Amazon Prime Video, HBO Max, Hulu, Netflix"", ""Books and reading material"", ""Central heating"", ""First aid kit"", ""Barbecue utensils"", ""Conditioner"", ""Courtyard view"", ""Dishes and silverware"", ""Free parking on premises"", ""Crib"", ""Hangers"", ""Refrigerator"", ""Self check-in"", ""Freezer"", ""Free street parking"", ""Fire extinguisher"", ""Cleaning products"", ""Keypad"", ""Cleaning available during stay"", ""Stainless steel gas stove"", ""Outlet covers"", ""Shared backyard \u2013 Fully fenced"", ""Private living room""]",850173470105833039,"['Smoke alarm', 'Kitchen', 'Dishwasher', 'Trash compactor', 'Pack ’n play/Travel crib - always at the listing', 'Bikes', 'Wifi', 'Shower gel', 'Hot water', 'Hair dryer', 'Body soap', 'Fire pit', 'Outdoor dining area', 'Mini fridge', 'Carbon monoxide alarm', 'Bed linens', 'Coffee maker: drip coffee maker, french press, Keurig coffee machine', 'Luggage dropoff allowed', 'Bathtub', 'Cooking basics', 'Baking sheet', 'Shampoo', 'Iron', 'Room-darkening shades', 'Safe', 'Fireplace guards', 'Central air conditioning', 'Dedicated workspace', 'Microwave', 'Hot water kettle', 'Wine glasses', 'Dining table', 'Beach essentials', 'Extra pillows and blankets', 'Rice maker', 'Long term stays allowed', 'Children’s books and toys for ages 2-5 years old and 5-10 years old', 'EV charger - level 2', 'BBQ grill', 'Portable fans', 'Toaster', 'Essentials', 'Lock on bedroom door', 'Coffee', 'Shared patio or balcony', 'Single oven', 'Outdoor furniture', 'Single level home', 'Sound system', 'Clothing storage: closet', 'HDTV with Apple TV, Disney+, Amazon Prime Video, HBO Max, Hulu, Netflix', 'Books and reading material', 'Central heating', 'First aid kit', 'Barbecue utensils', 'Conditioner', 'Courtyard view', 'Dishes and silverware', 'Free parking on premises', 'Crib', 'Hangers', 'Refrigerator', 'Self check-in', 'Freezer', 'Free street parking', 'Fire extinguisher', 'Cleaning products', 'Keypad', 'Cleaning available during stay', 'Stainless steel gas stove', 'Outlet covers', 'Shared backyard – Fully fenced', 'Private living room']",73,1,1,1,1,1,1,1,1,0,1,0,1,Private room
THIRTEENTH WARD,42.67177,-73.79464,168,Private room,Private room in home,1,1.0,1.5,17,0.55,3,5.0,4.88,4.88,89,t,"[""Smoke alarm"", ""Kitchen"", ""Dishwasher"", ""Stainless steel single oven"", ""Wifi"", ""Hot water"", ""Hair dryer"", ""Carbon monoxide alarm"", ""Bed linens"", ""Bathtub"", ""Cooking basics"", ""Ceiling fan"", ""Baking sheet"", ""Room-darkening shades"", ""Hot water kettle"", ""Wine glasses"", ""Microwave"", ""Host greets you"", ""Dining table"", ""Long term stays allowed"", ""Radiant heating"", ""Portable fans"", ""Drying rack for clothing"", ""Exterior security cameras on property"", ""Coffee"", ""Outdoor furniture"", ""Shared patio or balcony"", ""Books and reading material"", ""Clothing storage: closet"", ""First aid kit"", ""Stainless steel electric stove"", ""Barbecue utensils"", ""HDTV with Roku"", ""BBQ grill: charcoal"", ""Window AC unit"", ""Dishes and silverware"", ""Free parking on premises"", ""Refrigerator"", ""Blender"", ""Free washer \u2013 In building"", ""Freezer"", ""Coffee maker: drip coffee maker"", ""Free street parking"", ""Fire extinguisher"", ""Free dryer \u2013 In unit"", ""Cleaning products"", ""Bidet"", ""Shared backyard \u2013 Fully fenced""]",850653820133738660,"['Smoke alarm', 'Kitchen', 'Dishwasher', 'Stainless steel single oven', 'Wifi', 'Hot water', 'Hair dryer', 'Carbon monoxide alarm', 'Bed linens', 'Bathtub', 'Cooking basics', 'Ceiling fan', 'Baking sheet', 'Room-darkening shades', 'Hot water kettle', 'Wine glasses', 'Microwave', 'Host greets you', 'Dining table', 'Long term stays allowed', 'Radiant heating', 'Portable fans', 'Drying rack for clothing', 'Exterior security cameras on property', 'Coffee', 'Outdoor furniture', 'Shared patio or balcony', 'Books and reading material', 'Clothing storage: closet', 'First aid kit', 'Stainless steel electric stove', 'Barbecue utensils', 'HDTV with Roku', 'BBQ grill: charcoal', 'Window AC unit', 'Dishes and silverware', 'Free parking on premises', 'Refrigerator', 'Blender', 'Free washer – In building', 'Freezer', 'Coffee maker: drip coffee maker', 'Free street parking', 'Fire extinguisher', 'Free dryer – In unit', 'Cleaning products', 'Bidet', 'Shared backyard – Fully fenced']",48,1,1,1,0,0,1,1,0,0,0,0,1,Private room
THIRD WARD,42.65817,-73.74935,48,Entire home/apt,Entire rental unit,2,1.0,1.0,27,0.81,8,4.81,4.89,4.67,357,t,"[""Smoke alarm"", ""Kitchen"", ""Clothing storage: closet and dresser"", ""Gas stove"", ""Wifi"", ""Hot water"", ""Hair dryer"", ""Body soap"", ""Carbon monoxide alarm"", ""Bed linens"", ""Bathtub"", ""Cooking basics"", ""Shampoo"", ""Iron"", ""Hot water kettle"", ""Wine glasses"", ""Dedicated workspace"", ""Microwave"", ""Extra pillows and blankets"", ""Long term stays allowed"", ""Radiant heating"", ""Portable fans"", ""Toaster"", ""Essentials"", ""Coffee"", ""Laundromat nearby"", ""Single oven"", ""42 inch TV with Amazon Prime Video, Hulu, Netflix, Roku"", ""First aid kit"", ""Free parking on premises"", ""Window AC unit"", ""Dishes and silverware"", ""Hangers"", ""Refrigerator"", ""Self check-in"", ""Free washer \u2013 In building"", ""Freezer"", ""Coffee maker: drip coffee maker"", ""Lockbox"", ""Fire extinguisher"", ""Free dryer \u2013 In unit"", ""Cleaning products"", ""Cleaning available during stay""]",857981934159027424,"['Smoke alarm', 'Kitchen', 'Clothing storage: closet and dresser', 'Gas stove', 'Wifi', 'Hot water', 'Hair dryer', 'Body soap', 'Carbon monoxide alarm', 'Bed linens', 'Bathtub', 'Cooking basics', 'Shampoo', 'Iron', 'Hot water kettle', 'Wine glasses', 'Dedicated workspace', 'Microwave', 'Extra pillows and blankets', 'Long term stays allowed', 'Radiant heating', 'Portable fans', 'Toaster', 'Essentials', 'Coffee', 'Laundromat nearby', 'Single oven', '42 inch TV with Amazon Prime Video, Hulu, Netflix, Roku', 'First aid kit', 'Free parking on premises', 'Window AC unit', 'Dishes and silverware', 'Hangers', 'Refrigerator', 'Self check-in', 'Free washer – In building', 'Freezer', 'Coffee maker: drip coffee maker', 'Lockbox', 'Fire extinguisher', 'Free dryer – In unit', 'Cleaning products', 'Cleaning available during stay']",43,1,1,1,1,1,1,0,0,0,0,0,1,Entire place
FOURTEENTH WARD,42.66947,-73.81607,0,Entire home/apt,Entire rental unit,4,1.0,1.0,48,1.39,0,4.63,4.63,4.75,60,f,"[""Smoke alarm"", ""Kitchen"", ""Ethernet connection"", ""Wifi"", ""Shower gel"", ""Hot water"", ""Private entrance"", ""Hair dryer"", ""TV"", ""Carbon monoxide alarm"", ""Bed linens"", ""Bathtub"", ""Cooking basics"", ""Ceiling fan"", ""Shampoo"", ""Baking sheet"", ""Room-darkening shades"", ""Safe"", ""Wine glasses"", ""Microwave"", ""Bread maker"", ""Host greets you"", ""Dining table"", ""Washer"", ""Extra pillows and blankets"", ""Rice maker"", ""Pets allowed"", ""Long term stays allowed"", ""Portable fans"", ""Drying rack for clothing"", ""Air conditioning"", ""Toaster"", ""Essentials"", ""Coffee"", ""Clothing storage: closet"", ""Central heating"", ""Induction stove"", ""Conditioner"", ""Free parking on premises"", ""Dishes and silverware"", ""Hangers"", ""Refrigerator"", ""Blender"", ""Freezer"", ""Coffee maker: drip coffee maker"", ""Fire extinguisher"", ""Free dryer \u2013 In unit"", ""Cleaning products"", ""Private backyard""]",870292500281763717,"['Smoke alarm', 'Kitchen', 'Ethernet connection', 'Wifi', 'Shower gel', 'Hot water', 'Private entrance', 'Hair dryer', 'TV', 'Carbon monoxide alarm', 'Bed linens', 'Bathtub', 'Cooking basics', 'Ceiling fan', 'Shampoo', 'Baking sheet', 'Room-darkening shades', 'Safe', 'Wine glasses', 'Microwave', 'Bread maker', 'Host greets you', 'Dining table', 'Washer', 'Extra pillows and blankets', 'Rice maker', 'Pets allowed', 'Long term stays allowed', 'Portable fans', 'Drying rack for clothing', 'Air conditioning', 'Toaster', 'Essentials', 'Coffee', 'Clothing storage: closet', 'Central heating', 'Induction stove', 'Conditioner', 'Free parking on premises', 'Dishes and silverware', 'Hangers', 'Refrigerator', 'Blender', 'Freezer', 'Coffee maker: drip coffee maker', 'Fire extinguisher', 'Free dryer – In unit', 'Cleaning products', 'Private backyard']",49,1,1,1,0,1,1,1,0,0,0,1,1,Entire place
FOURTEENTH WARD,42.66128,-73.80548,0,Private room,Private room in home,1,1.0,1.0,4,0.14,0,5.0,5.0,5.0,320,f,"[""Smoke alarm"", ""Kitchen"", ""Dishwasher"", ""Wifi"", ""Hot water"", ""Body soap"", ""Dryer"", ""TV"", ""Carbon monoxide alarm"", ""Bed linens"", ""Cooking basics"", ""Shampoo"", ""Host greets you"", ""Microwave"", ""Coffee maker: Keurig coffee machine"", ""Dining table"", ""Heating"", ""Washer"", ""Rice maker"", ""Electric stove"", ""Exterior security cameras on property"", ""Air conditioning"", ""Toaster"", ""Essentials"", ""Lock on bedroom door"", ""Coffee"", ""Clothing storage: closet"", ""First aid kit"", ""Free parking on premises"", ""Dishes and silverware"", ""Hangers"", ""Refrigerator"", ""Blender"", ""Freezer"", ""Fire extinguisher"", ""Cleaning products""]",870457209918967324,"['Smoke alarm', 'Kitchen', 'Dishwasher', 'Wifi', 'Hot water', 'Body soap', 'Dryer', 'TV', 'Carbon monoxide alarm', 'Bed linens', 'Cooking basics', 'Shampoo', 'Host greets you', 'Microwave', 'Coffee maker: Keurig coffee machine', 'Dining table', 'Heating', 'Washer', 'Rice maker', 'Electric stove', 'Exterior security cameras on property', 'Air conditioning', 'Toaster', 'Essentials', 'Lock on bedroom door', 'Coffee', 'Clothing storage: closet', 'First aid kit', 'Free parking on premises', 'Dishes and silverware', 'Hangers', 'Refrigerator', 'Blender', 'Freezer', 'Fire extinguisher', 'Cleaning products']",36,1,1,1,0,0,1,0,0,0,0,0,1,Private room
SIXTH WARD,42.65379,-73.76901,48,Entire home/apt,Entire rental unit,2,1.0,1.0,25,0.73,8,4.88,4.8,4.96,360,t,"[""Smoke alarm"", ""Kitchen"", ""Wifi"", ""Shower gel"", ""Hot water"", ""Hair dryer"", ""TV"", ""Carbon monoxide alarm"", ""Bed linens"", ""Bathtub"", ""Cooking basics"", ""Shampoo"", ""Iron"", ""Dedicated workspace"", ""Clothing storage"", ""Heating"", ""Smart lock"", ""Extra pillows and blankets"", ""Air conditioning"", ""First aid kit"", ""Hangers"", ""Self check-in"", ""Fire extinguisher""]",881231954286264195,"['Smoke alarm', 'Kitchen', 'Wifi', 'Shower gel', 'Hot water', 'Hair dryer', 'TV', 'Carbon monoxide alarm', 'Bed linens', 'Bathtub', 'Cooking basics', 'Shampoo', 'Iron', 'Dedicated workspace', 'Clothing storage', 'Heating', 'Smart lock', 'Extra pillows and blankets', 'Air conditioning', 'First aid kit', 'Hangers', 'Self check-in', 'Fire extinguisher']",23,1,1,0,1,1,1,0,0,0,0,0,1,Entire place
TENTH WARD,42.6599733,-73.7747433,96,Entire home/apt,Entire rental unit,3,1.0,1.0,76,2.27,16,4.78,4.63,4.57,236,f,"[""Smoke alarm"", ""Kitchen"", ""General Electric (GE) refrigerator"", ""Wifi"", ""Coffee maker"", ""Hair dryer"", ""Carbon monoxide alarm"", ""Iron"", ""Dedicated workspace"", ""Microwave"", ""Dining table"", ""Smart lock"", ""Radiant heating"", ""Exterior security cameras on property"", ""General Electric (GE) stainless steel single oven"", ""Central heating"", ""HDTV with Netflix"", ""Dishes and silverware"", ""Window AC unit"", ""Self check-in"", ""Free street parking"", ""Fire extinguisher"", ""GE stainless steel electric stove"", ""Private backyard \u2013 Fully fenced""]",882229561343619620,"['Smoke alarm', 'Kitchen', 'General Electric (GE) refrigerator', 'Wifi', 'Coffee maker', 'Hair dryer', 'Carbon monoxide alarm', 'Iron', 'Dedicated workspace', 'Microwave', 'Dining table', 'Smart lock', 'Radiant heating', 'Exterior security cameras on property', 'General Electric (GE) stainless steel single oven', 'Central heating', 'HDTV with Netflix', 'Dishes and silverware', 'Window AC unit', 'Self check-in', 'Free street parking', 'Fire extinguisher', 'GE stainless steel electric stove', 'Private backyard – Fully fenced']",24,1,1,1,1,1,1,1,0,0,0,0,1,Entire place
THIRD WARD,42.6628771,-73.76534029999999,6,Private room,Private room in rental unit,2,1.0,1.5,30,0.9,1,4.83,4.77,4.27,362,f,"[""Smoke alarm"", ""Kitchen"", ""Wifi"", ""Hot water"", ""Dryer"", ""Mini fridge"", ""TV"", ""Gym"", ""Carbon monoxide alarm"", ""Bed linens"", ""Heating - split type ductless system"", ""Cooking basics"", ""Iron"", ""Dedicated workspace"", ""Microwave"", ""Exercise equipment"", ""Washer"", ""Smart lock"", ""Extra pillows and blankets"", ""Exterior security cameras on property"", ""Air conditioning"", ""Lock on bedroom door"", ""First aid kit"", ""Hangers"", ""Self check-in"", ""Fire extinguisher""]",887179061681202083,"['Smoke alarm', 'Kitchen', 'Wifi', 'Hot water', 'Dryer', 'Mini fridge', 'TV', 'Gym', 'Carbon monoxide alarm', 'Bed linens', 'Heating - split type ductless system', 'Cooking basics', 'Iron', 'Dedicated workspace', 'Microwave', 'Exercise equipment', 'Washer', 'Smart lock', 'Extra pillows and blankets', 'Exterior security cameras on property', 'Air conditioning', 'Lock on bedroom door', 'First aid kit', 'Hangers', 'Self check-in', 'Fire extinguisher']",26,1,1,0,1,1,1,0,0,1,0,0,1,Private room
THIRD WARD,42.6573,-73.7521,18,Entire home/apt,Entire rental unit,5,2.0,1.0,16,0.48,3,4.19,4.19,4.13,352,f,"[""Smoke alarm"", ""Kitchen"", ""Dishwasher"", ""Wifi"", ""Hot water"", ""Washer \u2013\u00a0In building"", ""Coffee maker"", ""Hair dryer"", ""Private entrance"", ""Indoor fireplace"", ""TV"", ""Carbon monoxide alarm"", ""Bed linens"", ""Bathtub"", ""Cooking basics"", ""Shampoo"", ""Iron"", ""Dedicated workspace"", ""Microwave"", ""Clothing storage"", ""Dining table"", ""Long term stays allowed"", ""Oven"", ""Exterior security cameras on property"", ""Toaster"", ""Essentials"", ""Pack \u2019n play/Travel crib"", ""Central heating"", ""First aid kit"", ""Free parking on premises"", ""Window AC unit"", ""Dishes and silverware"", ""Crib"", ""Hangers"", ""Refrigerator"", ""Blender"", ""Self check-in"", ""Fire extinguisher"", ""Keypad"", ""Board games"", ""High chair""]",888859204851381094,"['Smoke alarm', 'Kitchen', 'Dishwasher', 'Wifi', 'Hot water', 'Washer –\xa0In building', 'Coffee maker', 'Hair dryer', 'Private entrance', 'Indoor fireplace', 'TV', 'Carbon monoxide alarm', 'Bed linens', 'Bathtub', 'Cooking basics', 'Shampoo', 'Iron', 'Dedicated workspace', 'Microwave', 'Clothing storage', 'Dining table', 'Long term stays allowed', 'Oven', 'Exterior security cameras on property', 'Toaster', 'Essentials', 'Pack ’n play/Travel crib', 'Central heating', 'First aid kit', 'Free parking on premises', 'Window AC unit', 'Dishes and silverware', 'Crib', 'Hangers', 'Refrigerator', 'Blender', 'Self check-in', 'Fire extinguisher', 'Keypad', 'Board games', 'High chair']",41,1,1,1,1,1,1,0,1,0,0,0,1,Entire place
TENTH WARD,42.66087,-73.78655,90,Entire home/apt,Entire home,11,5.0,2.0,64,1.97,15,4.81,4.8,4.75,223,f,"[""Smoke alarm"", ""Kitchen"", ""Dishwasher"", ""50 inch HDTV with HBO Max, Disney+, Apple TV, Hulu, standard cable, Roku, Netflix"", ""Private patio or balcony"", ""Ethernet connection"", ""Clothing storage: closet and dresser"", ""Gas stove"", ""Wifi"", ""Hot water"", ""Coffee maker"", ""Private entrance"", ""Hair dryer"", ""Body soap"", ""Outdoor dining area"", ""Baby bath - always at the listing"", ""Carbon monoxide alarm"", ""Children\u2019s books and toys for ages 5-10 years old and 10+ years old"", ""Bed linens"", ""Cooking basics"", ""Ceiling fan"", ""Shampoo"", ""Iron"", ""Wine glasses"", ""Free dryer \u2013 In building"", ""Dedicated workspace"", ""Microwave"", ""Dining table"", ""Extra pillows and blankets"", ""Pets allowed"", ""Long term stays allowed"", ""BBQ grill"", ""Exterior security cameras on property"", ""Air conditioning"", ""Essentials"", ""Coffee"", ""Outdoor furniture"", ""Single oven"", ""Central heating"", ""First aid kit"", ""Barbecue utensils"", ""Conditioner"", ""Free parking on premises"", ""Dishes and silverware"", ""Hangers"", ""Refrigerator"", ""Self check-in"", ""Free washer \u2013 In building"", ""Fire extinguisher"", ""Children's playroom"", ""Private backyard \u2013 Fully fenced"", ""Cleaning products"", ""Keypad""]",898743867240851780,"['Smoke alarm', 'Kitchen', 'Dishwasher', '50 inch HDTV with HBO Max, Disney+, Apple TV, Hulu, standard cable, Roku, Netflix', 'Private patio or balcony', 'Ethernet connection', 'Clothing storage: closet and dresser', 'Gas stove', 'Wifi', 'Hot water', 'Coffee maker', 'Private entrance', 'Hair dryer', 'Body soap', 'Outdoor dining area', 'Baby bath - always at the listing', 'Carbon monoxide alarm', 'Children’s books and toys for ages 5-10 years old and 10+ years old', 'Bed linens', 'Cooking basics', 'Ceiling fan', 'Shampoo', 'Iron', 'Wine glasses', 'Free dryer – In building', 'Dedicated workspace', 'Microwave', 'Dining table', 'Extra pillows and blankets', 'Pets allowed', 'Long term stays allowed', 'BBQ grill', 'Exterior security cameras on property', 'Air conditioning', 'Essentials', 'Coffee', 'Outdoor furniture', 'Single oven', 'Central heating', 'First aid kit', 'Barbecue utensils', 'Conditioner', 'Free parking on premises', 'Dishes and silverware', 'Hangers', 'Refrigerator', 'Self check-in', 'Free washer – In building', 'Fire extinguisher', ""Children's playroom"", 'Private backyard – Fully fenced', 'Cleaning products', 'Keypad']",53,1,1,1,1,1,1,1,1,0,0,1,1,Entire place
SEVENTH WARD,42.64787,-73.76707,66,Entire home/apt,Entire rental unit,5,2.0,1.0,59,1.82,11,4.75,4.63,4.58,304,f,"[""Smoke alarm"", ""Kitchen"", ""Dishwasher"", ""Stainless steel single oven"", ""Private patio or balcony"", ""Wifi"", ""Free driveway parking on premises \u2013 1 space"", ""Hot water"", ""Private entrance"", ""Hair dryer"", ""Body soap"", ""TV"", ""Carbon monoxide alarm"", ""Bed linens"", ""Cooking basics"", ""Shampoo"", ""Iron"", ""Room-darkening shades"", ""Hot water kettle"", ""Wine glasses"", ""Dedicated workspace"", ""Microwave"", ""Coffee maker: Keurig coffee machine"", ""Dining table"", ""Extra pillows and blankets"", ""Rice maker"", ""Pets allowed"", ""Electric stove"", ""Long term stays allowed"", ""Drying rack for clothing"", ""Air conditioning"", ""Toaster"", ""Coffee"", ""Laundromat nearby"", ""Outdoor furniture"", ""Clothing storage: closet"", ""Central heating"", ""First aid kit"", ""Conditioner"", ""Dishes and silverware"", ""Hangers"", ""Refrigerator"", ""Self check-in"", ""Freezer"", ""Fire extinguisher"", ""Cleaning products"", ""Keypad"", ""Board games"", ""Cleaning available during stay""]",902166216060824525,"['Smoke alarm', 'Kitchen', 'Dishwasher', 'Stainless steel single oven', 'Private patio or balcony', 'Wifi', 'Free driveway parking on premises – 1 space', 'Hot water', 'Private entrance', 'Hair dryer', 'Body soap', 'TV', 'Carbon monoxide alarm', 'Bed linens', 'Cooking basics', 'Shampoo', 'Iron', 'Room-darkening shades', 'Hot water kettle', 'Wine glasses', 'Dedicated workspace', 'Microwave', 'Coffee maker: Keurig coffee machine', 'Dining table', 'Extra pillows and blankets', 'Rice maker', 'Pets allowed', 'Electric stove', 'Long term stays allowed', 'Drying rack for clothing', 'Air conditioning', 'Toaster', 'Coffee', 'Laundromat nearby', 'Outdoor furniture', 'Clothing storage: closet', 'Central heating', 'First aid kit', 'Conditioner', 'Dishes and silverware', 'Hangers', 'Refrigerator', 'Self check-in', 'Freezer', 'Fire extinguisher', 'Cleaning products', 'Keypad', 'Board games', 'Cleaning available during stay']",49,1,1,1,1,1,1,1,0,0,0,1,1,Entire place
TENTH WARD,42.66174,-73.78325,60,Private room,Private room in home,1,1.0,1.0,1,0.67,1,5.0,5.0,4.0,307,t,"[""Smoke alarm"", ""Kitchen"", ""Indoor fireplace: electric"", ""Dishwasher"", ""Samsung stainless steel electric stove"", ""Clothing storage: closet and dresser"", ""Wifi"", ""Hot water"", ""Coffee maker"", ""Hair dryer"", ""TV"", ""Shared backyard \u2013 Not fully fenced"", ""Carbon monoxide alarm"", ""Bed linens"", ""Cooking basics"", ""Baking sheet"", ""Iron"", ""Room-darkening shades"", ""Hot water kettle"", ""Fireplace guards"", ""Microwave"", ""Wine glasses"", ""Samsung stainless steel single oven"", ""Dining table"", ""Heating"", ""Extra pillows and blankets"", ""Long term stays allowed"", ""Noise decibel monitors on property"", ""Exterior security cameras on property"", ""Toaster"", ""Essentials"", ""Lock on bedroom door"", ""Laundromat nearby"", ""First aid kit"", ""Free washer \u2013 In unit"", ""Window AC unit"", ""Dishes and silverware"", ""Hangers"", ""Refrigerator"", ""Self check-in"", ""Freezer"", ""Free street parking"", ""Fire extinguisher"", ""Free dryer \u2013 In unit"", ""Cleaning products"", ""Keypad""]",902326803627859755,"['Smoke alarm', 'Kitchen', 'Indoor fireplace: electric', 'Dishwasher', 'Samsung stainless steel electric stove', 'Clothing storage: closet and dresser', 'Wifi', 'Hot water', 'Coffee maker', 'Hair dryer', 'TV', 'Shared backyard – Not fully fenced', 'Carbon monoxide alarm', 'Bed linens', 'Cooking basics', 'Baking sheet', 'Iron', 'Room-darkening shades', 'Hot water kettle', 'Fireplace guards', 'Microwave', 'Wine glasses', 'Samsung stainless steel single oven', 'Dining table', 'Heating', 'Extra pillows and blankets', 'Long term stays allowed', 'Noise decibel monitors on property', 'Exterior security cameras on property', 'Toaster', 'Essentials', 'Lock on bedroom door', 'Laundromat nearby', 'First aid kit', 'Free washer – In unit', 'Window AC unit', 'Dishes and silverware', 'Hangers', 'Refrigerator', 'Self check-in', 'Freezer', 'Free street parking', 'Fire extinguisher', 'Free dryer – In unit', 'Cleaning products', 'Keypad']",46,1,1,1,1,0,1,1,1,0,0,0,1,Private room
THIRTEENTH WARD,42.6652959,-73.7868778,30,Entire home/apt,Entire rental unit,5,2.0,2.0,23,0.7,5,5.0,4.96,4.91,270,t,"[""Smoke alarm"", ""Kitchen"", ""Dishwasher"", ""Stainless steel single oven"", ""Outdoor kitchen"", ""Ethernet connection"", ""Wifi"", ""Shower gel"", ""Hot water"", ""Private entrance"", ""Hair dryer"", ""Body soap"", ""TV"", ""Shared backyard \u2013 Not fully fenced"", ""Carbon monoxide alarm"", ""Bed linens"", ""Luggage dropoff allowed"", ""Cooking basics"", ""Baking sheet"", ""Shampoo"", ""Iron"", ""Room-darkening shades"", ""Central air conditioning"", ""Hot water kettle"", ""Microwave"", ""Wine glasses"", ""Dining table"", ""Extra pillows and blankets"", ""Pets allowed"", ""Long term stays allowed"", ""BBQ grill: gas"", ""Exterior security cameras on property"", ""Toaster"", ""Essentials"", ""Coffee"", ""Laundromat nearby"", ""Shared patio or balcony"", ""Central heating"", ""First aid kit"", ""Movie theater"", ""Barbecue utensils"", ""Conditioner"", ""Free washer \u2013 In unit"", ""Dishes and silverware"", ""Free parking on premises"", ""Hangers"", ""Refrigerator"", ""Blender"", ""Self check-in"", ""Freezer"", ""Coffee maker: drip coffee maker"", ""Free street parking"", ""Fire extinguisher"", ""Free dryer \u2013 In unit"", ""Cleaning products"", ""Keypad"", ""Stainless steel gas stove""]",904392960639597224,"['Smoke alarm', 'Kitchen', 'Dishwasher', 'Stainless steel single oven', 'Outdoor kitchen', 'Ethernet connection', 'Wifi', 'Shower gel', 'Hot water', 'Private entrance', 'Hair dryer', 'Body soap', 'TV', 'Shared backyard – Not fully fenced', 'Carbon monoxide alarm', 'Bed linens', 'Luggage dropoff allowed', 'Cooking basics', 'Baking sheet', 'Shampoo', 'Iron', 'Room-darkening shades', 'Central air conditioning', 'Hot water kettle', 'Microwave', 'Wine glasses', 'Dining table', 'Extra pillows and blankets', 'Pets allowed', 'Long term stays allowed', 'BBQ grill: gas', 'Exterior security cameras on property', 'Toaster', 'Essentials', 'Coffee', 'Laundromat nearby', 'Shared patio or balcony', 'Central heating', 'First aid kit', 'Movie theater', 'Barbecue utensils', 'Conditioner', 'Free washer – In unit', 'Dishes and silverware', 'Free parking on premises', 'Hangers', 'Refrigerator', 'Blender', 'Self check-in', 'Freezer', 'Coffee maker: drip coffee maker', 'Free street parking', 'Fire extinguisher', 'Free dryer – In unit', 'Cleaning products', 'Keypad', 'Stainless steel gas stove']",57,1,1,1,1,1,1,1,0,0,0,1,1,Entire place
TENTH WARD,42.66217,-73.78299,210,Entire home/apt,Entire home,8,4.0,1.0,94,2.97,35,4.83,4.83,4.61,246,t,"[""Smoke alarm"", ""Kitchen"", ""Indoor fireplace: electric"", ""Dishwasher"", ""Stainless steel single oven"", ""Private patio or balcony"", ""Ethernet connection"", ""Clothing storage: closet and dresser"", ""Wifi"", ""Shower gel"", ""Hot water"", ""Private entrance"", ""Hair dryer"", ""Body soap"", ""Outdoor dining area"", ""Shared backyard \u2013 Not fully fenced"", ""Carbon monoxide alarm"", ""Bed linens"", ""Cooking basics"", ""Baking sheet"", ""Shampoo"", ""Iron"", ""Room-darkening shades"", ""Wine glasses"", ""Fireplace guards"", ""Microwave"", ""Dining table"", ""Extra pillows and blankets"", ""Long term stays allowed"", ""Samsung stainless steel gas stove"", ""Radiant heating"", ""Portable fans"", ""Toaster"", ""Essentials"", ""Coffee"", ""Laundromat nearby"", ""Outdoor furniture"", ""First aid kit"", ""Barbecue utensils"", ""Conditioner"", ""Free washer \u2013 In unit"", ""Window AC unit"", ""Dishes and silverware"", ""Hangers"", ""Refrigerator"", ""Self check-in"", ""Freezer"", ""Coffee maker: drip coffee maker"", ""Free street parking"", ""Fire extinguisher"", ""Free dryer \u2013 In unit"", ""50 inch HDTV with Roku"", ""Cleaning products"", ""Keypad""]",905007131419044966,"['Smoke alarm', 'Kitchen', 'Indoor fireplace: electric', 'Dishwasher', 'Stainless steel single oven', 'Private patio or balcony', 'Ethernet connection', 'Clothing storage: closet and dresser', 'Wifi', 'Shower gel', 'Hot water', 'Private entrance', 'Hair dryer', 'Body soap', 'Outdoor dining area', 'Shared backyard – Not fully fenced', 'Carbon monoxide alarm', 'Bed linens', 'Cooking basics', 'Baking sheet', 'Shampoo', 'Iron', 'Room-darkening shades', 'Wine glasses', 'Fireplace guards', 'Microwave', 'Dining table', 'Extra pillows and blankets', 'Long term stays allowed', 'Samsung stainless steel gas stove', 'Radiant heating', 'Portable fans', 'Toaster', 'Essentials', 'Coffee', 'Laundromat nearby', 'Outdoor furniture', 'First aid kit', 'Barbecue utensils', 'Conditioner', 'Free washer – In unit', 'Window AC unit', 'Dishes and silverware', 'Hangers', 'Refrigerator', 'Self check-in', 'Freezer', 'Coffee maker: drip coffee maker', 'Free street parking', 'Fire extinguisher', 'Free dryer – In unit', '50 inch HDTV with Roku', 'Cleaning products', 'Keypad']",54,1,1,1,1,1,1,1,1,0,0,0,1,Entire place
FOURTEENTH WARD,42.65872,-73.79555,12,Entire home/apt,Entire rental unit,2,1.0,1.0,6,0.19,2,5.0,5.0,5.0,251,f,"[""Smoke alarm"", ""Kitchen"", ""Bikes"", ""Wifi"", ""Free driveway parking on premises \u2013 1 space"", ""GE oven"", ""Outdoor dining area"", ""Carbon monoxide alarm"", ""Luggage dropoff allowed"", ""Cooking basics"", ""Iron"", ""Central air conditioning"", ""Room-darkening shades"", ""Host greets you"", ""Dedicated workspace"", ""Microwave"", ""Dining table"", ""Dryer \u2013\u00a0In unit"", ""65 inch TV with Chromecast, Netflix, Roku"", ""Extra pillows and blankets"", ""Long term stays allowed"", ""Electric stove"", ""Noise decibel monitors on property"", ""Exterior security cameras on property"", ""Toaster"", ""Essentials"", ""Coffee"", ""Central heating"", ""First aid kit"", ""Barbecue utensils"", ""Courtyard view"", ""Window AC unit"", ""Hangers"", ""Refrigerator"", ""Blender"", ""Free washer \u2013 In building"", ""Shared backyard \u2013 Fully fenced"", ""Freezer"", ""Coffee maker: drip coffee maker"", ""Free street parking"", ""Fire extinguisher"", ""Cleaning products"", ""Clothing storage: walk-in closet, closet, wardrobe, and dresser"", ""Shared BBQ grill: charcoal""]",916983723755256572,"['Smoke alarm', 'Kitchen', 'Bikes', 'Wifi', 'Free driveway parking on premises – 1 space', 'GE oven', 'Outdoor dining area', 'Carbon monoxide alarm', 'Luggage dropoff allowed', 'Cooking basics', 'Iron', 'Central air conditioning', 'Room-darkening shades', 'Host greets you', 'Dedicated workspace', 'Microwave', 'Dining table', 'Dryer –\xa0In unit', '65 inch TV with Chromecast, Netflix, Roku', 'Extra pillows and blankets', 'Long term stays allowed', 'Electric stove', 'Noise decibel monitors on property', 'Exterior security cameras on property', 'Toaster', 'Essentials', 'Coffee', 'Central heating', 'First aid kit', 'Barbecue utensils', 'Courtyard view', 'Window AC unit', 'Hangers', 'Refrigerator', 'Blender', 'Free washer – In building', 'Shared backyard – Fully fenced', 'Freezer', 'Coffee maker: drip coffee maker', 'Free street parking', 'Fire extinguisher', 'Cleaning products', 'Clothing storage: walk-in closet, closet, wardrobe, and dresser', 'Shared BBQ grill: charcoal']",44,1,1,1,0,1,1,1,0,0,1,0,1,Entire place
TENTH WARD,42.66261,-73.79158,42,Private room,Private room in home,1,1.0,1.0,17,0.53,7,4.94,4.94,4.88,89,t,"[""Smoke alarm"", ""Kitchen"", ""Dishwasher"", ""Clothing storage: closet and dresser"", ""Gas stove"", ""HDTV with Hulu, Netflix, Roku"", ""Wifi"", ""Hot water"", ""Hair dryer"", ""Fire pit"", ""Outdoor dining area"", ""Carbon monoxide alarm"", ""Bed linens"", ""Housekeeping available 24 hours, every day"", ""Luggage dropoff allowed"", ""Coffee maker: drip coffee maker, french press, pour-over coffee"", ""Bathtub"", ""Cooking basics"", ""Ceiling fan"", ""Iron"", ""Baking sheet"", ""Room-darkening shades"", ""Hot water kettle"", ""Free dryer \u2013 In building"", ""Microwave"", ""Host greets you"", ""Dining table"", ""Extra pillows and blankets"", ""Rice maker"", ""Long term stays allowed"", ""Radiant heating"", ""Portable fans"", ""Drying rack for clothing"", ""Noise decibel monitors on property"", ""Exterior security cameras on property"", ""Toaster"", ""Essentials"", ""Lock on bedroom door"", ""Coffee"", ""Shared patio or balcony"", ""Single oven"", ""Outdoor furniture"", ""Books and reading material"", ""First aid kit"", ""Barbecue utensils"", ""Window AC unit"", ""Dishes and silverware"", ""Hangers"", ""Refrigerator"", ""Blender"", ""Free washer \u2013 In building"", ""Freezer"", ""Free street parking"", ""IHome Bluetooth sound system"", ""Fire extinguisher"", ""Cleaning products"", ""Board games"", ""Indoor fireplace: gas"", ""Shared backyard \u2013 Fully fenced"", ""Shared BBQ grill: charcoal""]",917510613914219375,"['Smoke alarm', 'Kitchen', 'Dishwasher', 'Clothing storage: closet and dresser', 'Gas stove', 'HDTV with Hulu, Netflix, Roku', 'Wifi', 'Hot water', 'Hair dryer', 'Fire pit', 'Outdoor dining area', 'Carbon monoxide alarm', 'Bed linens', 'Housekeeping available 24 hours, every day', 'Luggage dropoff allowed', 'Coffee maker: drip coffee maker, french press, pour-over coffee', 'Bathtub', 'Cooking basics', 'Ceiling fan', 'Iron', 'Baking sheet', 'Room-darkening shades', 'Hot water kettle', 'Free dryer – In building', 'Microwave', 'Host greets you', 'Dining table', 'Extra pillows and blankets', 'Rice maker', 'Long term stays allowed', 'Radiant heating', 'Portable fans', 'Drying rack for clothing', 'Noise decibel monitors on property', 'Exterior security cameras on property', 'Toaster', 'Essentials', 'Lock on bedroom door', 'Coffee', 'Shared patio or balcony', 'Single oven', 'Outdoor furniture', 'Books and reading material', 'First aid kit', 'Barbecue utensils', 'Window AC unit', 'Dishes and silverware', 'Hangers', 'Refrigerator', 'Blender', 'Free washer – In building', 'Freezer', 'Free street parking', 'IHome Bluetooth sound system', 'Fire extinguisher', 'Cleaning products', 'Board games', 'Indoor fireplace: gas', 'Shared backyard – Fully fenced', 'Shared BBQ grill: charcoal']",60,1,1,1,0,0,1,1,0,0,0,0,1,Private room
FIFTH WARD,42.67292,-73.7776,0,Private room,Private room in rental unit,2,1.0,1.0,0,,0,,,,365,f,"[""Kitchen"", ""Smoke alarm"", ""Wifi"", ""TV"", ""Free parking on premises"", ""Washer""]",919055506310955442,"['Kitchen', 'Smoke alarm', 'Wifi', 'TV', 'Free parking on premises', 'Washer']",6,1,1,1,0,0,0,0,0,0,0,0,1,Private room
THIRD WARD,42.6586,-73.75743,0,Entire home/apt,Entire rental unit,2,1.0,1.0,3,0.1,0,4.67,4.33,3.0,268,f,"[""Smoke alarm"", ""Kitchen"", ""Housekeeping - available at extra cost"", ""Clothing storage: closet and dresser"", ""Wifi"", ""Hot water"", ""TV"", ""Carbon monoxide alarm"", ""Cooking basics"", ""Baking sheet"", ""Iron"", ""Dedicated workspace"", ""Microwave"", ""Coffee maker: Keurig coffee machine"", ""Heating"", ""Long term stays allowed"", ""Pets allowed"", ""Electric stove"", ""Oven"", ""Air conditioning"", ""Toaster"", ""Essentials"", ""Coffee"", ""Laundromat nearby"", ""First aid kit"", ""Dishes and silverware"", ""Hangers"", ""Refrigerator"", ""Self check-in"", ""Freezer"", ""Free street parking"", ""Fire extinguisher"", ""Cleaning products"", ""Keypad""]",921076441920995839,"['Smoke alarm', 'Kitchen', 'Housekeeping - available at extra cost', 'Clothing storage: closet and dresser', 'Wifi', 'Hot water', 'TV', 'Carbon monoxide alarm', 'Cooking basics', 'Baking sheet', 'Iron', 'Dedicated workspace', 'Microwave', 'Coffee maker: Keurig coffee machine', 'Heating', 'Long term stays allowed', 'Pets allowed', 'Electric stove', 'Oven', 'Air conditioning', 'Toaster', 'Essentials', 'Coffee', 'Laundromat nearby', 'First aid kit', 'Dishes and silverware', 'Hangers', 'Refrigerator', 'Self check-in', 'Freezer', 'Free street parking', 'Fire extinguisher', 'Cleaning products', 'Keypad']",34,1,1,1,1,1,1,0,0,0,0,1,1,Entire place
THIRTEENTH WARD,42.67066,-73.79571,198,Entire home/apt,Entire rental unit,4,1.0,1.0,93,2.99,33,4.8,4.82,4.86,208,t,"[""Smoke alarm"", ""Kitchen"", ""Dishwasher"", ""Stainless steel single oven"", ""Private patio or balcony"", ""Clothing storage: closet and dresser"", ""Gas stove"", ""Wifi"", ""Hot water"", ""Private entrance"", ""Hair dryer"", ""Body soap"", ""TV"", ""Shared backyard \u2013 Not fully fenced"", ""Carbon monoxide alarm"", ""Bed linens"", ""Cooking basics"", ""Baking sheet"", ""Shampoo"", ""Iron"", ""Room-darkening shades"", ""Safe"", ""Wine glasses"", ""Dedicated workspace"", ""Microwave"", ""Coffee maker: Keurig coffee machine"", ""Dining table"", ""Extra pillows and blankets"", ""Pets allowed"", ""Long term stays allowed"", ""Radiant heating"", ""Portable fans"", ""Exterior security cameras on property"", ""Toaster"", ""Essentials"", ""Coffee"", ""Laundromat nearby"", ""Outdoor furniture"", ""Books and reading material"", ""First aid kit"", ""Conditioner"", ""Window AC unit"", ""Dishes and silverware"", ""Hangers"", ""Refrigerator"", ""Blender"", ""Self check-in"", ""Freezer"", ""Free street parking"", ""Fire extinguisher"", ""Cleaning products"", ""Keypad""]",928948908785846870,"['Smoke alarm', 'Kitchen', 'Dishwasher', 'Stainless steel single oven', 'Private patio or balcony', 'Clothing storage: closet and dresser', 'Gas stove', 'Wifi', 'Hot water', 'Private entrance', 'Hair dryer', 'Body soap', 'TV', 'Shared backyard – Not fully fenced', 'Carbon monoxide alarm', 'Bed linens', 'Cooking basics', 'Baking sheet', 'Shampoo', 'Iron', 'Room-darkening shades', 'Safe', 'Wine glasses', 'Dedicated workspace', 'Microwave', 'Coffee maker: Keurig coffee machine', 'Dining table', 'Extra pillows and blankets', 'Pets allowed', 'Long term stays allowed', 'Radiant heating', 'Portable fans', 'Exterior security cameras on property', 'Toaster', 'Essentials', 'Coffee', 'Laundromat nearby', 'Outdoor furniture', 'Books and reading material', 'First aid kit', 'Conditioner', 'Window AC unit', 'Dishes and silverware', 'Hangers', 'Refrigerator', 'Blender', 'Self check-in', 'Freezer', 'Free street parking', 'Fire extinguisher', 'Cleaning products', 'Keypad']",52,1,1,1,1,1,1,1,0,0,0,1,1,Entire place
THIRTEENTH WARD,42.67224,-73.79301,78,Entire home/apt,Entire rental unit,4,2.0,1.0,49,1.57,13,4.59,4.67,4.57,45,t,"[""Smoke alarm"", ""Kitchen"", ""Dishwasher"", ""Clothing storage: closet and dresser"", ""Wifi"", ""Shower gel"", ""Hot water"", ""Hair dryer"", ""Body soap"", ""TV"", ""Carbon monoxide alarm"", ""Bed linens"", ""Luggage dropoff allowed"", ""Bathtub"", ""Cooking basics"", ""Ceiling fan"", ""Shampoo"", ""Iron"", ""Wine glasses"", ""Baking sheet"", ""Microwave"", ""Coffee maker: Keurig coffee machine"", ""Heating"", ""Smart lock"", ""Long term stays allowed"", ""Pets allowed"", ""Air conditioning"", ""Essentials"", ""Coffee"", ""First aid kit"", ""Free residential garage on premises"", ""Conditioner"", ""Dishes and silverware"", ""Hangers"", ""Refrigerator"", ""Self check-in"", ""Fire extinguisher"", ""Cleaning products"", ""Cleaning available during stay"", ""Stove""]",932642358896439621,"['Smoke alarm', 'Kitchen', 'Dishwasher', 'Clothing storage: closet and dresser', 'Wifi', 'Shower gel', 'Hot water', 'Hair dryer', 'Body soap', 'TV', 'Carbon monoxide alarm', 'Bed linens', 'Luggage dropoff allowed', 'Bathtub', 'Cooking basics', 'Ceiling fan', 'Shampoo', 'Iron', 'Wine glasses', 'Baking sheet', 'Microwave', 'Coffee maker: Keurig coffee machine', 'Heating', 'Smart lock', 'Long term stays allowed', 'Pets allowed', 'Air conditioning', 'Essentials', 'Coffee', 'First aid kit', 'Free residential garage on premises', 'Conditioner', 'Dishes and silverware', 'Hangers', 'Refrigerator', 'Self check-in', 'Fire extinguisher', 'Cleaning products', 'Cleaning available during stay', 'Stove']",40,1,1,1,1,0,1,0,0,0,0,1,1,Entire place
SIXTH WARD,42.65655,-73.77434,6,Private room,Private room in bed and breakfast,2,1.0,1.0,9,0.29,1,4.67,4.56,4.78,305,f,"[""Smoke alarm"", ""Kitchen"", ""Dishwasher"", ""Wifi"", ""Shower gel"", ""Hair dryer"", ""TV"", ""Cooking basics"", ""Baking sheet"", ""Shampoo"", ""Iron"", ""Hot water kettle"", ""Wine glasses"", ""Dedicated workspace"", ""Microwave"", ""Coffee maker: Keurig coffee machine"", ""Dining table"", ""Heating"", ""Smart lock"", ""Long term stays allowed"", ""Pets allowed"", ""Oven"", ""Air conditioning"", ""Coffee"", ""Lock on bedroom door"", ""Shared patio or balcony"", ""Conditioner"", ""Free parking on premises"", ""Dishes and silverware"", ""Self check-in"", ""Refrigerator"", ""Fire extinguisher"", ""Stove""]",934035097653060273,"['Smoke alarm', 'Kitchen', 'Dishwasher', 'Wifi', 'Shower gel', 'Hair dryer', 'TV', 'Cooking basics', 'Baking sheet', 'Shampoo', 'Iron', 'Hot water kettle', 'Wine glasses', 'Dedicated workspace', 'Microwave', 'Coffee maker: Keurig coffee machine', 'Dining table', 'Heating', 'Smart lock', 'Long term stays allowed', 'Pets allowed', 'Oven', 'Air conditioning', 'Coffee', 'Lock on bedroom door', 'Shared patio or balcony', 'Conditioner', 'Free parking on premises', 'Dishes and silverware', 'Self check-in', 'Refrigerator', 'Fire extinguisher', 'Stove']",33,1,1,1,1,1,1,1,0,0,0,1,1,Private room
SIXTH WARD,42.65867,-73.77479,0,Private room,Room in hotel,2,1.0,1.0,2,0.07,0,5.0,5.0,5.0,97,f,"[""BBQ grill"", ""Smoke alarm"", ""Kitchen"", ""Shampoo"", ""Air conditioning"", ""Fire extinguisher"", ""Wifi"", ""Dedicated workspace"", ""Keypad"", ""Self check-in"", ""Hair dryer"", ""First aid kit"", ""Indoor fireplace"", ""TV"", ""Conditioner"", ""Free parking on premises"", ""Hangers""]",937837897631191844,"['BBQ grill', 'Smoke alarm', 'Kitchen', 'Shampoo', 'Air conditioning', 'Fire extinguisher', 'Wifi', 'Dedicated workspace', 'Keypad', 'Self check-in', 'Hair dryer', 'First aid kit', 'Indoor fireplace', 'TV', 'Conditioner', 'Free parking on premises', 'Hangers']",17,1,1,1,1,1,1,1,0,0,0,0,1,Hotel room
TENTH WARD,42.65908,-73.77456,12,Private room,Room in hotel,2,1.0,1.0,9,0.29,2,4.67,4.67,4.89,73,f,"[""Smoke alarm"", ""Kitchen"", ""Wifi"", ""Shower gel"", ""Hair dryer"", ""Outdoor dining area"", ""Indoor fireplace"", ""TV"", ""Elevator"", ""Shampoo"", ""Dedicated workspace"", ""Long term stays allowed"", ""BBQ grill"", ""Air conditioning"", ""Shared patio or balcony"", ""First aid kit"", ""Conditioner"", ""Free parking on premises"", ""Hangers"", ""Self check-in"", ""Fire extinguisher"", ""Keypad"", ""Cleaning available during stay""]",937917144482762419,"['Smoke alarm', 'Kitchen', 'Wifi', 'Shower gel', 'Hair dryer', 'Outdoor dining area', 'Indoor fireplace', 'TV', 'Elevator', 'Shampoo', 'Dedicated workspace', 'Long term stays allowed', 'BBQ grill', 'Air conditioning', 'Shared patio or balcony', 'First aid kit', 'Conditioner', 'Free parking on premises', 'Hangers', 'Self check-in', 'Fire extinguisher', 'Keypad', 'Cleaning available during stay']",23,1,1,1,1,1,1,1,0,0,0,0,1,Hotel room
TENTH WARD,42.66043,-73.77432,6,Private room,Room in hotel,2,1.0,1.0,3,0.17,1,4.67,5.0,4.33,112,f,"[""Smoke alarm"", ""Kitchen"", ""Wifi"", ""Shower gel"", ""EV charger - level 1"", ""Hair dryer"", ""Indoor fireplace"", ""TV"", ""Elevator"", ""Shampoo"", ""Dedicated workspace"", ""Long term stays allowed"", ""Pets allowed"", ""BBQ grill"", ""Air conditioning"", ""First aid kit"", ""Conditioner"", ""Free parking on premises"", ""Hangers"", ""Self check-in"", ""Fire extinguisher"", ""Keypad"", ""Cleaning available during stay""]",937927979762952955,"['Smoke alarm', 'Kitchen', 'Wifi', 'Shower gel', 'EV charger - level 1', 'Hair dryer', 'Indoor fireplace', 'TV', 'Elevator', 'Shampoo', 'Dedicated workspace', 'Long term stays allowed', 'Pets allowed', 'BBQ grill', 'Air conditioning', 'First aid kit', 'Conditioner', 'Free parking on premises', 'Hangers', 'Self check-in', 'Fire extinguisher', 'Keypad', 'Cleaning available during stay']",23,1,1,1,1,1,1,1,0,0,0,1,1,Hotel room
SIXTH WARD,42.65847,-73.77272,6,Private room,Room in hotel,2,1.0,1.0,6,0.21,1,4.33,3.67,4.33,101,f,"[""Smoke alarm"", ""Kitchen"", ""Wifi"", ""Shower gel"", ""EV charger - level 1"", ""Hair dryer"", ""Indoor fireplace"", ""TV"", ""Elevator"", ""Shampoo"", ""Dedicated workspace"", ""Long term stays allowed"", ""Pets allowed"", ""BBQ grill"", ""Air conditioning"", ""Shared patio or balcony"", ""First aid kit"", ""Conditioner"", ""Free parking on premises"", ""Hangers"", ""Fire extinguisher"", ""Cleaning available during stay""]",937935210290408974,"['Smoke alarm', 'Kitchen', 'Wifi', 'Shower gel', 'EV charger - level 1', 'Hair dryer', 'Indoor fireplace', 'TV', 'Elevator', 'Shampoo', 'Dedicated workspace', 'Long term stays allowed', 'Pets allowed', 'BBQ grill', 'Air conditioning', 'Shared patio or balcony', 'First aid kit', 'Conditioner', 'Free parking on premises', 'Hangers', 'Fire extinguisher', 'Cleaning available during stay']",22,1,1,1,0,1,1,1,0,0,0,1,1,Hotel room
TENTH WARD,42.66003,-73.7732,6,Private room,Room in hotel,2,1.0,1.0,1,0.15,1,5.0,5.0,5.0,111,f,"[""BBQ grill"", ""Smoke alarm"", ""Kitchen"", ""Air conditioning"", ""Fire extinguisher"", ""Wifi"", ""Dedicated workspace"", ""Keypad"", ""First aid kit"", ""Outdoor dining area"", ""Indoor fireplace"", ""TV"", ""Free parking on premises"", ""Self check-in""]",937959604296602771,"['BBQ grill', 'Smoke alarm', 'Kitchen', 'Air conditioning', 'Fire extinguisher', 'Wifi', 'Dedicated workspace', 'Keypad', 'First aid kit', 'Outdoor dining area', 'Indoor fireplace', 'TV', 'Free parking on premises', 'Self check-in']",14,1,0,1,1,1,1,1,0,0,0,0,1,Hotel room
TENTH WARD,42.66037,-73.77327,0,Private room,Room in hotel,2,1.0,1.0,0,,0,,,,75,f,"[""Smoke alarm"", ""Kitchen"", ""Wifi"", ""Shower gel"", ""EV charger - level 1"", ""Hair dryer"", ""Outdoor dining area"", ""Indoor fireplace"", ""TV"", ""Elevator"", ""Shampoo"", ""Dedicated workspace"", ""Long term stays allowed"", ""BBQ grill"", ""Air conditioning"", ""Outdoor furniture"", ""Shared patio or balcony"", ""First aid kit"", ""Conditioner"", ""Free parking on premises"", ""Hangers"", ""Self check-in"", ""Fire extinguisher"", ""Keypad"", ""Cleaning available during stay""]",938266199766701429,"['Smoke alarm', 'Kitchen', 'Wifi', 'Shower gel', 'EV charger - level 1', 'Hair dryer', 'Outdoor dining area', 'Indoor fireplace', 'TV', 'Elevator', 'Shampoo', 'Dedicated workspace', 'Long term stays allowed', 'BBQ grill', 'Air conditioning', 'Outdoor furniture', 'Shared patio or balcony', 'First aid kit', 'Conditioner', 'Free parking on premises', 'Hangers', 'Self check-in', 'Fire extinguisher', 'Keypad', 'Cleaning available during stay']",25,1,1,1,1,1,1,1,0,0,0,0,1,Hotel room
TENTH WARD,42.66036,-73.7729,12,Entire home/apt,Entire guesthouse,6,3.0,2.0,18,0.59,2,4.89,4.67,4.83,152,f,"[""Smoke alarm"", ""Kitchen"", ""Dishwasher"", ""Housekeeping - available at extra cost"", ""Ethernet connection"", ""Wifi"", ""Shower gel"", ""EV charger - level 1"", ""Coffee maker"", ""Hair dryer"", ""Outdoor dining area"", ""Indoor fireplace"", ""TV"", ""Private backyard \u2013 Not fully fenced"", ""Bathtub"", ""Cooking basics"", ""Shampoo"", ""Hot water kettle"", ""Wine glasses"", ""Dedicated workspace"", ""Microwave"", ""Dining table"", ""Long term stays allowed"", ""Oven"", ""Air conditioning"", ""Toaster"", ""Essentials"", ""Coffee"", ""Shared patio or balcony"", ""Central heating"", ""First aid kit"", ""Conditioner"", ""Free parking on premises"", ""Dishes and silverware"", ""Hangers"", ""Refrigerator"", ""Self check-in"", ""Freezer"", ""Fire extinguisher"", ""Cleaning products"", ""Keypad"", ""Stove""]",938280419686165005,"['Smoke alarm', 'Kitchen', 'Dishwasher', 'Housekeeping - available at extra cost', 'Ethernet connection', 'Wifi', 'Shower gel', 'EV charger - level 1', 'Coffee maker', 'Hair dryer', 'Outdoor dining area', 'Indoor fireplace', 'TV', 'Private backyard – Not fully fenced', 'Bathtub', 'Cooking basics', 'Shampoo', 'Hot water kettle', 'Wine glasses', 'Dedicated workspace', 'Microwave', 'Dining table', 'Long term stays allowed', 'Oven', 'Air conditioning', 'Toaster', 'Essentials', 'Coffee', 'Shared patio or balcony', 'Central heating', 'First aid kit', 'Conditioner', 'Free parking on premises', 'Dishes and silverware', 'Hangers', 'Refrigerator', 'Self check-in', 'Freezer', 'Fire extinguisher', 'Cleaning products', 'Keypad', 'Stove']",42,1,1,1,1,1,1,1,0,0,0,0,1,Entire place
ELEVENTH WARD,42.6708367,-73.7853116,24,Private room,Private room in home,1,1.0,1.0,27,0.87,4,4.85,4.89,4.96,161,t,"[""Smoke alarm"", ""Wifi"", ""Hot water"", ""Coffee maker"", ""Outdoor dining area"", ""TV"", ""Carbon monoxide alarm"", ""Bed linens"", ""Non specific  shampoo"", ""Kitchenette"", ""Bathtub"", ""Ceiling fan"", ""Generic body soap"", ""Room-darkening shades"", ""Hot water kettle"", ""Dedicated workspace"", ""Microwave"", ""Clothing storage"", ""Dining table"", ""Extra pillows and blankets"", ""Pets allowed"", ""Long term stays allowed"", ""BBQ grill"", ""Backyard"", ""Exterior security cameras on property"", ""Air conditioning"", ""Essentials"", ""Coffee"", ""Non specific  conditioner"", ""Central heating"", ""First aid kit"", ""Children\u2019s books and toys"", ""Dishes and silverware"", ""Hangers"", ""Refrigerator"", ""Self check-in"", ""Free street parking"", ""Fire extinguisher"", ""Cleaning products"", ""Keypad"", ""Board games"", ""Cleaning available during stay""]",938421117122010799,"['Smoke alarm', 'Wifi', 'Hot water', 'Coffee maker', 'Outdoor dining area', 'TV', 'Carbon monoxide alarm', 'Bed linens', 'Non specific  shampoo', 'Kitchenette', 'Bathtub', 'Ceiling fan', 'Generic body soap', 'Room-darkening shades', 'Hot water kettle', 'Dedicated workspace', 'Microwave', 'Clothing storage', 'Dining table', 'Extra pillows and blankets', 'Pets allowed', 'Long term stays allowed', 'BBQ grill', 'Backyard', 'Exterior security cameras on property', 'Air conditioning', 'Essentials', 'Coffee', 'Non specific  conditioner', 'Central heating', 'First aid kit', 'Children’s books and toys', 'Dishes and silverware', 'Hangers', 'Refrigerator', 'Self check-in', 'Free street parking', 'Fire extinguisher', 'Cleaning products', 'Keypad', 'Board games', 'Cleaning available during stay']",42,1,0,1,1,1,1,1,1,0,0,1,1,Private room
THIRTEENTH WARD,42.66974,-73.78611,96,Private room,Private room in home,1,1.0,1.0,44,1.41,16,4.98,4.91,4.93,362,t,"[""Smoke alarm"", ""Wifi"", ""Hot water"", ""Hair dryer"", ""TV"", ""Carbon monoxide alarm"", ""Bed linens"", ""Clothing storage: dresser"", ""Kitchenette"", ""Bathtub"", ""Iron"", ""Hot water kettle"", ""Dedicated workspace"", ""Dining table"", ""Nonspecific  body soap"", ""Long term stays allowed"", ""Pets allowed"", ""Nonspecific  conditioner"", ""BBQ grill"", ""Backyard"", ""Exterior security cameras on property"", ""Essentials"", ""Nonspecific  shampoo"", ""Lock on bedroom door"", ""Central heating"", ""First aid kit"", ""Children\u2019s books and toys"", ""Window AC unit"", ""Dishes and silverware"", ""Self check-in"", ""Refrigerator"", ""Free street parking"", ""Fire extinguisher"", ""Cleaning products"", ""Keypad"", ""Cleaning available during stay""]",938431811499141903,"['Smoke alarm', 'Wifi', 'Hot water', 'Hair dryer', 'TV', 'Carbon monoxide alarm', 'Bed linens', 'Clothing storage: dresser', 'Kitchenette', 'Bathtub', 'Iron', 'Hot water kettle', 'Dedicated workspace', 'Dining table', 'Nonspecific  body soap', 'Long term stays allowed', 'Pets allowed', 'Nonspecific  conditioner', 'BBQ grill', 'Backyard', 'Exterior security cameras on property', 'Essentials', 'Nonspecific  shampoo', 'Lock on bedroom door', 'Central heating', 'First aid kit', 'Children’s books and toys', 'Window AC unit', 'Dishes and silverware', 'Self check-in', 'Refrigerator', 'Free street parking', 'Fire extinguisher', 'Cleaning products', 'Keypad', 'Cleaning available during stay']",36,1,1,1,1,1,1,1,1,0,0,1,1,Private room
ELEVENTH WARD,42.67034,-73.7851,12,Private room,Private room in home,2,1.0,2.0,20,0.79,2,4.95,4.95,4.95,339,t,"[""Smoke alarm"", ""Wifi"", ""Hot water"", ""TV"", ""Carbon monoxide alarm"", ""Bed linens"", ""Kitchenette"", ""Bathtub"", ""Shampoo"", ""Iron"", ""Hot water kettle"", ""Safe"", ""Dedicated workspace"", ""Microwave"", ""Portable heater"", ""Smart lock"", ""Extra pillows and blankets"", ""Pets allowed"", ""BBQ grill"", ""Suave and other comparable brands  body soap"", ""Exterior security cameras on property"", ""Air conditioning"", ""Toaster"", ""Essentials"", ""Lock on bedroom door"", ""Books and reading material"", ""Central heating"", ""First aid kit"", ""Conditioner"", ""Dishes and silverware"", ""Hangers"", ""Self check-in"", ""Fire extinguisher"", ""Cleaning products""]",942750363293463100,"['Smoke alarm', 'Wifi', 'Hot water', 'TV', 'Carbon monoxide alarm', 'Bed linens', 'Kitchenette', 'Bathtub', 'Shampoo', 'Iron', 'Hot water kettle', 'Safe', 'Dedicated workspace', 'Microwave', 'Portable heater', 'Smart lock', 'Extra pillows and blankets', 'Pets allowed', 'BBQ grill', 'Suave and other comparable brands  body soap', 'Exterior security cameras on property', 'Air conditioning', 'Toaster', 'Essentials', 'Lock on bedroom door', 'Books and reading material', 'Central heating', 'First aid kit', 'Conditioner', 'Dishes and silverware', 'Hangers', 'Self check-in', 'Fire extinguisher', 'Cleaning products']",34,1,0,0,1,1,1,1,0,0,0,1,1,Private room
SIXTH WARD,42.6541815,-73.76086049999999,255,Entire home/apt,Entire rental unit,4,2.0,1.0,231,7.6,83,4.93,4.91,4.93,319,t,"[""Smoke alarm"", ""Kitchen"", ""Dishwasher"", ""Wifi"", ""Hot water"", ""Private entrance"", ""Hair dryer"", ""Body soap"", ""TV"", ""Carbon monoxide alarm"", ""Bed linens"", ""Cooking basics"", ""Shampoo"", ""Iron"", ""Room-darkening shades"", ""Hot water kettle"", ""Free dryer \u2013 In building"", ""Dedicated workspace"", ""Microwave"", ""Wine glasses"", ""Dining table"", ""Washer"", ""Extra pillows and blankets"", ""Electric stove"", ""Oven"", ""Portable fans"", ""Air conditioning"", ""Toaster"", ""Essentials"", ""Coffee"", ""Books and reading material"", ""Central heating"", ""Clothing storage: wardrobe and dresser"", ""First aid kit"", ""Conditioner"", ""Courtyard view"", ""Dishes and silverware"", ""Hangers"", ""Refrigerator"", ""Self check-in"", ""Freezer"", ""Free street parking"", ""Lockbox"", ""Fire extinguisher"", ""Cleaning products"", ""Coffee maker: drip coffee maker, french press""]",950211425725610511,"['Smoke alarm', 'Kitchen', 'Dishwasher', 'Wifi', 'Hot water', 'Private entrance', 'Hair dryer', 'Body soap', 'TV', 'Carbon monoxide alarm', 'Bed linens', 'Cooking basics', 'Shampoo', 'Iron', 'Room-darkening shades', 'Hot water kettle', 'Free dryer – In building', 'Dedicated workspace', 'Microwave', 'Wine glasses', 'Dining table', 'Washer', 'Extra pillows and blankets', 'Electric stove', 'Oven', 'Portable fans', 'Air conditioning', 'Toaster', 'Essentials', 'Coffee', 'Books and reading material', 'Central heating', 'Clothing storage: wardrobe and dresser', 'First aid kit', 'Conditioner', 'Courtyard view', 'Dishes and silverware', 'Hangers', 'Refrigerator', 'Self check-in', 'Freezer', 'Free street parking', 'Lockbox', 'Fire extinguisher', 'Cleaning products', 'Coffee maker: drip coffee maker, french press']",46,1,1,1,1,1,1,0,0,0,1,0,1,Entire place
FIRST WARD,42.6376753,-73.76854089999999,84,Entire home/apt,Entire home,8,3.0,2.0,14,3.68,14,5.0,4.86,4.71,7,t,"[""Smoke alarm"", ""Kitchen"", ""Wifi"", ""Shower gel"", ""Hot water"", ""Coffee maker"", ""Private entrance"", ""Hair dryer"", ""Body soap"", ""Outdoor dining area"", ""TV"", ""Carbon monoxide alarm"", ""Bathtub"", ""Ceiling fan"", ""Shampoo"", ""Iron"", ""Hot water kettle"", ""Wine glasses"", ""Baking sheet"", ""Dedicated workspace"", ""Bowling alley"", ""Microwave"", ""Bread maker"", ""Free parking garage on premises"", ""Dining table"", ""Heating"", ""Washer"", ""Rice maker"", ""Pets allowed"", ""Oven"", ""BBQ grill"", ""Exterior security cameras on property"", ""Coffee"", ""Outdoor furniture"", ""Barbecue utensils"", ""Window AC unit"", ""Hangers"", ""Refrigerator"", ""Blender"", ""Freezer"", ""Fire extinguisher"", ""Paid parking lot off premises"", ""Free dryer \u2013 In unit"", ""Private backyard \u2013 Fully fenced"", ""Clothing storage: walk-in closet, closet, and dresser"", ""Stove""]",950613505102507073,"['Smoke alarm', 'Kitchen', 'Wifi', 'Shower gel', 'Hot water', 'Coffee maker', 'Private entrance', 'Hair dryer', 'Body soap', 'Outdoor dining area', 'TV', 'Carbon monoxide alarm', 'Bathtub', 'Ceiling fan', 'Shampoo', 'Iron', 'Hot water kettle', 'Wine glasses', 'Baking sheet', 'Dedicated workspace', 'Bowling alley', 'Microwave', 'Bread maker', 'Free parking garage on premises', 'Dining table', 'Heating', 'Washer', 'Rice maker', 'Pets allowed', 'Oven', 'BBQ grill', 'Exterior security cameras on property', 'Coffee', 'Outdoor furniture', 'Barbecue utensils', 'Window AC unit', 'Hangers', 'Refrigerator', 'Blender', 'Freezer', 'Fire extinguisher', 'Paid parking lot off premises', 'Free dryer – In unit', 'Private backyard – Fully fenced', 'Clothing storage: walk-in closet, closet, and dresser', 'Stove']",46,1,1,1,0,1,1,1,0,1,0,1,1,Entire place
FIFTEENTH WARD,42.678962799458816,-73.81724461913109,8,Entire home/apt,Entire home,3,1.0,1.0,20,0.74,1,4.85,4.7,4.95,211,f,"[""Smoke alarm"", ""Kitchen"", ""Stainless steel single oven"", ""Private patio or balcony"", ""Wifi"", ""Hot water"", ""Private entrance"", ""Hair dryer"", ""Body soap"", ""Fire pit"", ""Outdoor dining area"", ""TV"", ""Carbon monoxide alarm"", ""Private backyard \u2013 Not fully fenced"", ""Bed linens"", ""Clothing storage: walk-in closet and closet"", ""Luggage dropoff allowed"", ""Bathtub"", ""Cooking basics"", ""Baking sheet"", ""Shampoo"", ""Iron"", ""Room-darkening shades"", ""Wine glasses"", ""Dedicated workspace"", ""Microwave"", ""Portable heater"", ""Coffee maker: Keurig coffee machine"", ""Dining table"", ""Exercise equipment"", ""Washer"", ""Extra pillows and blankets"", ""Pets allowed"", ""Long term stays allowed"", ""Electric stove"", ""BBQ grill"", ""Portable fans"", ""Record player"", ""Exterior security cameras on property"", ""Toaster"", ""Essentials"", ""Coffee"", ""Outdoor furniture"", ""Sound system"", ""Books and reading material"", ""Central heating"", ""Barbecue utensils"", ""Conditioner"", ""Free parking on premises"", ""Window AC unit"", ""Dishes and silverware"", ""Hangers"", ""Refrigerator"", ""Self check-in"", ""Kayak"", ""Freezer"", ""Fire extinguisher"", ""Free dryer \u2013 In unit"", ""Cleaning products"", ""Keypad"", ""Private gym in building""]",958199983873241221,"['Smoke alarm', 'Kitchen', 'Stainless steel single oven', 'Private patio or balcony', 'Wifi', 'Hot water', 'Private entrance', 'Hair dryer', 'Body soap', 'Fire pit', 'Outdoor dining area', 'TV', 'Carbon monoxide alarm', 'Private backyard – Not fully fenced', 'Bed linens', 'Clothing storage: walk-in closet and closet', 'Luggage dropoff allowed', 'Bathtub', 'Cooking basics', 'Baking sheet', 'Shampoo', 'Iron', 'Room-darkening shades', 'Wine glasses', 'Dedicated workspace', 'Microwave', 'Portable heater', 'Coffee maker: Keurig coffee machine', 'Dining table', 'Exercise equipment', 'Washer', 'Extra pillows and blankets', 'Pets allowed', 'Long term stays allowed', 'Electric stove', 'BBQ grill', 'Portable fans', 'Record player', 'Exterior security cameras on property', 'Toaster', 'Essentials', 'Coffee', 'Outdoor furniture', 'Sound system', 'Books and reading material', 'Central heating', 'Barbecue utensils', 'Conditioner', 'Free parking on premises', 'Window AC unit', 'Dishes and silverware', 'Hangers', 'Refrigerator', 'Self check-in', 'Kayak', 'Freezer', 'Fire extinguisher', 'Free dryer – In unit', 'Cleaning products', 'Keypad', 'Private gym in building']",61,1,1,1,1,1,1,1,0,1,0,1,1,Entire place
SIXTH WARD,42.65241,-73.77002,210,Entire home/apt,Entire rental unit,2,1.0,1.0,117,3.89,35,4.84,4.74,4.71,358,t,"[""Smoke alarm"", ""Kitchen"", ""Dishwasher"", ""Gas stove"", ""Wifi"", ""Shower gel"", ""Hot water"", ""Private entrance"", ""Hair dryer"", ""Body soap"", ""Carbon monoxide alarm"", ""Bed linens"", ""Bathtub"", ""Cooking basics"", ""Shampoo"", ""Iron"", ""Dedicated workspace"", ""Microwave"", ""Coffee maker: Keurig coffee machine"", ""Dining table"", ""Washer"", ""Smart lock"", ""Extra pillows and blankets"", ""Long term stays allowed"", ""Oven"", ""Air conditioning"", ""Toaster"", ""Essentials"", ""Central heating"", ""Conditioner"", ""Dishes and silverware"", ""Hangers"", ""Refrigerator"", ""Self check-in"", ""Freezer"", ""Free street parking"", ""Free dryer \u2013 In unit"", ""50 inch HDTV with Roku"", ""Cleaning products""]",963920695464462572,"['Smoke alarm', 'Kitchen', 'Dishwasher', 'Gas stove', 'Wifi', 'Shower gel', 'Hot water', 'Private entrance', 'Hair dryer', 'Body soap', 'Carbon monoxide alarm', 'Bed linens', 'Bathtub', 'Cooking basics', 'Shampoo', 'Iron', 'Dedicated workspace', 'Microwave', 'Coffee maker: Keurig coffee machine', 'Dining table', 'Washer', 'Smart lock', 'Extra pillows and blankets', 'Long term stays allowed', 'Oven', 'Air conditioning', 'Toaster', 'Essentials', 'Central heating', 'Conditioner', 'Dishes and silverware', 'Hangers', 'Refrigerator', 'Self check-in', 'Freezer', 'Free street parking', 'Free dryer – In unit', '50 inch HDTV with Roku', 'Cleaning products']",39,1,1,1,1,1,1,0,0,0,0,0,1,Entire place
FIFTEENTH WARD,42.67059,-73.81678,42,Entire home/apt,Entire rental unit,4,2.0,1.0,28,0.96,7,4.93,4.82,4.82,180,t,"[""Smoke alarm"", ""Kitchen"", ""Dishwasher"", ""Shower gel"", ""Hot water"", ""Clothing storage: closet, wardrobe, and dresser"", ""Hair dryer"", ""GE stainless steel single oven"", ""Carbon monoxide alarm"", ""Bed linens"", ""Luggage dropoff allowed"", ""Bathtub"", ""Cooking basics"", ""Baking sheet"", ""Iron"", ""GE electric stove"", ""Head & Shoulder  shampoo"", ""Room-darkening shades"", ""Free dryer \u2013 In building"", ""Dedicated workspace"", ""Microwave"", ""Coffee maker: Keurig coffee machine"", ""Wine glasses"", ""Dining table"", ""65 inch HDTV with Roku"", ""Window guards"", ""Smart lock"", ""Extra pillows and blankets"", ""Long term stays allowed"", ""EV charger - level 2"", ""Radiant heating"", ""Air conditioning"", ""Toaster"", ""Essentials"", ""Frigidaire refrigerator"", ""Coffee"", ""Laundromat nearby"", ""Outdoor furniture"", ""First aid kit"", ""Fast wifi \u2013 549 Mbps"", ""Conditioner"", ""Free parking on premises"", ""Dishes and silverware"", ""Hangers"", ""Blender"", ""Self check-in"", ""Free washer \u2013 In building"", ""Shared backyard \u2013 Fully fenced"", ""Freezer"", ""Free street parking"", ""Fire extinguisher"", ""Cleaning products"", ""Dove body soap""]",966287799980701967,"['Smoke alarm', 'Kitchen', 'Dishwasher', 'Shower gel', 'Hot water', 'Clothing storage: closet, wardrobe, and dresser', 'Hair dryer', 'GE stainless steel single oven', 'Carbon monoxide alarm', 'Bed linens', 'Luggage dropoff allowed', 'Bathtub', 'Cooking basics', 'Baking sheet', 'Iron', 'GE electric stove', 'Head & Shoulder  shampoo', 'Room-darkening shades', 'Free dryer – In building', 'Dedicated workspace', 'Microwave', 'Coffee maker: Keurig coffee machine', 'Wine glasses', 'Dining table', '65 inch HDTV with Roku', 'Window guards', 'Smart lock', 'Extra pillows and blankets', 'Long term stays allowed', 'EV charger - level 2', 'Radiant heating', 'Air conditioning', 'Toaster', 'Essentials', 'Frigidaire refrigerator', 'Coffee', 'Laundromat nearby', 'Outdoor furniture', 'First aid kit', 'Fast wifi – 549 Mbps', 'Conditioner', 'Free parking on premises', 'Dishes and silverware', 'Hangers', 'Blender', 'Self check-in', 'Free washer – In building', 'Shared backyard – Fully fenced', 'Freezer', 'Free street parking', 'Fire extinguisher', 'Cleaning products', 'Dove body soap']",53,1,1,1,1,1,1,1,1,0,0,0,1,Entire place
FOURTEENTH WARD,42.66877,-73.79927,255,Private room,Private room in home,2,1.0,4.0,161,5.76,69,4.87,4.89,4.94,15,t,"[""Smoke alarm"", ""Kitchen"", ""Dishwasher"", ""Gas stove"", ""Wifi"", ""Hot water"", ""Hair dryer"", ""Fire pit"", ""Outdoor dining area"", ""Carbon monoxide alarm"", ""Bed linens"", ""Luggage dropoff allowed"", ""55 inch HDTV"", ""Cooking basics"", ""Iron"", ""Central air conditioning"", ""Hot water kettle"", ""Free dryer \u2013 In building"", ""Dedicated workspace"", ""Microwave"", ""Dining table"", ""Extra pillows and blankets"", ""Long term stays allowed"", ""Oven"", ""BBQ grill"", ""Shared hot tub - available all year"", ""Radiant heating"", ""Noise decibel monitors on property"", ""Exterior security cameras on property"", ""Essentials"", ""Lock on bedroom door"", ""Coffee"", ""Clothing storage: closet"", ""Central heating"", ""First aid kit"", ""Free parking on premises"", ""Dishes and silverware"", ""Hangers"", ""Refrigerator"", ""Blender"", ""Free washer \u2013 In building"", ""Head and Shoulders body soap"", ""Head and Shoulders shampoo"", ""Freezer"", ""Coffee maker: drip coffee maker"", ""Head and Shoulders conditioner"", ""Free street parking"", ""Fire extinguisher"", ""Cleaning products"", ""Keypad"", ""Self check-in"", ""Board games"", ""Shared backyard \u2013 Fully fenced""]",969886763377526954,"['Smoke alarm', 'Kitchen', 'Dishwasher', 'Gas stove', 'Wifi', 'Hot water', 'Hair dryer', 'Fire pit', 'Outdoor dining area', 'Carbon monoxide alarm', 'Bed linens', 'Luggage dropoff allowed', '55 inch HDTV', 'Cooking basics', 'Iron', 'Central air conditioning', 'Hot water kettle', 'Free dryer – In building', 'Dedicated workspace', 'Microwave', 'Dining table', 'Extra pillows and blankets', 'Long term stays allowed', 'Oven', 'BBQ grill', 'Shared hot tub - available all year', 'Radiant heating', 'Noise decibel monitors on property', 'Exterior security cameras on property', 'Essentials', 'Lock on bedroom door', 'Coffee', 'Clothing storage: closet', 'Central heating', 'First aid kit', 'Free parking on premises', 'Dishes and silverware', 'Hangers', 'Refrigerator', 'Blender', 'Free washer – In building', 'Head and Shoulders body soap', 'Head and Shoulders shampoo', 'Freezer', 'Coffee maker: drip coffee maker', 'Head and Shoulders conditioner', 'Free street parking', 'Fire extinguisher', 'Cleaning products', 'Keypad', 'Self check-in', 'Board games', 'Shared backyard – Fully fenced']",53,1,1,1,1,1,1,1,0,1,0,0,1,Private room
SIXTH WARD,42.65312775001394,-73.76950465142727,96,Entire home/apt,Entire rental unit,2,2.0,1.0,37,1.3,16,4.92,4.97,4.92,289,f,"[""Smoke alarm"", ""Kitchen"", ""Private patio or balcony"", ""Ethernet connection"", ""Gas stove"", ""Wifi"", ""Shower gel"", ""Hot water"", ""Hair dryer"", ""TV"", ""Carbon monoxide alarm"", ""Backyard - Fully fenced"", ""Bed linens"", ""Park view"", ""Bathtub"", ""Cooking basics"", ""Ceiling fan"", ""Shampoo"", ""Iron"", ""Room-darkening shades"", ""Hot water kettle"", ""Wine glasses"", ""Dedicated workspace"", ""Microwave"", ""Coffee maker: Keurig coffee machine"", ""Baking sheet"", ""Dining table"", ""Heating"", ""Extra pillows and blankets"", ""Long term stays allowed"", ""Air conditioning"", ""Toaster"", ""Essentials"", ""Coffee"", ""Laundromat nearby"", ""Single oven"", ""Dove  body soap"", ""First aid kit"", ""Conditioner"", ""Free parking on premises"", ""Dishes and silverware"", ""Hangers"", ""Refrigerator"", ""Blender"", ""Self check-in"", ""Freezer"", ""Free street parking"", ""Fire extinguisher"", ""Cleaning products"", ""Keypad"", ""Board games"", ""Clothing storage: walk-in closet"", ""Outlet covers""]",980034348801186320,"['Smoke alarm', 'Kitchen', 'Private patio or balcony', 'Ethernet connection', 'Gas stove', 'Wifi', 'Shower gel', 'Hot water', 'Hair dryer', 'TV', 'Carbon monoxide alarm', 'Backyard - Fully fenced', 'Bed linens', 'Park view', 'Bathtub', 'Cooking basics', 'Ceiling fan', 'Shampoo', 'Iron', 'Room-darkening shades', 'Hot water kettle', 'Wine glasses', 'Dedicated workspace', 'Microwave', 'Coffee maker: Keurig coffee machine', 'Baking sheet', 'Dining table', 'Heating', 'Extra pillows and blankets', 'Long term stays allowed', 'Air conditioning', 'Toaster', 'Essentials', 'Coffee', 'Laundromat nearby', 'Single oven', 'Dove  body soap', 'First aid kit', 'Conditioner', 'Free parking on premises', 'Dishes and silverware', 'Hangers', 'Refrigerator', 'Blender', 'Self check-in', 'Freezer', 'Free street parking', 'Fire extinguisher', 'Cleaning products', 'Keypad', 'Board games', 'Clothing storage: walk-in closet', 'Outlet covers']",53,1,1,1,1,1,1,1,1,0,1,0,1,Entire place
FIFTH WARD,42.66628,-73.76512,18,Entire home/apt,Entire rental unit,4,2.0,1.0,7,0.25,3,4.43,4.29,4.14,74,f,"[""Smoke alarm"", ""Kitchen"", ""Stainless steel single oven"", ""Ethernet connection"", ""Wifi"", ""Shower gel"", ""Hot water"", ""Coffee maker"", ""Fire pit"", ""Outdoor dining area"", ""Dryer"", ""TV"", ""Carbon monoxide alarm"", ""Bed linens"", ""Bluetooth sound system"", ""Bathtub"", ""Cooking basics"", ""Baking sheet"", ""Shampoo"", ""Wine glasses"", ""Dedicated workspace"", ""Microwave"", ""Dining table"", ""Heating"", ""Washer"", ""Extra pillows and blankets"", ""Electric stove"", ""BBQ grill"", ""Portable fans"", ""Backyard"", ""Exterior security cameras on property"", ""Air conditioning"", ""Toaster"", ""Essentials"", ""Coffee"", ""Laundromat nearby"", ""Shared patio or balcony"", ""Outdoor furniture"", ""Single level home"", ""Books and reading material"", ""Clothing storage: closet"", ""First aid kit"", ""Barbecue utensils"", ""Dishes and silverware"", ""Hangers"", ""Refrigerator"", ""Blender"", ""Self check-in"", ""Freezer"", ""Free street parking"", ""Fire extinguisher"", ""Cleaning products"", ""Keypad"", ""Board games"", ""Outlet covers""]",983306819910081094,"['Smoke alarm', 'Kitchen', 'Stainless steel single oven', 'Ethernet connection', 'Wifi', 'Shower gel', 'Hot water', 'Coffee maker', 'Fire pit', 'Outdoor dining area', 'Dryer', 'TV', 'Carbon monoxide alarm', 'Bed linens', 'Bluetooth sound system', 'Bathtub', 'Cooking basics', 'Baking sheet', 'Shampoo', 'Wine glasses', 'Dedicated workspace', 'Microwave', 'Dining table', 'Heating', 'Washer', 'Extra pillows and blankets', 'Electric stove', 'BBQ grill', 'Portable fans', 'Backyard', 'Exterior security cameras on property', 'Air conditioning', 'Toaster', 'Essentials', 'Coffee', 'Laundromat nearby', 'Shared patio or balcony', 'Outdoor furniture', 'Single level home', 'Books and reading material', 'Clothing storage: closet', 'First aid kit', 'Barbecue utensils', 'Dishes and silverware', 'Hangers', 'Refrigerator', 'Blender', 'Self check-in', 'Freezer', 'Free street parking', 'Fire extinguisher', 'Cleaning products', 'Keypad', 'Board games', 'Outlet covers']",55,1,1,1,1,1,1,1,1,0,0,0,1,Entire place
THIRD WARD,42.65515515851637,-73.76052582647431,240,Entire home/apt,Entire rental unit,3,1.0,1.0,10,0.35,4,5.0,5.0,4.8,266,t,"[""Smoke alarm"", ""Kitchen"", ""Wifi"", ""Hot water"", ""Hair dryer"", ""Indoor fireplace"", ""TV"", ""Carbon monoxide alarm"", ""Bathtub"", ""Dedicated workspace"", ""Dryer \u2013\u00a0In unit"", ""Washer \u2013\u00a0In unit"", ""Exterior security cameras on property"", ""Air conditioning"", ""Essentials"", ""Central heating"", ""First aid kit"", ""Self check-in"", ""Fire extinguisher"", ""Keypad""]",989010058281318863,"['Smoke alarm', 'Kitchen', 'Wifi', 'Hot water', 'Hair dryer', 'Indoor fireplace', 'TV', 'Carbon monoxide alarm', 'Bathtub', 'Dedicated workspace', 'Dryer –\xa0In unit', 'Washer –\xa0In unit', 'Exterior security cameras on property', 'Air conditioning', 'Essentials', 'Central heating', 'First aid kit', 'Self check-in', 'Fire extinguisher', 'Keypad']",20,1,1,0,1,1,1,0,0,0,0,0,1,Entire place
SIXTH WARD,42.65259924007496,-73.761780139996,108,Entire home/apt,Entire rental unit,1,1.0,1.0,37,1.47,18,4.84,4.7,4.95,85,t,"[""Smoke alarm"", ""Kitchen"", ""Wifi"", ""Shower gel"", ""Hot water"", ""Coffee maker"", ""Private entrance"", ""TV"", ""Carbon monoxide alarm"", ""Bed linens"", ""Bathtub"", ""Cooking basics"", ""Shampoo"", ""Microwave"", ""Clothing storage"", ""Dining table"", ""Heating"", ""Smart lock"", ""Air conditioning"", ""Coffee"", ""Laundromat nearby"", ""Books and reading material"", ""Conditioner"", ""Dishes and silverware"", ""Self check-in"", ""Refrigerator"", ""Freezer"", ""Free street parking"", ""Fire extinguisher"", ""Stove""]",990935487146379699,"['Smoke alarm', 'Kitchen', 'Wifi', 'Shower gel', 'Hot water', 'Coffee maker', 'Private entrance', 'TV', 'Carbon monoxide alarm', 'Bed linens', 'Bathtub', 'Cooking basics', 'Shampoo', 'Microwave', 'Clothing storage', 'Dining table', 'Heating', 'Smart lock', 'Air conditioning', 'Coffee', 'Laundromat nearby', 'Books and reading material', 'Conditioner', 'Dishes and silverware', 'Self check-in', 'Refrigerator', 'Freezer', 'Free street parking', 'Fire extinguisher', 'Stove']",30,1,1,1,1,0,1,0,0,0,0,0,1,Entire place
FOURTEENTH WARD,42.67098,-73.80695,96,Entire home/apt,Entire rental unit,4,2.0,1.0,31,1.08,16,4.9,4.87,4.87,261,t,"[""Smoke alarm"", ""Kitchen"", ""Ethernet connection"", ""Wifi"", ""Hot water"", ""Private entrance"", ""Hair dryer"", ""TV"", ""Carbon monoxide alarm"", ""Bed linens"", ""Bathtub"", ""Cooking basics"", ""Ceiling fan"", ""Iron"", ""Baking sheet"", ""Hot water kettle"", ""Wine glasses"", ""Dedicated workspace"", ""Microwave"", ""Dining table"", ""Washer"", ""Extra pillows and blankets"", ""Long term stays allowed"", ""Fridgeair refrigerator"", ""Portable fans"", ""Air conditioning"", ""Toaster"", ""Essentials"", ""Coffee"", ""Suave  conditioner"", ""Samsung single oven"", ""Clothing storage: closet"", ""Central heating"", ""Free parking on premises"", ""Dishes and silverware"", ""Hangers"", ""Suave  shampoo"", ""Freezer"", ""Suave body soap"", ""Coffee maker: drip coffee maker, Keurig coffee machine"", ""Free dryer \u2013 In unit"", ""Cleaning products"", ""Samsung electric stove""]",992119832780871644,"['Smoke alarm', 'Kitchen', 'Ethernet connection', 'Wifi', 'Hot water', 'Private entrance', 'Hair dryer', 'TV', 'Carbon monoxide alarm', 'Bed linens', 'Bathtub', 'Cooking basics', 'Ceiling fan', 'Iron', 'Baking sheet', 'Hot water kettle', 'Wine glasses', 'Dedicated workspace', 'Microwave', 'Dining table', 'Washer', 'Extra pillows and blankets', 'Long term stays allowed', 'Fridgeair refrigerator', 'Portable fans', 'Air conditioning', 'Toaster', 'Essentials', 'Coffee', 'Suave  conditioner', 'Samsung single oven', 'Clothing storage: closet', 'Central heating', 'Free parking on premises', 'Dishes and silverware', 'Hangers', 'Suave  shampoo', 'Freezer', 'Suave body soap', 'Coffee maker: drip coffee maker, Keurig coffee machine', 'Free dryer – In unit', 'Cleaning products', 'Samsung electric stove']",43,1,1,1,0,1,1,0,0,0,0,0,1,Entire place
SEVENTH WARD,42.64485687096462,-73.77281881169621,150,Entire home/apt,Entire home,8,6.0,3.5,21,0.85,15,4.62,4.57,4.29,301,f,"[""Private BBQ grill: charcoal, wood-burning"", ""Smoke alarm"", ""Kitchen"", ""Dishwasher"", ""Ethernet connection"", ""Wifi"", ""Hot water"", ""Coffee maker"", ""Private entrance"", ""Hair dryer"", ""Fire pit"", ""Mini fridge"", ""TV"", ""Carbon monoxide alarm"", ""Bed linens"", ""Bathtub"", ""Cooking basics"", ""Baking sheet"", ""Shampoo"", ""Iron"", ""Room-darkening shades"", ""Hot water kettle"", ""Free dryer \u2013 In building"", ""Dedicated workspace"", ""Microwave"", ""Wine glasses"", ""Clothing storage"", ""Dining table"", ""Washer"", ""Extra pillows and blankets"", ""Pets allowed"", ""Long term stays allowed"", ""Oven"", ""Drying rack for clothing"", ""Patio or balcony"", ""Air conditioning"", ""Toaster"", ""Essentials"", ""Coffee"", ""Books and reading material"", ""Pack \u2019n play/Travel crib"", ""Central heating"", ""Movie theater"", ""First aid kit"", ""Barbecue utensils"", ""Conditioner"", ""Children\u2019s books and toys"", ""Dishes and silverware"", ""Free parking on premises"", ""Hangers"", ""Refrigerator"", ""Blender"", ""Self check-in"", ""Babysitter recommendations"", ""Freezer"", ""Free street parking"", ""Game console"", ""Fire extinguisher"", ""Cleaning products"", ""Keypad"", ""Bidet"", ""Board games"", ""Cleaning available during stay"", ""Stove"", ""Private backyard""]",992554549672159765,"['Private BBQ grill: charcoal, wood-burning', 'Smoke alarm', 'Kitchen', 'Dishwasher', 'Ethernet connection', 'Wifi', 'Hot water', 'Coffee maker', 'Private entrance', 'Hair dryer', 'Fire pit', 'Mini fridge', 'TV', 'Carbon monoxide alarm', 'Bed linens', 'Bathtub', 'Cooking basics', 'Baking sheet', 'Shampoo', 'Iron', 'Room-darkening shades', 'Hot water kettle', 'Free dryer – In building', 'Dedicated workspace', 'Microwave', 'Wine glasses', 'Clothing storage', 'Dining table', 'Washer', 'Extra pillows and blankets', 'Pets allowed', 'Long term stays allowed', 'Oven', 'Drying rack for clothing', 'Patio or balcony', 'Air conditioning', 'Toaster', 'Essentials', 'Coffee', 'Books and reading material', 'Pack ’n play/Travel crib', 'Central heating', 'Movie theater', 'First aid kit', 'Barbecue utensils', 'Conditioner', 'Children’s books and toys', 'Dishes and silverware', 'Free parking on premises', 'Hangers', 'Refrigerator', 'Blender', 'Self check-in', 'Babysitter recommendations', 'Freezer', 'Free street parking', 'Game console', 'Fire extinguisher', 'Cleaning products', 'Keypad', 'Bidet', 'Board games', 'Cleaning available during stay', 'Stove', 'Private backyard']",65,1,1,1,1,1,1,1,1,0,0,1,1,Entire place
THIRD WARD,42.65762,-73.75116,102,Entire home/apt,Entire rental unit,2,1.0,0.0,49,1.73,17,4.92,4.86,4.76,254,t,"[""Smoke alarm"", ""Kitchen"", ""Indoor fireplace: electric"", ""Clothing storage: closet and dresser"", ""Portable air conditioning"", ""55 inch HDTV with Fire TV, Amazon Prime Video, Roku"", ""Shower gel"", ""Wifi"", ""Hot water"", ""Body soap"", ""Carbon monoxide alarm"", ""Bed linens"", ""Bathtub"", ""Cooking basics"", ""Ceiling fan"", ""Shampoo"", ""Iron"", ""Hot water kettle"", ""Wine glasses"", ""Microwave"", ""Coffee maker: Keurig coffee machine"", ""Dining table"", ""Stainless steel oven"", ""Extra pillows and blankets"", ""Long term stays allowed"", ""Exterior security cameras on property"", ""Toaster"", ""Essentials"", ""Coffee"", ""Central heating"", ""First aid kit"", ""Stainless steel electric stove"", ""Conditioner"", ""Free washer \u2013 In unit"", ""Dishes and silverware"", ""Hangers"", ""Refrigerator"", ""Self check-in"", ""Freezer"", ""Free street parking"", ""Fire extinguisher"", ""Free dryer \u2013 In unit"", ""Cleaning products"", ""Keypad"", ""Board games""]",999161887055542119,"['Smoke alarm', 'Kitchen', 'Indoor fireplace: electric', 'Clothing storage: closet and dresser', 'Portable air conditioning', '55 inch HDTV with Fire TV, Amazon Prime Video, Roku', 'Shower gel', 'Wifi', 'Hot water', 'Body soap', 'Carbon monoxide alarm', 'Bed linens', 'Bathtub', 'Cooking basics', 'Ceiling fan', 'Shampoo', 'Iron', 'Hot water kettle', 'Wine glasses', 'Microwave', 'Coffee maker: Keurig coffee machine', 'Dining table', 'Stainless steel oven', 'Extra pillows and blankets', 'Long term stays allowed', 'Exterior security cameras on property', 'Toaster', 'Essentials', 'Coffee', 'Central heating', 'First aid kit', 'Stainless steel electric stove', 'Conditioner', 'Free washer – In unit', 'Dishes and silverware', 'Hangers', 'Refrigerator', 'Self check-in', 'Freezer', 'Free street parking', 'Fire extinguisher', 'Free dryer – In unit', 'Cleaning products', 'Keypad', 'Board games']",45,1,1,1,1,0,1,0,0,0,0,0,1,Entire place
EIGHTH WARD,42.6555,-73.81066,246,Entire home/apt,Entire home,6,3.0,2.0,84,3.45,41,4.99,4.99,4.98,239,t,"[""Smoke alarm"", ""Kitchen"", ""Dishwasher"", ""Trash compactor"", ""Clothing storage: closet and dresser"", ""Baby safety gates"", ""Wifi"", ""Shower gel"", ""Hot water"", ""Private entrance"", ""Hair dryer"", ""Body soap"", ""Carbon monoxide alarm"", ""Bed linens"", ""Pack \u2019n play/Travel crib - available upon request"", ""Bathtub"", ""Children\u2019s dinnerware"", ""Ceiling fan"", ""Shampoo"", ""Iron"", ""Room-darkening shades"", ""Cooking basics"", ""TV with Roku, standard cable"", ""Dedicated workspace"", ""Dining table"", ""Extra pillows and blankets"", ""Free driveway parking on premises \u2013 3 spaces"", ""Exterior security cameras on property"", ""Essentials"", ""Books and reading material"", ""Central heating"", ""First aid kit"", ""Conditioner"", ""Free washer \u2013 In unit"", ""Window AC unit"", ""Dishes and silverware"", ""Hangers"", ""Blender"", ""Self check-in"", ""Coffee maker: drip coffee maker"", ""Free street parking"", ""Crib - available upon request"", ""Fire extinguisher"", ""Free dryer \u2013 In unit"", ""Private backyard \u2013 Fully fenced"", ""Cleaning products"", ""Keypad"", ""Board games""]",1004978540001566331,"['Smoke alarm', 'Kitchen', 'Dishwasher', 'Trash compactor', 'Clothing storage: closet and dresser', 'Baby safety gates', 'Wifi', 'Shower gel', 'Hot water', 'Private entrance', 'Hair dryer', 'Body soap', 'Carbon monoxide alarm', 'Bed linens', 'Pack ’n play/Travel crib - available upon request', 'Bathtub', 'Children’s dinnerware', 'Ceiling fan', 'Shampoo', 'Iron', 'Room-darkening shades', 'Cooking basics', 'TV with Roku, standard cable', 'Dedicated workspace', 'Dining table', 'Extra pillows and blankets', 'Free driveway parking on premises – 3 spaces', 'Exterior security cameras on property', 'Essentials', 'Books and reading material', 'Central heating', 'First aid kit', 'Conditioner', 'Free washer – In unit', 'Window AC unit', 'Dishes and silverware', 'Hangers', 'Blender', 'Self check-in', 'Coffee maker: drip coffee maker', 'Free street parking', 'Crib - available upon request', 'Fire extinguisher', 'Free dryer – In unit', 'Private backyard – Fully fenced', 'Cleaning products', 'Keypad', 'Board games']",48,1,1,1,1,1,1,1,1,0,0,0,1,Entire place
SECOND WARD,42.64534889999999,-73.75364650000002,255,Entire home/apt,Entire rental unit,12,4.0,3.0,93,3.32,44,4.68,4.59,4.29,352,f,"[""Smoke alarm"", ""Kitchen"", ""Dishwasher"", ""Wifi"", ""Shower gel"", ""Hot water"", ""Private entrance"", ""Hair dryer"", ""Body soap"", ""Carbon monoxide alarm"", ""Bed linens"", ""Pack \u2019n play/Travel crib - available upon request"", ""Luggage dropoff allowed"", ""Bathtub"", ""Cooking basics"", ""Baking sheet"", ""Shampoo"", ""Iron"", ""Room-darkening shades"", ""Dedicated workspace"", ""Microwave"", ""Dining table"", ""70 inch HDTV with Amazon Prime Video, Disney+, Hulu, Netflix, Roku, Chromecast"", ""Smart lock"", ""Paid street parking off premises"", ""Extra pillows and blankets"", ""Pets allowed"", ""Long term stays allowed"", ""Oven"", ""Radiant heating"", ""Noise decibel monitors on property"", ""Exterior security cameras on property"", ""Toaster"", ""Essentials"", ""Frigidaire refrigerator"", ""Coffee"", ""Laundromat nearby"", ""First aid kit"", ""Conditioner"", ""Game console: PS3"", ""Window AC unit"", ""Dishes and silverware"", ""Frigidaire electric stove"", ""Hangers"", ""Self check-in"", ""Free washer \u2013 In building"", ""Free carport on premises \u2013 1 space"", ""Freezer"", ""Coffee maker: drip coffee maker"", ""Free street parking"", ""Fire extinguisher"", ""Paid parking on premises"", ""Clothing storage: walk-in closet, closet, and dresser"", ""Bidet"", ""Paid dryer \u2013 In building"", ""Cleaning available during stay"", ""Shared backyard \u2013 Fully fenced""]",1005978346817864540,"['Smoke alarm', 'Kitchen', 'Dishwasher', 'Wifi', 'Shower gel', 'Hot water', 'Private entrance', 'Hair dryer', 'Body soap', 'Carbon monoxide alarm', 'Bed linens', 'Pack ’n play/Travel crib - available upon request', 'Luggage dropoff allowed', 'Bathtub', 'Cooking basics', 'Baking sheet', 'Shampoo', 'Iron', 'Room-darkening shades', 'Dedicated workspace', 'Microwave', 'Dining table', '70 inch HDTV with Amazon Prime Video, Disney+, Hulu, Netflix, Roku, Chromecast', 'Smart lock', 'Paid street parking off premises', 'Extra pillows and blankets', 'Pets allowed', 'Long term stays allowed', 'Oven', 'Radiant heating', 'Noise decibel monitors on property', 'Exterior security cameras on property', 'Toaster', 'Essentials', 'Frigidaire refrigerator', 'Coffee', 'Laundromat nearby', 'First aid kit', 'Conditioner', 'Game console: PS3', 'Window AC unit', 'Dishes and silverware', 'Frigidaire electric stove', 'Hangers', 'Self check-in', 'Free washer – In building', 'Free carport on premises – 1 space', 'Freezer', 'Coffee maker: drip coffee maker', 'Free street parking', 'Fire extinguisher', 'Paid parking on premises', 'Clothing storage: walk-in closet, closet, and dresser', 'Bidet', 'Paid dryer – In building', 'Cleaning available during stay', 'Shared backyard – Fully fenced']",57,1,1,1,1,1,1,1,1,0,0,1,1,Entire place
THIRTEENTH WARD,42.67003,-73.79771,120,Private room,Private room in home,1,1.0,3.0,73,2.62,20,4.88,4.84,4.85,26,t,"[""Smoke alarm"", ""Kitchen"", ""Shared hot tub - available all year, open 24 hours"", ""Wifi"", ""Hot water"", ""Coffee maker"", ""Hair dryer"", ""Outdoor dining area"", ""Dryer"", ""TV"", ""Carbon monoxide alarm"", ""Luggage dropoff allowed"", ""Cooking basics"", ""Shampoo"", ""Iron"", ""Dedicated workspace"", ""Heating"", ""Washer"", ""Long term stays allowed"", ""Backyard"", ""Noise decibel monitors on property"", ""Air conditioning"", ""Exterior security cameras on property"", ""Essentials"", ""Lock on bedroom door"", ""Movie theater"", ""Free parking on premises"", ""Dishes and silverware"", ""Hangers"", ""Refrigerator"", ""Self check-in"", ""Fire extinguisher"", ""Keypad""]",1010759793485911351,"['Smoke alarm', 'Kitchen', 'Shared hot tub - available all year, open 24 hours', 'Wifi', 'Hot water', 'Coffee maker', 'Hair dryer', 'Outdoor dining area', 'Dryer', 'TV', 'Carbon monoxide alarm', 'Luggage dropoff allowed', 'Cooking basics', 'Shampoo', 'Iron', 'Dedicated workspace', 'Heating', 'Washer', 'Long term stays allowed', 'Backyard', 'Noise decibel monitors on property', 'Air conditioning', 'Exterior security cameras on property', 'Essentials', 'Lock on bedroom door', 'Movie theater', 'Free parking on premises', 'Dishes and silverware', 'Hangers', 'Refrigerator', 'Self check-in', 'Fire extinguisher', 'Keypad']",33,1,1,1,1,1,1,1,0,1,0,0,1,Private room
THIRTEENTH WARD,42.66971,-73.79755,255,Private room,Private room in home,1,1.0,3.0,110,3.96,52,4.89,4.86,4.93,22,t,"[""Smoke alarm"", ""Kitchen"", ""Dishwasher"", ""Gas stove"", ""Wifi"", ""Shower gel"", ""Hot water"", ""Stainless steel double oven"", ""Hair dryer"", ""Body soap"", ""Outdoor dining area"", ""TV"", ""Carbon monoxide alarm"", ""Bed linens"", ""Luggage dropoff allowed"", ""Cooking basics"", ""Shared BBQ grill: gas"", ""Baking sheet"", ""Iron"", ""Central air conditioning"", ""Hot water kettle"", ""Coffee maker: drip coffee maker, Keurig coffee machine, Nespresso"", ""Free dryer \u2013 In building"", ""Dedicated workspace"", ""Microwave"", ""Wine glasses"", ""Bread maker"", ""Dining table"", ""Extra pillows and blankets"", ""Long term stays allowed"", ""Shared hot tub - available all year"", ""Noise decibel monitors on property"", ""Exterior security cameras on property"", ""Toaster"", ""Essentials"", ""Lock on bedroom door"", ""Coffee"", ""Laundromat nearby"", ""Shared patio or balcony"", ""Outdoor furniture"", ""Books and reading material"", ""Central heating"", ""First aid kit"", ""Barbecue utensils"", ""Conditioner"", ""Free parking on premises"", ""Dishes and silverware"", ""Hangers"", ""Refrigerator"", ""Blender"", ""Free washer \u2013 In building"", ""Head and Shoulders shampoo"", ""Self check-in"", ""Freezer"", ""Free street parking"", ""Fire extinguisher"", ""Private backyard \u2013 Fully fenced"", ""Cleaning products"", ""Keypad"", ""Board games"", ""Clothing storage: walk-in closet""]",1010759799610182054,"['Smoke alarm', 'Kitchen', 'Dishwasher', 'Gas stove', 'Wifi', 'Shower gel', 'Hot water', 'Stainless steel double oven', 'Hair dryer', 'Body soap', 'Outdoor dining area', 'TV', 'Carbon monoxide alarm', 'Bed linens', 'Luggage dropoff allowed', 'Cooking basics', 'Shared BBQ grill: gas', 'Baking sheet', 'Iron', 'Central air conditioning', 'Hot water kettle', 'Coffee maker: drip coffee maker, Keurig coffee machine, Nespresso', 'Free dryer – In building', 'Dedicated workspace', 'Microwave', 'Wine glasses', 'Bread maker', 'Dining table', 'Extra pillows and blankets', 'Long term stays allowed', 'Shared hot tub - available all year', 'Noise decibel monitors on property', 'Exterior security cameras on property', 'Toaster', 'Essentials', 'Lock on bedroom door', 'Coffee', 'Laundromat nearby', 'Shared patio or balcony', 'Outdoor furniture', 'Books and reading material', 'Central heating', 'First aid kit', 'Barbecue utensils', 'Conditioner', 'Free parking on premises', 'Dishes and silverware', 'Hangers', 'Refrigerator', 'Blender', 'Free washer – In building', 'Head and Shoulders shampoo', 'Self check-in', 'Freezer', 'Free street parking', 'Fire extinguisher', 'Private backyard – Fully fenced', 'Cleaning products', 'Keypad', 'Board games', 'Clothing storage: walk-in closet']",61,1,1,1,1,1,1,1,0,1,0,0,1,Private room
FOURTEENTH WARD,42.66806608232022,-73.79824947027458,60,Private room,Private room in home,2,1.0,4.0,12,0.43,10,4.92,4.92,4.92,26,t,"[""Smoke alarm"", ""Kitchen"", ""Dishwasher"", ""Wifi"", ""Shower gel"", ""Hot water"", ""Coffee maker"", ""Hair dryer"", ""Body soap"", ""Fire pit"", ""Dryer"", ""Outdoor dining area"", ""TV"", ""Carbon monoxide alarm"", ""Bread maker"", ""Bed linens"", ""Luggage dropoff allowed"", ""Cooking basics"", ""Ceiling fan"", ""Shampoo"", ""Iron"", ""Hot water kettle"", ""Wine glasses"", ""Fireplace guards"", ""Dedicated workspace"", ""Microwave"", ""Baking sheet"", ""Clothing storage"", ""Dining table"", ""Heating"", ""Washer"", ""Extra pillows and blankets"", ""Long term stays allowed"", ""Oven"", ""BBQ grill"", ""Shared hot tub - available all year"", ""Portable fans"", ""Backyard"", ""Noise decibel monitors on property"", ""Air conditioning"", ""Exterior security cameras on property"", ""Essentials"", ""Lock on bedroom door"", ""Toaster"", ""Coffee"", ""Laundromat nearby"", ""Shared patio or balcony"", ""Outdoor furniture"", ""Books and reading material"", ""First aid kit"", ""Barbecue utensils"", ""Conditioner"", ""Free parking on premises"", ""Dishes and silverware"", ""Hangers"", ""Refrigerator"", ""Blender"", ""Self check-in"", ""Freezer"", ""Free street parking"", ""Fire extinguisher"", ""Cleaning products"", ""Keypad"", ""Board games"", ""Stove""]",1010760496997974537,"['Smoke alarm', 'Kitchen', 'Dishwasher', 'Wifi', 'Shower gel', 'Hot water', 'Coffee maker', 'Hair dryer', 'Body soap', 'Fire pit', 'Dryer', 'Outdoor dining area', 'TV', 'Carbon monoxide alarm', 'Bread maker', 'Bed linens', 'Luggage dropoff allowed', 'Cooking basics', 'Ceiling fan', 'Shampoo', 'Iron', 'Hot water kettle', 'Wine glasses', 'Fireplace guards', 'Dedicated workspace', 'Microwave', 'Baking sheet', 'Clothing storage', 'Dining table', 'Heating', 'Washer', 'Extra pillows and blankets', 'Long term stays allowed', 'Oven', 'BBQ grill', 'Shared hot tub - available all year', 'Portable fans', 'Backyard', 'Noise decibel monitors on property', 'Air conditioning', 'Exterior security cameras on property', 'Essentials', 'Lock on bedroom door', 'Toaster', 'Coffee', 'Laundromat nearby', 'Shared patio or balcony', 'Outdoor furniture', 'Books and reading material', 'First aid kit', 'Barbecue utensils', 'Conditioner', 'Free parking on premises', 'Dishes and silverware', 'Hangers', 'Refrigerator', 'Blender', 'Self check-in', 'Freezer', 'Free street parking', 'Fire extinguisher', 'Cleaning products', 'Keypad', 'Board games', 'Stove']",65,1,1,1,1,1,1,1,1,1,0,0,1,Private room
THIRTEENTH WARD,42.66989924546552,-73.7977031057611,18,Entire home/apt,Entire home,16,9.0,4.0,3,1.36,3,5.0,5.0,5.0,342,t,"[""Smoke alarm"", ""Kitchen"", ""Dishwasher"", ""Private patio or balcony"", ""Wifi"", ""Shower gel"", ""Hot water"", ""Coffee maker"", ""Private entrance"", ""Hair dryer"", ""Body soap"", ""Outdoor dining area"", ""Dryer"", ""TV"", ""Carbon monoxide alarm"", ""Bread maker"", ""Bed linens"", ""Luggage dropoff allowed"", ""Cooking basics"", ""Ceiling fan"", ""Shampoo"", ""Iron"", ""Hot water kettle"", ""Safe"", ""Wine glasses"", ""Dedicated workspace"", ""Microwave"", ""Baking sheet"", ""Clothing storage"", ""Dining table"", ""Heating"", ""Hammock"", ""Washer"", ""Extra pillows and blankets"", ""Pets allowed"", ""Long term stays allowed"", ""Oven"", ""BBQ grill"", ""Shared hot tub - available all year"", ""Portable fans"", ""Backyard"", ""Noise decibel monitors on property"", ""Air conditioning"", ""Exterior security cameras on property"", ""Essentials"", ""Toaster"", ""Coffee"", ""Laundromat nearby"", ""Outdoor furniture"", ""Books and reading material"", ""First aid kit"", ""Movie theater"", ""Barbecue utensils"", ""Conditioner"", ""Free parking on premises"", ""Dishes and silverware"", ""Hangers"", ""Refrigerator"", ""Blender"", ""Self check-in"", ""Freezer"", ""Free street parking"", ""Sun loungers"", ""Elevator"", ""Fire extinguisher"", ""Cleaning products"", ""Keypad"", ""Board games"", ""Stove"", ""Housekeeping available from 11:00\u202fAM to 5:00\u202fPM, 5 days a week - available at extra cost""]",1012862218478447339,"['Smoke alarm', 'Kitchen', 'Dishwasher', 'Private patio or balcony', 'Wifi', 'Shower gel', 'Hot water', 'Coffee maker', 'Private entrance', 'Hair dryer', 'Body soap', 'Outdoor dining area', 'Dryer', 'TV', 'Carbon monoxide alarm', 'Bread maker', 'Bed linens', 'Luggage dropoff allowed', 'Cooking basics', 'Ceiling fan', 'Shampoo', 'Iron', 'Hot water kettle', 'Safe', 'Wine glasses', 'Dedicated workspace', 'Microwave', 'Baking sheet', 'Clothing storage', 'Dining table', 'Heating', 'Hammock', 'Washer', 'Extra pillows and blankets', 'Pets allowed', 'Long term stays allowed', 'Oven', 'BBQ grill', 'Shared hot tub - available all year', 'Portable fans', 'Backyard', 'Noise decibel monitors on property', 'Air conditioning', 'Exterior security cameras on property', 'Essentials', 'Toaster', 'Coffee', 'Laundromat nearby', 'Outdoor furniture', 'Books and reading material', 'First aid kit', 'Movie theater', 'Barbecue utensils', 'Conditioner', 'Free parking on premises', 'Dishes and silverware', 'Hangers', 'Refrigerator', 'Blender', 'Self check-in', 'Freezer', 'Free street parking', 'Sun loungers', 'Elevator', 'Fire extinguisher', 'Cleaning products', 'Keypad', 'Board games', 'Stove', 'Housekeeping available from 11:00\u202fAM to 5:00\u202fPM, 5 days a week - available at extra cost']",70,1,1,1,1,1,1,1,0,1,0,1,1,Entire place
FOURTEENTH WARD,42.66873,-73.7993,180,Private room,Private room in home,1,1.0,3.0,52,1.87,30,4.92,4.83,4.88,11,t,"[""Smoke alarm"", ""Kitchen"", ""Dishwasher"", ""Shared hot tub - available all year, open 24 hours"", ""Wifi"", ""Hot water"", ""Coffee maker"", ""Hair dryer"", ""Body soap"", ""Fire pit"", ""Dryer"", ""Outdoor dining area"", ""TV"", ""Carbon monoxide alarm"", ""Bed linens"", ""Luggage dropoff allowed"", ""Cooking basics"", ""Shampoo"", ""Iron"", ""Hot water kettle"", ""Dedicated workspace"", ""Microwave"", ""Clothing storage"", ""Dining table"", ""Heating"", ""Washer"", ""Extra pillows and blankets"", ""Long term stays allowed"", ""Oven"", ""BBQ grill"", ""Backyard"", ""Noise decibel monitors on property"", ""Air conditioning"", ""Exterior security cameras on property"", ""Essentials"", ""Lock on bedroom door"", ""Coffee"", ""First aid kit"", ""Conditioner"", ""Free parking on premises"", ""Dishes and silverware"", ""Hangers"", ""Refrigerator"", ""Blender"", ""Self check-in"", ""Freezer"", ""Free street parking"", ""Fire extinguisher"", ""Cleaning products"", ""Keypad"", ""Board games"", ""Stove""]",1013659440189111738,"['Smoke alarm', 'Kitchen', 'Dishwasher', 'Shared hot tub - available all year, open 24 hours', 'Wifi', 'Hot water', 'Coffee maker', 'Hair dryer', 'Body soap', 'Fire pit', 'Dryer', 'Outdoor dining area', 'TV', 'Carbon monoxide alarm', 'Bed linens', 'Luggage dropoff allowed', 'Cooking basics', 'Shampoo', 'Iron', 'Hot water kettle', 'Dedicated workspace', 'Microwave', 'Clothing storage', 'Dining table', 'Heating', 'Washer', 'Extra pillows and blankets', 'Long term stays allowed', 'Oven', 'BBQ grill', 'Backyard', 'Noise decibel monitors on property', 'Air conditioning', 'Exterior security cameras on property', 'Essentials', 'Lock on bedroom door', 'Coffee', 'First aid kit', 'Conditioner', 'Free parking on premises', 'Dishes and silverware', 'Hangers', 'Refrigerator', 'Blender', 'Self check-in', 'Freezer', 'Free street parking', 'Fire extinguisher', 'Cleaning products', 'Keypad', 'Board games', 'Stove']",52,1,1,1,1,1,1,1,0,1,0,0,1,Private room
NINTH WARD,42.6558992,-73.7965699,0,Private room,Private room in villa,2,1.0,0.5,0,,0,,,,76,f,"[""Smoke alarm"", ""Kitchen"", ""Exterior security cameras on property"", ""Lock on bedroom door"", ""Wifi"", ""Free parking on premises"", ""Washer""]",1015385216942267174,"['Smoke alarm', 'Kitchen', 'Exterior security cameras on property', 'Lock on bedroom door', 'Wifi', 'Free parking on premises', 'Washer']",7,1,1,1,0,0,0,0,0,0,0,0,0,Private room
SIXTH WARD,42.65539,-73.76416,144,Entire home/apt,Entire rental unit,3,0.0,1.0,57,2.05,24,4.7,4.72,4.75,59,f,"[""Smoke alarm"", ""Kitchen"", ""Ethernet connection"", ""Wifi"", ""Shower gel"", ""Hot water"", ""Coffee maker"", ""Hair dryer"", ""Body soap"", ""Mini fridge"", ""TV"", ""Carbon monoxide alarm"", ""Bed linens"", ""Bathtub"", ""Cooking basics"", ""Baking sheet"", ""Shampoo"", ""Iron"", ""Room-darkening shades"", ""Hot water kettle"", ""Wine glasses"", ""Dedicated workspace"", ""Microwave"", ""Clothing storage"", ""Smart lock"", ""Extra pillows and blankets"", ""Long term stays allowed"", ""Oven"", ""Exterior security cameras on property"", ""Essentials"", ""Coffee"", ""Laundromat nearby"", ""Central heating"", ""First aid kit"", ""Conditioner"", ""Dishes and silverware"", ""Hangers"", ""Refrigerator"", ""Self check-in"", ""Freezer"", ""Free street parking"", ""Fire extinguisher"", ""Cleaning products"", ""Stove""]",1016050146219474145,"['Smoke alarm', 'Kitchen', 'Ethernet connection', 'Wifi', 'Shower gel', 'Hot water', 'Coffee maker', 'Hair dryer', 'Body soap', 'Mini fridge', 'TV', 'Carbon monoxide alarm', 'Bed linens', 'Bathtub', 'Cooking basics', 'Baking sheet', 'Shampoo', 'Iron', 'Room-darkening shades', 'Hot water kettle', 'Wine glasses', 'Dedicated workspace', 'Microwave', 'Clothing storage', 'Smart lock', 'Extra pillows and blankets', 'Long term stays allowed', 'Oven', 'Exterior security cameras on property', 'Essentials', 'Coffee', 'Laundromat nearby', 'Central heating', 'First aid kit', 'Conditioner', 'Dishes and silverware', 'Hangers', 'Refrigerator', 'Self check-in', 'Freezer', 'Free street parking', 'Fire extinguisher', 'Cleaning products', 'Stove']",44,1,1,1,1,1,0,0,0,0,0,0,1,Entire place
FOURTEENTH WARD,42.66792031298625,-73.79895760671212,186,Private room,Private room in home,2,1.0,3.0,47,1.72,31,4.94,4.85,4.89,23,t,"[""Smoke alarm"", ""Kitchen"", ""Dishwasher"", ""Shared hot tub - available all year, open 24 hours"", ""Wifi"", ""Hot water"", ""Coffee maker"", ""Hair dryer"", ""Body soap"", ""Fire pit"", ""Dryer"", ""Outdoor dining area"", ""TV"", ""Carbon monoxide alarm"", ""Bed linens"", ""Luggage dropoff allowed"", ""Cooking basics"", ""Shampoo"", ""Iron"", ""Hot water kettle"", ""Dedicated workspace"", ""Microwave"", ""Clothing storage"", ""Dining table"", ""Heating"", ""Washer"", ""Extra pillows and blankets"", ""Long term stays allowed"", ""Oven"", ""BBQ grill"", ""Backyard"", ""Noise decibel monitors on property"", ""Air conditioning"", ""Exterior security cameras on property"", ""Essentials"", ""Lock on bedroom door"", ""Coffee"", ""First aid kit"", ""Conditioner"", ""Free parking on premises"", ""Dishes and silverware"", ""Hangers"", ""Refrigerator"", ""Blender"", ""Self check-in"", ""Freezer"", ""Free street parking"", ""Fire extinguisher"", ""Cleaning products"", ""Keypad"", ""Board games"", ""Stove""]",1018295677909928470,"['Smoke alarm', 'Kitchen', 'Dishwasher', 'Shared hot tub - available all year, open 24 hours', 'Wifi', 'Hot water', 'Coffee maker', 'Hair dryer', 'Body soap', 'Fire pit', 'Dryer', 'Outdoor dining area', 'TV', 'Carbon monoxide alarm', 'Bed linens', 'Luggage dropoff allowed', 'Cooking basics', 'Shampoo', 'Iron', 'Hot water kettle', 'Dedicated workspace', 'Microwave', 'Clothing storage', 'Dining table', 'Heating', 'Washer', 'Extra pillows and blankets', 'Long term stays allowed', 'Oven', 'BBQ grill', 'Backyard', 'Noise decibel monitors on property', 'Air conditioning', 'Exterior security cameras on property', 'Essentials', 'Lock on bedroom door', 'Coffee', 'First aid kit', 'Conditioner', 'Free parking on premises', 'Dishes and silverware', 'Hangers', 'Refrigerator', 'Blender', 'Self check-in', 'Freezer', 'Free street parking', 'Fire extinguisher', 'Cleaning products', 'Keypad', 'Board games', 'Stove']",52,1,1,1,1,1,1,1,0,1,0,0,1,Private room
THIRTEENTH WARD,42.66996,-73.79816,192,Private room,Private room in home,2,1.0,3.0,107,3.88,32,4.93,4.95,4.92,23,t,"[""Smoke alarm"", ""Kitchen"", ""Dishwasher"", ""Shared hot tub - available all year, open 24 hours"", ""Wifi"", ""Hot water"", ""Coffee maker"", ""Hair dryer"", ""Body soap"", ""Fire pit"", ""Dryer"", ""Outdoor dining area"", ""TV"", ""Carbon monoxide alarm"", ""Bed linens"", ""Luggage dropoff allowed"", ""Cooking basics"", ""Shampoo"", ""Iron"", ""Hot water kettle"", ""Dedicated workspace"", ""Microwave"", ""Clothing storage"", ""Dining table"", ""Heating"", ""Washer"", ""Extra pillows and blankets"", ""Long term stays allowed"", ""Oven"", ""BBQ grill"", ""Backyard"", ""Noise decibel monitors on property"", ""Air conditioning"", ""Exterior security cameras on property"", ""Essentials"", ""Lock on bedroom door"", ""Coffee"", ""First aid kit"", ""Conditioner"", ""Free parking on premises"", ""Dishes and silverware"", ""Hangers"", ""Refrigerator"", ""Blender"", ""Self check-in"", ""Freezer"", ""Free street parking"", ""Fire extinguisher"", ""Cleaning products"", ""Keypad"", ""Board games"", ""Stove""]",1018299533220989494,"['Smoke alarm', 'Kitchen', 'Dishwasher', 'Shared hot tub - available all year, open 24 hours', 'Wifi', 'Hot water', 'Coffee maker', 'Hair dryer', 'Body soap', 'Fire pit', 'Dryer', 'Outdoor dining area', 'TV', 'Carbon monoxide alarm', 'Bed linens', 'Luggage dropoff allowed', 'Cooking basics', 'Shampoo', 'Iron', 'Hot water kettle', 'Dedicated workspace', 'Microwave', 'Clothing storage', 'Dining table', 'Heating', 'Washer', 'Extra pillows and blankets', 'Long term stays allowed', 'Oven', 'BBQ grill', 'Backyard', 'Noise decibel monitors on property', 'Air conditioning', 'Exterior security cameras on property', 'Essentials', 'Lock on bedroom door', 'Coffee', 'First aid kit', 'Conditioner', 'Free parking on premises', 'Dishes and silverware', 'Hangers', 'Refrigerator', 'Blender', 'Self check-in', 'Freezer', 'Free street parking', 'Fire extinguisher', 'Cleaning products', 'Keypad', 'Board games', 'Stove']",52,1,1,1,1,1,1,1,0,1,0,0,1,Private room
SIXTH WARD,42.6535,-73.77046,84,Entire home/apt,Entire rental unit,2,1.0,1.0,68,2.49,14,4.74,4.69,4.85,345,t,"[""Smoke alarm"", ""Kitchen"", ""Smart lock"", ""Cooking basics"", ""Iron"", ""Air conditioning"", ""Fire extinguisher"", ""Wifi"", ""Heating"", ""Hair dryer"", ""First aid kit"", ""TV"", ""Carbon monoxide alarm"", ""Self check-in""]",1018972187574908115,"['Smoke alarm', 'Kitchen', 'Smart lock', 'Cooking basics', 'Iron', 'Air conditioning', 'Fire extinguisher', 'Wifi', 'Heating', 'Hair dryer', 'First aid kit', 'TV', 'Carbon monoxide alarm', 'Self check-in']",14,1,1,0,1,0,1,0,0,0,0,0,1,Entire place
SECOND WARD,42.64714,-73.75466,255,Entire home/apt,Entire rental unit,2,0.0,1.0,187,7.0,67,4.68,4.61,3.99,229,t,"[""Smoke alarm"", ""Kitchen"", ""Wifi"", ""Hot water"", ""Hair dryer"", ""TV"", ""Carbon monoxide alarm"", ""City skyline view"", ""Bed linens"", ""Bathtub"", ""Cooking basics"", ""Room-darkening shades"", ""Hot water kettle"", ""Wine glasses"", ""Dedicated workspace"", ""Microwave"", ""Coffee maker: Keurig coffee machine"", ""Dining table"", ""Smart lock"", ""Conditioner conditioner"", ""Electric stove"", ""Essentials"", ""Coffee"", ""Laundromat nearby"", ""Single oven"", ""Clothing storage: closet"", ""Central heating"", ""Window AC unit"", ""Dishes and silverware"", ""Hangers"", ""Self check-in"", ""Freezer"", ""Free street parking"", ""Refrigerator refrigerator"", ""Paid parking on premises"", ""Cleaning products"", ""Bodysoap body soap"", ""Shampoo shampoo""]",1020518500251473070,"['Smoke alarm', 'Kitchen', 'Wifi', 'Hot water', 'Hair dryer', 'TV', 'Carbon monoxide alarm', 'City skyline view', 'Bed linens', 'Bathtub', 'Cooking basics', 'Room-darkening shades', 'Hot water kettle', 'Wine glasses', 'Dedicated workspace', 'Microwave', 'Coffee maker: Keurig coffee machine', 'Dining table', 'Smart lock', 'Conditioner conditioner', 'Electric stove', 'Essentials', 'Coffee', 'Laundromat nearby', 'Single oven', 'Clothing storage: closet', 'Central heating', 'Window AC unit', 'Dishes and silverware', 'Hangers', 'Self check-in', 'Freezer', 'Free street parking', 'Refrigerator refrigerator', 'Paid parking on premises', 'Cleaning products', 'Bodysoap body soap', 'Shampoo shampoo']",38,1,1,1,1,1,1,0,0,0,1,0,1,Entire place
THIRD WARD,42.6586,-73.76421,66,Entire home/apt,Entire rental unit,3,1.0,1.0,29,1.07,11,4.52,4.41,4.21,316,f,"[""Smoke alarm"", ""Kitchen"", ""Dishwasher"", ""Wifi"", ""Hot water"", ""Hair dryer"", ""Body soap"", ""TV"", ""Carbon monoxide alarm"", ""Bed linens"", ""Heating - split type ductless system"", ""Cooking basics"", ""Shampoo"", ""Iron"", ""Room-darkening shades"", ""Wine glasses"", ""Dedicated workspace"", ""Microwave"", ""Coffee maker: Keurig coffee machine"", ""Dining table"", ""Washer"", ""Extra pillows and blankets"", ""Pets allowed"", ""Long term stays allowed"", ""Oven"", ""Air conditioning"", ""Toaster"", ""Essentials"", ""Coffee"", ""Dishes and silverware"", ""Hangers"", ""Refrigerator"", ""Self check-in"", ""Freezer"", ""Free street parking"", ""Lockbox"", ""Free dryer \u2013 In unit"", ""Cleaning products"", ""Cleaning available during stay"", ""Stove""]",1020993107237604444,"['Smoke alarm', 'Kitchen', 'Dishwasher', 'Wifi', 'Hot water', 'Hair dryer', 'Body soap', 'TV', 'Carbon monoxide alarm', 'Bed linens', 'Heating - split type ductless system', 'Cooking basics', 'Shampoo', 'Iron', 'Room-darkening shades', 'Wine glasses', 'Dedicated workspace', 'Microwave', 'Coffee maker: Keurig coffee machine', 'Dining table', 'Washer', 'Extra pillows and blankets', 'Pets allowed', 'Long term stays allowed', 'Oven', 'Air conditioning', 'Toaster', 'Essentials', 'Coffee', 'Dishes and silverware', 'Hangers', 'Refrigerator', 'Self check-in', 'Freezer', 'Free street parking', 'Lockbox', 'Free dryer – In unit', 'Cleaning products', 'Cleaning available during stay', 'Stove']",40,1,1,1,1,1,1,0,0,0,0,1,1,Entire place
THIRD WARD,42.65971,-73.76382,36,Entire home/apt,Entire rental unit,3,1.0,1.0,33,1.23,6,4.64,4.73,4.21,309,f,"[""Smoke alarm"", ""Kitchen"", ""Dishwasher"", ""Wifi"", ""Shower gel"", ""Hot water"", ""Hair dryer"", ""TV"", ""Carbon monoxide alarm"", ""Bed linens"", ""Heating - split type ductless system"", ""Cooking basics"", ""Shampoo"", ""Iron"", ""Room-darkening shades"", ""Wine glasses"", ""Dedicated workspace"", ""Microwave"", ""Coffee maker: Keurig coffee machine"", ""Dining table"", ""Stainless steel oven"", ""Washer"", ""Long term stays allowed"", ""Pets allowed"", ""Air conditioning"", ""Essentials"", ""Coffee"", ""Single level home"", ""Dishes and silverware"", ""Hangers"", ""Refrigerator"", ""Self check-in"", ""Freezer"", ""Lockbox"", ""Free dryer \u2013 In unit"", ""Cleaning products"", ""Hockey rink"", ""Cleaning available during stay"", ""Stove""]",1021011347006185640,"['Smoke alarm', 'Kitchen', 'Dishwasher', 'Wifi', 'Shower gel', 'Hot water', 'Hair dryer', 'TV', 'Carbon monoxide alarm', 'Bed linens', 'Heating - split type ductless system', 'Cooking basics', 'Shampoo', 'Iron', 'Room-darkening shades', 'Wine glasses', 'Dedicated workspace', 'Microwave', 'Coffee maker: Keurig coffee machine', 'Dining table', 'Stainless steel oven', 'Washer', 'Long term stays allowed', 'Pets allowed', 'Air conditioning', 'Essentials', 'Coffee', 'Single level home', 'Dishes and silverware', 'Hangers', 'Refrigerator', 'Self check-in', 'Freezer', 'Lockbox', 'Free dryer – In unit', 'Cleaning products', 'Hockey rink', 'Cleaning available during stay', 'Stove']",39,1,1,0,1,1,1,0,0,0,0,1,1,Entire place
THIRD WARD,42.65711,-73.75133,0,Entire home/apt,Entire rental unit,4,2.0,2.0,2,0.11,0,4.5,4.5,5.0,89,f,"[""Smoke alarm"", ""Kitchen"", ""Dishwasher"", ""Private patio or balcony"", ""Clothing storage: closet and dresser"", ""Wifi"", ""Hot water"", ""Hair dryer"", ""Carbon monoxide alarm"", ""Bed linens"", ""Luggage dropoff allowed"", ""55 inch HDTV"", ""River view"", ""Bathtub"", ""Cooking basics"", ""Ceiling fan"", ""Iron"", ""Baking sheet"", ""Room-darkening shades"", ""Host greets you"", ""Dedicated workspace"", ""Microwave"", ""Coffee maker: Keurig coffee machine"", ""Dining table"", ""Stainless steel oven"", ""Extra pillows and blankets"", ""Pets allowed"", ""Long term stays allowed"", ""Paid washer \u2013 In building"", ""Air conditioning"", ""Toaster"", ""Essentials"", ""Coffee"", ""Outdoor furniture"", ""Books and reading material"", ""Central heating"", ""First aid kit"", ""Dishes and silverware"", ""Hangers"", ""Refrigerator"", ""Freezer"", ""Free street parking"", ""Fire extinguisher"", ""Cleaning products"", ""Paid dryer \u2013 In building"", ""Cleaning available during stay"", ""Stove""]",1034722814589239236,"['Smoke alarm', 'Kitchen', 'Dishwasher', 'Private patio or balcony', 'Clothing storage: closet and dresser', 'Wifi', 'Hot water', 'Hair dryer', 'Carbon monoxide alarm', 'Bed linens', 'Luggage dropoff allowed', '55 inch HDTV', 'River view', 'Bathtub', 'Cooking basics', 'Ceiling fan', 'Iron', 'Baking sheet', 'Room-darkening shades', 'Host greets you', 'Dedicated workspace', 'Microwave', 'Coffee maker: Keurig coffee machine', 'Dining table', 'Stainless steel oven', 'Extra pillows and blankets', 'Pets allowed', 'Long term stays allowed', 'Paid washer – In building', 'Air conditioning', 'Toaster', 'Essentials', 'Coffee', 'Outdoor furniture', 'Books and reading material', 'Central heating', 'First aid kit', 'Dishes and silverware', 'Hangers', 'Refrigerator', 'Freezer', 'Free street parking', 'Fire extinguisher', 'Cleaning products', 'Paid dryer – In building', 'Cleaning available during stay', 'Stove']",47,1,1,1,0,1,1,1,0,0,1,1,1,Entire place
SECOND WARD,42.63976,-73.75705,54,Entire home/apt,Entire rental unit,4,2.0,1.0,27,1.1,9,4.37,4.41,4.15,180,f,"[""Smoke alarm"", ""Kitchen"", ""Ethernet connection"", ""Clothing storage: closet and dresser"", ""Wifi"", ""Hot water"", ""Body soap"", ""TV"", ""Carbon monoxide alarm"", ""Bed linens"", ""Luggage dropoff allowed"", ""Bathtub"", ""Cooking basics"", ""Shampoo"", ""Iron"", ""Hot water kettle"", ""Wine glasses"", ""Microwave"", ""Heating"", ""Long term stays allowed"", ""Pets allowed"", ""Electric stove"", ""Oven"", ""Exterior security cameras on property"", ""Air conditioning"", ""Toaster"", ""Essentials"", ""First aid kit"", ""Dishes and silverware"", ""Hangers"", ""Refrigerator"", ""Free street parking"", ""Fire extinguisher"", ""Cleaning products""]",1043565517982254841,"['Smoke alarm', 'Kitchen', 'Ethernet connection', 'Clothing storage: closet and dresser', 'Wifi', 'Hot water', 'Body soap', 'TV', 'Carbon monoxide alarm', 'Bed linens', 'Luggage dropoff allowed', 'Bathtub', 'Cooking basics', 'Shampoo', 'Iron', 'Hot water kettle', 'Wine glasses', 'Microwave', 'Heating', 'Long term stays allowed', 'Pets allowed', 'Electric stove', 'Oven', 'Exterior security cameras on property', 'Air conditioning', 'Toaster', 'Essentials', 'First aid kit', 'Dishes and silverware', 'Hangers', 'Refrigerator', 'Free street parking', 'Fire extinguisher', 'Cleaning products']",34,1,0,1,0,1,1,0,0,0,0,1,1,Entire place
FIRST WARD,42.64081,-73.77463,120,Entire home/apt,Entire home,4,2.0,1.0,9,0.35,2,4.89,5.0,4.78,320,f,"[""Smoke alarm"", ""Kitchen"", ""Wifi"", ""Hot water"", ""Private entrance"", ""Hair dryer"", ""TV"", ""Carbon monoxide alarm"", ""Bed linens"", ""Luggage dropoff allowed"", ""Ceiling fan"", ""Iron"", ""Baking sheet"", ""Room-darkening shades"", ""Wine glasses"", ""Dedicated workspace"", ""Long term stays allowed"", ""Pets allowed"", ""Radiant heating"", ""Backyard"", ""Exterior security cameras on property"", ""Air conditioning"", ""Toaster"", ""Essentials"", ""First aid kit"", ""Dishes and silverware"", ""Hangers"", ""Refrigerator"", ""Blender"", ""Self check-in"", ""Coffee maker: drip coffee maker"", ""Free street parking"", ""Fire extinguisher"", ""Keypad"", ""Stove""]",1052381112116173923,"['Smoke alarm', 'Kitchen', 'Wifi', 'Hot water', 'Private entrance', 'Hair dryer', 'TV', 'Carbon monoxide alarm', 'Bed linens', 'Luggage dropoff allowed', 'Ceiling fan', 'Iron', 'Baking sheet', 'Room-darkening shades', 'Wine glasses', 'Dedicated workspace', 'Long term stays allowed', 'Pets allowed', 'Radiant heating', 'Backyard', 'Exterior security cameras on property', 'Air conditioning', 'Toaster', 'Essentials', 'First aid kit', 'Dishes and silverware', 'Hangers', 'Refrigerator', 'Blender', 'Self check-in', 'Coffee maker: drip coffee maker', 'Free street parking', 'Fire extinguisher', 'Keypad', 'Stove']",35,1,1,1,1,1,1,1,0,0,0,1,1,Entire place
TWELFTH WARD,42.7149,-73.87649,0,Private room,Private room in home,4,1.0,1.5,1,0.06,0,5.0,5.0,5.0,268,f,"[""Smoke alarm"", ""Kitchen"", ""Exterior security cameras on property"", ""Iron"", ""Air conditioning"", ""Fire extinguisher"", ""Lock on bedroom door"", ""Host greets you"", ""Wifi"", ""Dedicated workspace"", ""Carbon monoxide alarm"", ""First aid kit"", ""Indoor fireplace"", ""TV"", ""Free parking on premises"", ""Washer""]",1056469473906808728,"['Smoke alarm', 'Kitchen', 'Exterior security cameras on property', 'Iron', 'Air conditioning', 'Fire extinguisher', 'Lock on bedroom door', 'Host greets you', 'Wifi', 'Dedicated workspace', 'Carbon monoxide alarm', 'First aid kit', 'Indoor fireplace', 'TV', 'Free parking on premises', 'Washer']",16,1,1,1,0,1,1,0,0,0,0,0,1,Private room
SECOND WARD,42.64418,-73.75316,42,Entire home/apt,Entire townhouse,16,5.0,4.0,23,0.95,7,4.7,4.61,4.65,347,f,"[""Smoke alarm"", ""Kitchen"", ""Dishwasher"", ""Wifi"", ""Shower gel"", ""Hot water"", ""Coffee maker"", ""Private entrance"", ""Hair dryer"", ""Body soap"", ""Dryer"", ""Paid parking off premises"", ""TV"", ""Carbon monoxide alarm"", ""Bed linens"", ""Luggage dropoff allowed"", ""Bathtub"", ""Cooking basics"", ""Ceiling fan"", ""Shampoo"", ""Iron"", ""Room-darkening shades"", ""Hot water kettle"", ""Baking sheet"", ""Dedicated workspace"", ""Microwave"", ""Clothing storage"", ""Dining table"", ""Heating"", ""Washer"", ""Smart lock"", ""Extra pillows and blankets"", ""Pets allowed"", ""Long term stays allowed"", ""Oven"", ""Backyard"", ""Noise decibel monitors on property"", ""Air conditioning"", ""Exterior security cameras on property"", ""Essentials"", ""Toaster"", ""Coffee"", ""Laundromat nearby"", ""Patio or balcony"", ""Pack \u2019n play/Travel crib"", ""First aid kit"", ""Conditioner"", ""Game console: PS3"", ""Dishes and silverware"", ""Free parking on premises"", ""Hangers"", ""Refrigerator"", ""Self check-in"", ""Freezer"", ""Free street parking"", ""Fire extinguisher"", ""Paid parking on premises"", ""Bidet"", ""Cleaning available during stay"", ""Stove""]",1061814091773376272,"['Smoke alarm', 'Kitchen', 'Dishwasher', 'Wifi', 'Shower gel', 'Hot water', 'Coffee maker', 'Private entrance', 'Hair dryer', 'Body soap', 'Dryer', 'Paid parking off premises', 'TV', 'Carbon monoxide alarm', 'Bed linens', 'Luggage dropoff allowed', 'Bathtub', 'Cooking basics', 'Ceiling fan', 'Shampoo', 'Iron', 'Room-darkening shades', 'Hot water kettle', 'Baking sheet', 'Dedicated workspace', 'Microwave', 'Clothing storage', 'Dining table', 'Heating', 'Washer', 'Smart lock', 'Extra pillows and blankets', 'Pets allowed', 'Long term stays allowed', 'Oven', 'Backyard', 'Noise decibel monitors on property', 'Air conditioning', 'Exterior security cameras on property', 'Essentials', 'Toaster', 'Coffee', 'Laundromat nearby', 'Patio or balcony', 'Pack ’n play/Travel crib', 'First aid kit', 'Conditioner', 'Game console: PS3', 'Dishes and silverware', 'Free parking on premises', 'Hangers', 'Refrigerator', 'Self check-in', 'Freezer', 'Free street parking', 'Fire extinguisher', 'Paid parking on premises', 'Bidet', 'Cleaning available during stay', 'Stove']",60,1,1,1,1,1,1,1,1,0,0,1,1,Entire place
THIRTEENTH WARD,42.67096,-73.79514,32,Private room,Private room in home,1,1.0,1.5,15,0.6,4,5.0,4.93,5.0,82,t,"[""Smoke alarm"", ""Kitchen"", ""Dishwasher"", ""Wifi"", ""Hot water"", ""Coffee maker"", ""Hair dryer"", ""TV"", ""Carbon monoxide alarm"", ""Bed linens"", ""Bathtub"", ""Cooking basics"", ""Ceiling fan"", ""Baking sheet"", ""Room-darkening shades"", ""Hot water kettle"", ""Wine glasses"", ""Microwave"", ""Clothing storage"", ""Dining table"", ""Heating"", ""Extra pillows and blankets"", ""Long term stays allowed"", ""Oven"", ""Portable fans"", ""Drying rack for clothing"", ""Exterior security cameras on property"", ""Air conditioning"", ""Toaster"", ""Essentials"", ""Patio or balcony"", ""Backyard"", ""Outdoor furniture"", ""First aid kit"", ""Free washer \u2013 In unit"", ""Dishes and silverware"", ""Free parking on premises"", ""Hangers"", ""Refrigerator"", ""Blender"", ""Self check-in"", ""Freezer"", ""Free street parking"", ""Fire extinguisher"", ""Free dryer \u2013 In unit"", ""Cleaning products"", ""Keypad"", ""Stove""]",1062527013885315764,"['Smoke alarm', 'Kitchen', 'Dishwasher', 'Wifi', 'Hot water', 'Coffee maker', 'Hair dryer', 'TV', 'Carbon monoxide alarm', 'Bed linens', 'Bathtub', 'Cooking basics', 'Ceiling fan', 'Baking sheet', 'Room-darkening shades', 'Hot water kettle', 'Wine glasses', 'Microwave', 'Clothing storage', 'Dining table', 'Heating', 'Extra pillows and blankets', 'Long term stays allowed', 'Oven', 'Portable fans', 'Drying rack for clothing', 'Exterior security cameras on property', 'Air conditioning', 'Toaster', 'Essentials', 'Patio or balcony', 'Backyard', 'Outdoor furniture', 'First aid kit', 'Free washer – In unit', 'Dishes and silverware', 'Free parking on premises', 'Hangers', 'Refrigerator', 'Blender', 'Self check-in', 'Freezer', 'Free street parking', 'Fire extinguisher', 'Free dryer – In unit', 'Cleaning products', 'Keypad', 'Stove']",48,1,1,1,1,0,1,1,0,0,0,0,1,Private room
THIRD WARD,42.65975,-73.76311,0,Entire home/apt,Entire rental unit,4,1.0,1.0,1,0.07,0,5.0,5.0,5.0,268,f,"[""Smoke alarm"", ""Kitchen"", ""Stainless steel single oven"", ""Portable air conditioning"", ""Wifi"", ""Hot water"", ""TV"", ""Carbon monoxide alarm"", ""Bed linens"", ""Bathtub"", ""Cooking basics"", ""Baking sheet"", ""Microwave"", ""Dining table"", ""Heating"", ""Long term stays allowed"", ""Pets allowed"", ""Laundromat nearby"", ""First aid kit"", ""Free parking on premises"", ""Dishes and silverware"", ""Window AC unit"", ""Self check-in"", ""Refrigerator"", ""Freezer"", ""Coffee maker: drip coffee maker"", ""Fire extinguisher"", ""Cleaning products"", ""Keypad"", ""Clothing storage: walk-in closet"", ""Shared backyard \u2013 Fully fenced""]",1090781013234004527,"['Smoke alarm', 'Kitchen', 'Stainless steel single oven', 'Portable air conditioning', 'Wifi', 'Hot water', 'TV', 'Carbon monoxide alarm', 'Bed linens', 'Bathtub', 'Cooking basics', 'Baking sheet', 'Microwave', 'Dining table', 'Heating', 'Long term stays allowed', 'Pets allowed', 'Laundromat nearby', 'First aid kit', 'Free parking on premises', 'Dishes and silverware', 'Window AC unit', 'Self check-in', 'Refrigerator', 'Freezer', 'Coffee maker: drip coffee maker', 'Fire extinguisher', 'Cleaning products', 'Keypad', 'Clothing storage: walk-in closet', 'Shared backyard – Fully fenced']",31,1,1,1,1,0,1,1,0,0,0,1,1,Entire place
SECOND WARD,42.64409,-73.75709,192,Entire home/apt,Entire rental unit,2,1.0,1.5,85,3.55,32,4.84,4.79,4.38,39,t,"[""Smoke alarm"", ""Kitchen"", ""Dishwasher"", ""Wifi"", ""Shower gel"", ""Hot water"", ""Hair dryer"", ""TV"", ""Carbon monoxide alarm"", ""Bed linens"", ""Luggage dropoff allowed"", ""Bathtub"", ""Cooking basics"", ""Baking sheet"", ""Shampoo"", ""Iron"", ""Wine glasses"", ""Microwave"", ""Free parking garage on premises"", ""Coffee maker: Keurig coffee machine"", ""Dining table"", ""Long term stays allowed"", ""Oven"", ""Noise decibel monitors on property"", ""Air conditioning"", ""Exterior security cameras on property"", ""Essentials"", ""Coffee"", ""Clothing storage: closet"", ""Central heating"", ""First aid kit"", ""Conditioner"", ""Dishes and silverware"", ""Hangers"", ""Refrigerator"", ""Self check-in"", ""Fire extinguisher"", ""Cleaning products"", ""Keypad"", ""Cleaning available during stay"", ""Stove""]",1091500387329731524,"['Smoke alarm', 'Kitchen', 'Dishwasher', 'Wifi', 'Shower gel', 'Hot water', 'Hair dryer', 'TV', 'Carbon monoxide alarm', 'Bed linens', 'Luggage dropoff allowed', 'Bathtub', 'Cooking basics', 'Baking sheet', 'Shampoo', 'Iron', 'Wine glasses', 'Microwave', 'Free parking garage on premises', 'Coffee maker: Keurig coffee machine', 'Dining table', 'Long term stays allowed', 'Oven', 'Noise decibel monitors on property', 'Air conditioning', 'Exterior security cameras on property', 'Essentials', 'Coffee', 'Clothing storage: closet', 'Central heating', 'First aid kit', 'Conditioner', 'Dishes and silverware', 'Hangers', 'Refrigerator', 'Self check-in', 'Fire extinguisher', 'Cleaning products', 'Keypad', 'Cleaning available during stay', 'Stove']",41,1,1,1,1,0,1,0,0,0,0,0,1,Entire place
SIXTH WARD,42.65269,-73.76567,156,Entire home/apt,Entire rental unit,2,0.0,1.0,64,2.71,26,4.94,4.94,4.83,9,t,"[""Smoke alarm"", ""Kitchen"", ""Dishwasher"", ""Wifi"", ""Hot water"", ""Hair dryer"", ""Body soap"", ""TV"", ""Carbon monoxide alarm"", ""Bed linens"", ""Clothing storage: dresser"", ""Heating - split type ductless system"", ""Bathtub"", ""Cooking basics"", ""Baking sheet"", ""Shampoo"", ""Iron"", ""Wine glasses"", ""Microwave"", ""Coffee maker: Keurig coffee machine"", ""Long term stays allowed"", ""Electric stove"", ""Oven"", ""Air conditioning"", ""Essentials"", ""Laundromat nearby"", ""Conditioner"", ""Dishes and silverware"", ""Hangers"", ""Refrigerator"", ""Self check-in"", ""Lockbox"", ""Cleaning products"", ""Cleaning available during stay""]",1097995825442731795,"['Smoke alarm', 'Kitchen', 'Dishwasher', 'Wifi', 'Hot water', 'Hair dryer', 'Body soap', 'TV', 'Carbon monoxide alarm', 'Bed linens', 'Clothing storage: dresser', 'Heating - split type ductless system', 'Bathtub', 'Cooking basics', 'Baking sheet', 'Shampoo', 'Iron', 'Wine glasses', 'Microwave', 'Coffee maker: Keurig coffee machine', 'Long term stays allowed', 'Electric stove', 'Oven', 'Air conditioning', 'Essentials', 'Laundromat nearby', 'Conditioner', 'Dishes and silverware', 'Hangers', 'Refrigerator', 'Self check-in', 'Lockbox', 'Cleaning products', 'Cleaning available during stay']",34,1,1,0,1,0,1,0,0,0,0,0,1,Entire place
FOURTEENTH WARD,42.67008,-73.80691,126,Entire home/apt,Entire rental unit,5,2.0,1.0,47,2.1,21,4.85,4.83,4.83,246,t,"[""Smoke alarm"", ""Kitchen"", ""Wifi"", ""Hot water"", ""Hair dryer"", ""Body soap"", ""TV"", ""Carbon monoxide alarm"", ""Bed linens"", ""Bathtub"", ""Cooking basics"", ""Ceiling fan"", ""Shampoo"", ""Iron"", ""Hot water kettle"", ""Baking sheet"", ""Dedicated workspace"", ""Microwave"", ""Coffee maker: Keurig coffee machine"", ""Dining table"", ""Washer"", ""Oven"", ""Air conditioning"", ""Toaster"", ""Coffee"", ""Central heating"", ""Conditioner"", ""Free parking on premises"", ""Dishes and silverware"", ""Hangers"", ""Self check-in"", ""Free street parking"", ""Lockbox"", ""Free dryer \u2013 In unit"", ""Cleaning products""]",1100876731732967826,"['Smoke alarm', 'Kitchen', 'Wifi', 'Hot water', 'Hair dryer', 'Body soap', 'TV', 'Carbon monoxide alarm', 'Bed linens', 'Bathtub', 'Cooking basics', 'Ceiling fan', 'Shampoo', 'Iron', 'Hot water kettle', 'Baking sheet', 'Dedicated workspace', 'Microwave', 'Coffee maker: Keurig coffee machine', 'Dining table', 'Washer', 'Oven', 'Air conditioning', 'Toaster', 'Coffee', 'Central heating', 'Conditioner', 'Free parking on premises', 'Dishes and silverware', 'Hangers', 'Self check-in', 'Free street parking', 'Lockbox', 'Free dryer – In unit', 'Cleaning products']",35,1,1,1,1,1,1,0,0,0,0,0,1,Entire place
SIXTH WARD,42.65289,-73.76834,108,Entire home/apt,Entire home,2,1.0,1.0,60,2.54,18,4.62,4.58,4.78,361,t,"[""Smoke alarm"", ""Wifi"", ""Coffee maker"", ""Carbon monoxide alarm"", ""Cooking basics"", ""Hot water kettle"", ""Wine glasses"", ""Microwave"", ""Heating"", ""Oven"", ""Air conditioning"", ""Essentials"", ""Coffee"", ""First aid kit"", ""Dishes and silverware"", ""Blender"", ""Refrigerator"", ""Freezer"", ""Stove""]",1102984130027939637,"['Smoke alarm', 'Wifi', 'Coffee maker', 'Carbon monoxide alarm', 'Cooking basics', 'Hot water kettle', 'Wine glasses', 'Microwave', 'Heating', 'Oven', 'Air conditioning', 'Essentials', 'Coffee', 'First aid kit', 'Dishes and silverware', 'Blender', 'Refrigerator', 'Freezer', 'Stove']",19,1,0,0,0,0,1,0,0,0,0,0,0,Entire place
THIRTEENTH WARD,42.66943,-73.79882,54,Private room,Private room in home,2,1.0,3.0,56,2.36,9,4.96,4.91,4.93,26,t,"[""Smoke alarm"", ""Kitchen"", ""Dishwasher"", ""Wifi"", ""Hot water"", ""Coffee maker"", ""Hot tub"", ""Hair dryer"", ""Body soap"", ""Fire pit"", ""Dryer"", ""Outdoor dining area"", ""TV"", ""Carbon monoxide alarm"", ""Bed linens"", ""Luggage dropoff allowed"", ""Cooking basics"", ""Shampoo"", ""Iron"", ""Hot water kettle"", ""Microwave"", ""Clothing storage"", ""Dining table"", ""Heating"", ""Washer"", ""Extra pillows and blankets"", ""Long term stays allowed"", ""Oven"", ""BBQ grill"", ""Backyard"", ""Exterior security cameras on property"", ""Air conditioning"", ""Essentials"", ""Lock on bedroom door"", ""Coffee"", ""First aid kit"", ""Conditioner"", ""Free parking on premises"", ""Dishes and silverware"", ""Hangers"", ""Refrigerator"", ""Blender"", ""Self check-in"", ""Freezer"", ""Free street parking"", ""Fire extinguisher"", ""Cleaning products"", ""Keypad"", ""Board games"", ""Stove""]",1104977057298366617,"['Smoke alarm', 'Kitchen', 'Dishwasher', 'Wifi', 'Hot water', 'Coffee maker', 'Hot tub', 'Hair dryer', 'Body soap', 'Fire pit', 'Dryer', 'Outdoor dining area', 'TV', 'Carbon monoxide alarm', 'Bed linens', 'Luggage dropoff allowed', 'Cooking basics', 'Shampoo', 'Iron', 'Hot water kettle', 'Microwave', 'Clothing storage', 'Dining table', 'Heating', 'Washer', 'Extra pillows and blankets', 'Long term stays allowed', 'Oven', 'BBQ grill', 'Backyard', 'Exterior security cameras on property', 'Air conditioning', 'Essentials', 'Lock on bedroom door', 'Coffee', 'First aid kit', 'Conditioner', 'Free parking on premises', 'Dishes and silverware', 'Hangers', 'Refrigerator', 'Blender', 'Self check-in', 'Freezer', 'Free street parking', 'Fire extinguisher', 'Cleaning products', 'Keypad', 'Board games', 'Stove']",50,1,1,1,1,0,1,1,0,1,0,0,1,Private room
THIRD WARD,42.65749,-73.75263,0,Entire home/apt,Entire home,4,2.0,1.0,0,,0,,,,265,f,"[""Smoke alarm"", ""Shower gel"", ""Hot water"", ""Hair dryer"", ""Body soap"", ""Carbon monoxide alarm"", ""Bed linens"", ""Bathtub"", ""Shampoo"", ""Clothing storage"", ""Heating"", ""Pets allowed"", ""Exterior security cameras on property"", ""Air conditioning"", ""Conditioner"", ""Hangers"", ""Self check-in"", ""Lockbox"", ""Paid parking on premises"", ""Cleaning products"", ""Bidet""]",1105303461851883481,"['Smoke alarm', 'Shower gel', 'Hot water', 'Hair dryer', 'Body soap', 'Carbon monoxide alarm', 'Bed linens', 'Bathtub', 'Shampoo', 'Clothing storage', 'Heating', 'Pets allowed', 'Exterior security cameras on property', 'Air conditioning', 'Conditioner', 'Hangers', 'Self check-in', 'Lockbox', 'Paid parking on premises', 'Cleaning products', 'Bidet']",21,0,1,1,1,0,1,0,0,0,0,1,0,Entire place
THIRD WARD,42.6564469,-73.7507251,102,Entire home/apt,Entire rental unit,5,1.0,1.0,24,1.04,17,4.5,4.63,4.58,357,f,"[""Smoke alarm"", ""Kitchen"", ""Dishwasher"", ""Stainless steel single oven"", ""Private patio or balcony"", ""Portable air conditioning"", ""Wifi"", ""Shower gel"", ""Hot water"", ""Private entrance"", ""Hair dryer"", ""Body soap"", ""Outdoor dining area"", ""TV"", ""Carbon monoxide alarm"", ""Bed linens"", ""Bathtub"", ""Cooking basics"", ""Ceiling fan"", ""Shampoo"", ""Iron"", ""Wine glasses"", ""Baking sheet"", ""Dedicated workspace"", ""Microwave"", ""Portable heater"", ""Coffee maker: Keurig coffee machine"", ""Dining table"", ""Exercise equipment"", ""Washer"", ""Extra pillows and blankets"", ""Pets allowed"", ""Long term stays allowed"", ""Ping pong table"", ""Portable fans"", ""Radiant heating"", ""Noise decibel monitors on property"", ""Exterior security cameras on property"", ""Essentials"", ""Coffee"", ""First aid kit"", ""Arcade games"", ""Conditioner"", ""Free parking on premises"", ""Dishes and silverware"", ""Self check-in"", ""Refrigerator"", ""Blender"", ""Fire extinguisher"", ""Cleaning products"", ""Keypad"", ""Stove""]",1111221935683053416,"['Smoke alarm', 'Kitchen', 'Dishwasher', 'Stainless steel single oven', 'Private patio or balcony', 'Portable air conditioning', 'Wifi', 'Shower gel', 'Hot water', 'Private entrance', 'Hair dryer', 'Body soap', 'Outdoor dining area', 'TV', 'Carbon monoxide alarm', 'Bed linens', 'Bathtub', 'Cooking basics', 'Ceiling fan', 'Shampoo', 'Iron', 'Wine glasses', 'Baking sheet', 'Dedicated workspace', 'Microwave', 'Portable heater', 'Coffee maker: Keurig coffee machine', 'Dining table', 'Exercise equipment', 'Washer', 'Extra pillows and blankets', 'Pets allowed', 'Long term stays allowed', 'Ping pong table', 'Portable fans', 'Radiant heating', 'Noise decibel monitors on property', 'Exterior security cameras on property', 'Essentials', 'Coffee', 'First aid kit', 'Arcade games', 'Conditioner', 'Free parking on premises', 'Dishes and silverware', 'Self check-in', 'Refrigerator', 'Blender', 'Fire extinguisher', 'Cleaning products', 'Keypad', 'Stove']",52,1,1,1,1,1,1,1,0,1,0,1,1,Entire place
SIXTH WARD,42.65348,-73.7637,114,Entire home/apt,Entire rental unit,2,1.0,0.0,27,1.19,19,4.93,4.81,4.85,360,t,"[""Smoke alarm"", ""Kitchen"", ""Wifi"", ""Shower gel"", ""Hot water"", ""Private entrance"", ""Hair dryer"", ""Body soap"", ""Fire pit"", ""Dryer"", ""TV"", ""Carbon monoxide alarm"", ""Bed linens"", ""Cooking basics"", ""Baking sheet"", ""Shampoo"", ""Iron"", ""Dedicated workspace"", ""Microwave"", ""Heating"", ""Washer"", ""Long term stays allowed"", ""Oven"", ""Exterior security cameras on property"", ""Air conditioning"", ""Toaster"", ""Coffee"", ""First aid kit"", ""Conditioner"", ""Free parking on premises"", ""Self check-in"", ""Refrigerator"", ""Freezer"", ""Coffee maker: drip coffee maker"", ""Free street parking"", ""Fire extinguisher"", ""Keypad"", ""Stove"", ""Private backyard""]",1119691401020641385,"['Smoke alarm', 'Kitchen', 'Wifi', 'Shower gel', 'Hot water', 'Private entrance', 'Hair dryer', 'Body soap', 'Fire pit', 'Dryer', 'TV', 'Carbon monoxide alarm', 'Bed linens', 'Cooking basics', 'Baking sheet', 'Shampoo', 'Iron', 'Dedicated workspace', 'Microwave', 'Heating', 'Washer', 'Long term stays allowed', 'Oven', 'Exterior security cameras on property', 'Air conditioning', 'Toaster', 'Coffee', 'First aid kit', 'Conditioner', 'Free parking on premises', 'Self check-in', 'Refrigerator', 'Freezer', 'Coffee maker: drip coffee maker', 'Free street parking', 'Fire extinguisher', 'Keypad', 'Stove', 'Private backyard']",39,1,1,1,1,1,1,1,0,0,0,0,1,Entire place
SIXTH WARD,42.65194,-73.76526,60,Entire home/apt,Entire rental unit,2,1.0,1.0,33,1.44,10,4.88,4.76,4.94,360,t,"[""Smoke alarm"", ""Kitchen"", ""Wifi"", ""Shower gel"", ""Hot water"", ""Private entrance"", ""Hair dryer"", ""Body soap"", ""Fire pit"", ""Dryer"", ""TV"", ""Carbon monoxide alarm"", ""Bed linens"", ""Cooking basics"", ""Baking sheet"", ""Shampoo"", ""Iron"", ""Dedicated workspace"", ""Microwave"", ""Clothing storage"", ""Dining table"", ""Heating"", ""Washer"", ""Long term stays allowed"", ""Oven"", ""Backyard"", ""Exterior security cameras on property"", ""Air conditioning"", ""Toaster"", ""Coffee"", ""Patio or balcony"", ""Outdoor furniture"", ""First aid kit"", ""Conditioner"", ""Free parking on premises"", ""Dishes and silverware"", ""Hangers"", ""Refrigerator"", ""Self check-in"", ""Freezer"", ""Coffee maker: drip coffee maker"", ""Free street parking"", ""Lockbox"", ""Fire extinguisher"", ""Cleaning products"", ""Stove""]",1120212616553191970,"['Smoke alarm', 'Kitchen', 'Wifi', 'Shower gel', 'Hot water', 'Private entrance', 'Hair dryer', 'Body soap', 'Fire pit', 'Dryer', 'TV', 'Carbon monoxide alarm', 'Bed linens', 'Cooking basics', 'Baking sheet', 'Shampoo', 'Iron', 'Dedicated workspace', 'Microwave', 'Clothing storage', 'Dining table', 'Heating', 'Washer', 'Long term stays allowed', 'Oven', 'Backyard', 'Exterior security cameras on property', 'Air conditioning', 'Toaster', 'Coffee', 'Patio or balcony', 'Outdoor furniture', 'First aid kit', 'Conditioner', 'Free parking on premises', 'Dishes and silverware', 'Hangers', 'Refrigerator', 'Self check-in', 'Freezer', 'Coffee maker: drip coffee maker', 'Free street parking', 'Lockbox', 'Fire extinguisher', 'Cleaning products', 'Stove']",46,1,1,1,1,1,1,1,0,0,0,0,1,Entire place
SIXTH WARD,42.65314,-73.76546,6,Entire home/apt,Entire rental unit,2,1.0,1.0,6,0.27,1,3.83,3.83,4.5,259,f,"[""Smoke alarm"", ""Kitchen"", ""Dishwasher"", ""Wifi"", ""Shower gel"", ""Private entrance"", ""Outdoor dining area"", ""TV"", ""Carbon monoxide alarm"", ""Bed linens"", ""Cooking basics"", ""Wine glasses"", ""Microwave"", ""Dining table"", ""Heating"", ""Smart lock"", ""Oven"", ""Essentials"", ""Dishes and silverware"", ""Hangers"", ""Self check-in"", ""Freezer"", ""Cleaning products"", ""Stove""]",1121699903906738345,"['Smoke alarm', 'Kitchen', 'Dishwasher', 'Wifi', 'Shower gel', 'Private entrance', 'Outdoor dining area', 'TV', 'Carbon monoxide alarm', 'Bed linens', 'Cooking basics', 'Wine glasses', 'Microwave', 'Dining table', 'Heating', 'Smart lock', 'Oven', 'Essentials', 'Dishes and silverware', 'Hangers', 'Self check-in', 'Freezer', 'Cleaning products', 'Stove']",24,1,1,0,1,0,0,1,0,0,0,0,1,Entire place
FIFTEENTH WARD,42.66901,-73.82402,255,Entire home/apt,Entire townhouse,4,2.0,1.0,82,3.68,43,4.85,4.87,4.8,348,t,"[""Smoke alarm"", ""Kitchen"", ""Wifi"", ""Shower gel"", ""Hot water"", ""Hair dryer"", ""TV"", ""Carbon monoxide alarm"", ""Bed linens"", ""Bathtub"", ""Cooking basics"", ""Shampoo"", ""Wine glasses"", ""Dedicated workspace"", ""Microwave"", ""Coffee maker: Keurig coffee machine"", ""Stainless steel oven"", ""Pets allowed"", ""Exterior security cameras on property"", ""Air conditioning"", ""Toaster"", ""Coffee"", ""Central heating"", ""Free parking on premises"", ""Dishes and silverware"", ""Self check-in"", ""Refrigerator"", ""Freezer"", ""Free street parking"", ""Fire extinguisher"", ""Keypad"", ""Stove""]",1123231471304541808,"['Smoke alarm', 'Kitchen', 'Wifi', 'Shower gel', 'Hot water', 'Hair dryer', 'TV', 'Carbon monoxide alarm', 'Bed linens', 'Bathtub', 'Cooking basics', 'Shampoo', 'Wine glasses', 'Dedicated workspace', 'Microwave', 'Coffee maker: Keurig coffee machine', 'Stainless steel oven', 'Pets allowed', 'Exterior security cameras on property', 'Air conditioning', 'Toaster', 'Coffee', 'Central heating', 'Free parking on premises', 'Dishes and silverware', 'Self check-in', 'Refrigerator', 'Freezer', 'Free street parking', 'Fire extinguisher', 'Keypad', 'Stove']",32,1,1,1,1,1,1,0,0,0,0,1,1,Entire place
SECOND WARD,42.646032,-73.760482,18,Entire home/apt,Entire rental unit,2,1.0,1.0,6,0.29,3,4.5,4.33,4.67,187,t,"[""Smoke alarm"", ""Kitchen"", ""Wifi"", ""Shower gel"", ""Hot water"", ""Coffee maker"", ""Private entrance"", ""Hair dryer"", ""Body soap"", ""Fire pit"", ""Outdoor dining area"", ""TV"", ""Bed linens"", ""Bathtub"", ""Cooking basics"", ""Ceiling fan"", ""Shampoo"", ""Iron"", ""Wine glasses"", ""Dining table"", ""Heating"", ""Window guards"", ""Washer"", ""Extra pillows and blankets"", ""Pets allowed"", ""Long term stays allowed"", ""Electric stove"", ""Air conditioning"", ""Toaster"", ""Essentials"", ""Coffee"", ""Single level home"", ""Single oven"", ""Clothing storage: closet"", ""First aid kit"", ""Conditioner"", ""Dishes and silverware"", ""Refrigerator"", ""Freezer"", ""Free street parking"", ""Fire extinguisher"", ""Free dryer \u2013 In unit"", ""Private backyard \u2013 Fully fenced""]",1124558577325015506,"['Smoke alarm', 'Kitchen', 'Wifi', 'Shower gel', 'Hot water', 'Coffee maker', 'Private entrance', 'Hair dryer', 'Body soap', 'Fire pit', 'Outdoor dining area', 'TV', 'Bed linens', 'Bathtub', 'Cooking basics', 'Ceiling fan', 'Shampoo', 'Iron', 'Wine glasses', 'Dining table', 'Heating', 'Window guards', 'Washer', 'Extra pillows and blankets', 'Pets allowed', 'Long term stays allowed', 'Electric stove', 'Air conditioning', 'Toaster', 'Essentials', 'Coffee', 'Single level home', 'Single oven', 'Clothing storage: closet', 'First aid kit', 'Conditioner', 'Dishes and silverware', 'Refrigerator', 'Freezer', 'Free street parking', 'Fire extinguisher', 'Free dryer – In unit', 'Private backyard – Fully fenced']",43,1,1,1,0,0,1,1,1,0,0,1,1,Entire place
SECOND WARD,42.646032,-73.760482,30,Entire home/apt,Entire home,2,1.0,1.5,7,0.31,3,5.0,4.86,4.43,260,t,"[""Smoke alarm"", ""Kitchen"", ""Dishwasher"", ""Private patio or balcony"", ""Wifi"", ""Shower gel"", ""Hot water"", ""Private entrance"", ""Hair dryer"", ""Body soap"", ""Fire pit"", ""Outdoor dining area"", ""TV"", ""Carbon monoxide alarm"", ""Bed linens"", ""Bathtub"", ""Cooking basics"", ""Ceiling fan"", ""Shampoo"", ""Iron"", ""Wine glasses"", ""Baking sheet"", ""Dedicated workspace"", ""Microwave"", ""Dining table"", ""Washer"", ""Long term stays allowed"", ""Pets allowed"", ""Electric stove"", ""Oven"", ""BBQ grill"", ""Exterior security cameras on property"", ""Air conditioning"", ""Toaster"", ""Essentials"", ""Coffee"", ""Outdoor furniture"", ""Books and reading material"", ""Clothing storage: closet"", ""Central heating"", ""First aid kit"", ""Barbecue utensils"", ""Conditioner"", ""Dishes and silverware"", ""Hangers"", ""Refrigerator"", ""Freezer"", ""Coffee maker: drip coffee maker"", ""Free street parking"", ""Fire extinguisher"", ""Free dryer \u2013 In unit"", ""Cleaning products"", ""Indoor fireplace: gas"", ""Shared backyard \u2013 Fully fenced""]",1124632058968031818,"['Smoke alarm', 'Kitchen', 'Dishwasher', 'Private patio or balcony', 'Wifi', 'Shower gel', 'Hot water', 'Private entrance', 'Hair dryer', 'Body soap', 'Fire pit', 'Outdoor dining area', 'TV', 'Carbon monoxide alarm', 'Bed linens', 'Bathtub', 'Cooking basics', 'Ceiling fan', 'Shampoo', 'Iron', 'Wine glasses', 'Baking sheet', 'Dedicated workspace', 'Microwave', 'Dining table', 'Washer', 'Long term stays allowed', 'Pets allowed', 'Electric stove', 'Oven', 'BBQ grill', 'Exterior security cameras on property', 'Air conditioning', 'Toaster', 'Essentials', 'Coffee', 'Outdoor furniture', 'Books and reading material', 'Clothing storage: closet', 'Central heating', 'First aid kit', 'Barbecue utensils', 'Conditioner', 'Dishes and silverware', 'Hangers', 'Refrigerator', 'Freezer', 'Coffee maker: drip coffee maker', 'Free street parking', 'Fire extinguisher', 'Free dryer – In unit', 'Cleaning products', 'Indoor fireplace: gas', 'Shared backyard – Fully fenced']",54,1,1,1,0,1,1,1,0,0,0,1,1,Entire place
THIRD WARD,42.65783832009679,-73.75382158545102,0,Entire home/apt,Entire townhouse,5,2.0,1.0,3,0.15,0,4.67,4.67,3.67,105,f,"[""Smoke alarm"", ""Kitchen"", ""Dishwasher"", ""Wifi"", ""Hot water"", ""Coffee maker"", ""Private entrance"", ""Hair dryer"", ""TV"", ""Carbon monoxide alarm"", ""Bed linens"", ""Bathtub"", ""Cooking basics"", ""Iron"", ""Central air conditioning"", ""Microwave"", ""Dining table"", ""Pets allowed"", ""Oven"", ""Exterior security cameras on property"", ""Toaster"", ""Essentials"", ""Central heating"", ""First aid kit"", ""Free parking on premises"", ""Dishes and silverware"", ""Hangers"", ""Refrigerator"", ""Self check-in"", ""Outdoor playground"", ""Fire extinguisher"", ""Keypad"", ""Board games""]",1128332989288304495,"['Smoke alarm', 'Kitchen', 'Dishwasher', 'Wifi', 'Hot water', 'Coffee maker', 'Private entrance', 'Hair dryer', 'TV', 'Carbon monoxide alarm', 'Bed linens', 'Bathtub', 'Cooking basics', 'Iron', 'Central air conditioning', 'Microwave', 'Dining table', 'Pets allowed', 'Oven', 'Exterior security cameras on property', 'Toaster', 'Essentials', 'Central heating', 'First aid kit', 'Free parking on premises', 'Dishes and silverware', 'Hangers', 'Refrigerator', 'Self check-in', 'Outdoor playground', 'Fire extinguisher', 'Keypad', 'Board games']",33,1,1,1,1,0,1,0,0,0,0,1,1,Entire place
SEVENTH WARD,42.64893,-73.76886,0,Entire home/apt,Entire rental unit,3,1.0,1.0,2,0.1,0,4.0,4.5,4.0,225,f,"[""Smoke alarm"", ""Kitchen"", ""Wifi"", ""Hot water"", ""Private entrance"", ""Hair dryer"", ""TV"", ""Carbon monoxide alarm"", ""Bed linens"", ""Luggage dropoff allowed"", ""Cooking basics"", ""Baking sheet"", ""Iron"", ""Room-darkening shades"", ""Hot water kettle"", ""Wine glasses"", ""Dedicated workspace"", ""Microwave"", ""Coffee maker: Keurig coffee machine"", ""Dining table"", ""Extra pillows and blankets"", ""Pets allowed"", ""Long term stays allowed"", ""Electric stove"", ""Radiant heating"", ""Drying rack for clothing"", ""Air conditioning"", ""Toaster"", ""Single level home"", ""Clothing storage: closet and wardrobe"", ""Free washer \u2013 In unit"", ""Dishes and silverware"", ""Double oven"", ""Hangers"", ""Refrigerator"", ""Blender"", ""Self check-in"", ""Freezer"", ""Lockbox"", ""Free dryer \u2013 In unit"", ""Private backyard \u2013 Fully fenced"", ""Cleaning products""]",1128386510439836615,"['Smoke alarm', 'Kitchen', 'Wifi', 'Hot water', 'Private entrance', 'Hair dryer', 'TV', 'Carbon monoxide alarm', 'Bed linens', 'Luggage dropoff allowed', 'Cooking basics', 'Baking sheet', 'Iron', 'Room-darkening shades', 'Hot water kettle', 'Wine glasses', 'Dedicated workspace', 'Microwave', 'Coffee maker: Keurig coffee machine', 'Dining table', 'Extra pillows and blankets', 'Pets allowed', 'Long term stays allowed', 'Electric stove', 'Radiant heating', 'Drying rack for clothing', 'Air conditioning', 'Toaster', 'Single level home', 'Clothing storage: closet and wardrobe', 'Free washer – In unit', 'Dishes and silverware', 'Double oven', 'Hangers', 'Refrigerator', 'Blender', 'Self check-in', 'Freezer', 'Lockbox', 'Free dryer – In unit', 'Private backyard – Fully fenced', 'Cleaning products']",42,1,1,0,1,1,1,1,0,0,0,1,1,Entire place
FIFTEENTH WARD,42.674853495878494,-73.81692445092622,255,Entire home/apt,Entire rental unit,4,2.0,1.0,97,5.24,70,4.98,4.94,4.89,346,t,"[""Smoke alarm"", ""Kitchen"", ""Portable air conditioning"", ""Wifi"", ""Hot water"", ""Private entrance"", ""Hair dryer"", ""Body soap"", ""TV"", ""Carbon monoxide alarm"", ""Bed linens"", ""Baking sheet"", ""Shampoo"", ""Wine glasses"", ""Dedicated workspace"", ""Microwave"", ""Coffee maker: Keurig coffee machine"", ""Extra pillows and blankets"", ""Oven"", ""Radiant heating"", ""Free driveway parking on premises \u2013 2 spaces"", ""Exterior security cameras on property"", ""Toaster"", ""Essentials"", ""Conditioner"", ""Free washer \u2013 In unit"", ""Dishes and silverware"", ""Hangers"", ""Refrigerator"", ""Self check-in"", ""Freezer"", ""Free dryer \u2013 In unit"", ""Cleaning products"", ""Keypad"", ""Stove""]",1131258472427093335,"['Smoke alarm', 'Kitchen', 'Portable air conditioning', 'Wifi', 'Hot water', 'Private entrance', 'Hair dryer', 'Body soap', 'TV', 'Carbon monoxide alarm', 'Bed linens', 'Baking sheet', 'Shampoo', 'Wine glasses', 'Dedicated workspace', 'Microwave', 'Coffee maker: Keurig coffee machine', 'Extra pillows and blankets', 'Oven', 'Radiant heating', 'Free driveway parking on premises – 2 spaces', 'Exterior security cameras on property', 'Toaster', 'Essentials', 'Conditioner', 'Free washer – In unit', 'Dishes and silverware', 'Hangers', 'Refrigerator', 'Self check-in', 'Freezer', 'Free dryer – In unit', 'Cleaning products', 'Keypad', 'Stove']",35,1,1,1,1,1,1,0,0,0,0,0,1,Entire place
THIRD WARD,42.65909,-73.75691,28,Entire home/apt,Entire rental unit,2,2.0,1.0,2,0.09,1,4.0,4.0,2.5,268,f,"[""Smoke alarm"", ""Kitchen"", ""Housekeeping - available at extra cost"", ""Wifi"", ""Hot water"", ""Coffee maker"", ""TV"", ""Carbon monoxide alarm"", ""Bed linens"", ""Bathtub"", ""Cooking basics"", ""Baking sheet"", ""Room-darkening shades"", ""Dedicated workspace"", ""Microwave"", ""Clothing storage"", ""Heating"", ""Long term stays allowed"", ""Pets allowed"", ""Oven"", ""Air conditioning"", ""Toaster"", ""Coffee"", ""First aid kit"", ""Free parking on premises"", ""Dishes and silverware"", ""Hangers"", ""Refrigerator"", ""Blender"", ""Self check-in"", ""Freezer"", ""Fire extinguisher"", ""Cleaning products"", ""Keypad""]",1134940445251354534,"['Smoke alarm', 'Kitchen', 'Housekeeping - available at extra cost', 'Wifi', 'Hot water', 'Coffee maker', 'TV', 'Carbon monoxide alarm', 'Bed linens', 'Bathtub', 'Cooking basics', 'Baking sheet', 'Room-darkening shades', 'Dedicated workspace', 'Microwave', 'Clothing storage', 'Heating', 'Long term stays allowed', 'Pets allowed', 'Oven', 'Air conditioning', 'Toaster', 'Coffee', 'First aid kit', 'Free parking on premises', 'Dishes and silverware', 'Hangers', 'Refrigerator', 'Blender', 'Self check-in', 'Freezer', 'Fire extinguisher', 'Cleaning products', 'Keypad']",34,1,0,1,1,1,1,0,0,0,0,1,1,Entire place
THIRTEENTH WARD,42.66368,-73.78128,0,Private room,Private room in home,1,1.0,1.0,0,,0,,,,345,t,"[""Smoke alarm"", ""Kitchen"", ""Dishwasher"", ""Wifi"", ""Hot water"", ""Coffee maker"", ""Hair dryer"", ""Dryer"", ""Indoor fireplace"", ""TV"", ""Carbon monoxide alarm"", ""Bed linens"", ""Cooking basics"", ""Baking sheet"", ""Iron"", ""Room-darkening shades"", ""Hot water kettle"", ""Fireplace guards"", ""Microwave"", ""Wine glasses"", ""Clothing storage"", ""Dining table"", ""Heating"", ""Washer"", ""Extra pillows and blankets"", ""Long term stays allowed"", ""Oven"", ""Backyard"", ""Exterior security cameras on property"", ""Air conditioning"", ""Toaster"", ""Essentials"", ""Lock on bedroom door"", ""Laundromat nearby"", ""First aid kit"", ""Dishes and silverware"", ""Hangers"", ""Refrigerator"", ""Self check-in"", ""Freezer"", ""Free street parking"", ""Fire extinguisher"", ""Cleaning products"", ""Keypad"", ""Stove""]",1136433500940918827,"['Smoke alarm', 'Kitchen', 'Dishwasher', 'Wifi', 'Hot water', 'Coffee maker', 'Hair dryer', 'Dryer', 'Indoor fireplace', 'TV', 'Carbon monoxide alarm', 'Bed linens', 'Cooking basics', 'Baking sheet', 'Iron', 'Room-darkening shades', 'Hot water kettle', 'Fireplace guards', 'Microwave', 'Wine glasses', 'Clothing storage', 'Dining table', 'Heating', 'Washer', 'Extra pillows and blankets', 'Long term stays allowed', 'Oven', 'Backyard', 'Exterior security cameras on property', 'Air conditioning', 'Toaster', 'Essentials', 'Lock on bedroom door', 'Laundromat nearby', 'First aid kit', 'Dishes and silverware', 'Hangers', 'Refrigerator', 'Self check-in', 'Freezer', 'Free street parking', 'Fire extinguisher', 'Cleaning products', 'Keypad', 'Stove']",45,1,1,1,1,0,1,1,1,0,0,0,1,Private room
THIRTEENTH WARD,42.67105,-73.7995,56,Entire home/apt,Entire rental unit,2,1.0,,9,0.43,4,5.0,4.89,5.0,262,t,"[""Smoke alarm"", ""Kitchen"", ""Portable air conditioning"", ""Wifi"", ""Hot water"", ""Private entrance"", ""Hair dryer"", ""TV"", ""Carbon monoxide alarm"", ""Bed linens"", ""Wine glasses"", ""Microwave"", ""Clothing storage"", ""Extra pillows and blankets"", ""Pets allowed"", ""Long term stays allowed"", ""Electric stove"", ""Paid washer \u2013 In building"", ""Exterior security cameras on property"", ""Essentials"", ""Outdoor furniture"", ""Books and reading material"", ""Central heating"", ""First aid kit"", ""Free parking on premises"", ""Dishes and silverware"", ""Hangers"", ""Blender"", ""Self check-in"", ""Fire extinguisher"", ""Cleaning products"", ""Keypad"", ""Paid dryer \u2013 In building""]",1142832011692120213,"['Smoke alarm', 'Kitchen', 'Portable air conditioning', 'Wifi', 'Hot water', 'Private entrance', 'Hair dryer', 'TV', 'Carbon monoxide alarm', 'Bed linens', 'Wine glasses', 'Microwave', 'Clothing storage', 'Extra pillows and blankets', 'Pets allowed', 'Long term stays allowed', 'Electric stove', 'Paid washer – In building', 'Exterior security cameras on property', 'Essentials', 'Outdoor furniture', 'Books and reading material', 'Central heating', 'First aid kit', 'Free parking on premises', 'Dishes and silverware', 'Hangers', 'Blender', 'Self check-in', 'Fire extinguisher', 'Cleaning products', 'Keypad', 'Paid dryer – In building']",33,1,1,1,1,0,1,1,0,0,0,1,1,Entire place
SIXTH WARD,42.6524924,-73.7674361,255,Entire home/apt,Entire rental unit,4,1.0,1.0,98,4.52,54,4.85,4.8,4.49,175,t,"[""Smoke alarm"", ""Kitchen"", ""Dishwasher"", ""Wifi"", ""Shower gel"", ""Hot water"", ""Coffee maker"", ""Hair dryer"", ""Body soap"", ""TV"", ""Carbon monoxide alarm"", ""Bed linens"", ""Cooking basics"", ""Shampoo"", ""Iron"", ""Room-darkening shades"", ""Central air conditioning"", ""Hot water kettle"", ""Microwave"", ""Wine glasses"", ""Clothing storage"", ""Dining table"", ""Extra pillows and blankets"", ""Long term stays allowed"", ""Oven"", ""Paid washer \u2013 In building"", ""Exterior security cameras on property"", ""Toaster"", ""Essentials"", ""Coffee"", ""Books and reading material"", ""Central heating"", ""Conditioner"", ""Dishes and silverware"", ""Hangers"", ""Refrigerator"", ""Self check-in"", ""Freezer"", ""Free street parking"", ""Lockbox"", ""Cleaning products"", ""Paid dryer \u2013 In building"", ""Stove""]",1146241260871564965,"['Smoke alarm', 'Kitchen', 'Dishwasher', 'Wifi', 'Shower gel', 'Hot water', 'Coffee maker', 'Hair dryer', 'Body soap', 'TV', 'Carbon monoxide alarm', 'Bed linens', 'Cooking basics', 'Shampoo', 'Iron', 'Room-darkening shades', 'Central air conditioning', 'Hot water kettle', 'Microwave', 'Wine glasses', 'Clothing storage', 'Dining table', 'Extra pillows and blankets', 'Long term stays allowed', 'Oven', 'Paid washer – In building', 'Exterior security cameras on property', 'Toaster', 'Essentials', 'Coffee', 'Books and reading material', 'Central heating', 'Conditioner', 'Dishes and silverware', 'Hangers', 'Refrigerator', 'Self check-in', 'Freezer', 'Free street parking', 'Lockbox', 'Cleaning products', 'Paid dryer – In building', 'Stove']",43,1,1,1,1,0,1,0,0,0,0,0,1,Entire place
SIXTH WARD,42.65274,-73.76779,234,Entire home/apt,Entire rental unit,4,1.0,1.0,93,4.27,39,4.73,4.74,4.44,112,t,"[""Smoke alarm"", ""Kitchen"", ""Dishwasher"", ""Wifi"", ""Shower gel"", ""Hot water"", ""Coffee maker"", ""Hair dryer"", ""Body soap"", ""TV"", ""Carbon monoxide alarm"", ""Bed linens"", ""Cooking basics"", ""Shampoo"", ""Iron"", ""Room-darkening shades"", ""Hot water kettle"", ""Wine glasses"", ""Microwave"", ""Clothing storage"", ""Dining table"", ""Heating"", ""Extra pillows and blankets"", ""Long term stays allowed"", ""Oven"", ""Paid washer \u2013 In building"", ""Exterior security cameras on property"", ""Air conditioning"", ""Toaster"", ""Essentials"", ""Coffee"", ""Books and reading material"", ""Conditioner"", ""Dishes and silverware"", ""Hangers"", ""Refrigerator"", ""Self check-in"", ""Freezer"", ""Free street parking"", ""Lockbox"", ""Cleaning products"", ""Paid dryer \u2013 In building"", ""Stove""]",1147092019793504034,"['Smoke alarm', 'Kitchen', 'Dishwasher', 'Wifi', 'Shower gel', 'Hot water', 'Coffee maker', 'Hair dryer', 'Body soap', 'TV', 'Carbon monoxide alarm', 'Bed linens', 'Cooking basics', 'Shampoo', 'Iron', 'Room-darkening shades', 'Hot water kettle', 'Wine glasses', 'Microwave', 'Clothing storage', 'Dining table', 'Heating', 'Extra pillows and blankets', 'Long term stays allowed', 'Oven', 'Paid washer – In building', 'Exterior security cameras on property', 'Air conditioning', 'Toaster', 'Essentials', 'Coffee', 'Books and reading material', 'Conditioner', 'Dishes and silverware', 'Hangers', 'Refrigerator', 'Self check-in', 'Freezer', 'Free street parking', 'Lockbox', 'Cleaning products', 'Paid dryer – In building', 'Stove']",43,1,1,1,1,0,1,0,0,0,0,0,1,Entire place
SIXTH WARD,42.6586049,-73.76803290000001,54,Entire home/apt,Entire rental unit,3,1.0,1.0,18,0.84,9,4.67,4.72,4.78,267,f,"[""Smoke alarm"", ""Kitchen"", ""Exterior security cameras on property"", ""Air conditioning"", ""Fire extinguisher"", ""Wifi"", ""Dedicated workspace"", ""Carbon monoxide alarm"", ""TV"", ""Washer"", ""Pets allowed""]",1150611568915810847,"['Smoke alarm', 'Kitchen', 'Exterior security cameras on property', 'Air conditioning', 'Fire extinguisher', 'Wifi', 'Dedicated workspace', 'Carbon monoxide alarm', 'TV', 'Washer', 'Pets allowed']",11,1,1,0,0,1,1,0,0,0,0,1,1,Entire place
TENTH WARD,42.66428,-73.79249,0,Private room,Private room in home,1,1.0,1.5,2,0.11,0,5.0,4.5,5.0,257,t,"[""Smoke alarm"", ""Kitchen"", ""Dishwasher"", ""Stainless steel single oven"", ""Clothing storage: closet and dresser"", ""Wifi"", ""Hot water"", ""Hair dryer"", ""Shared backyard"", ""Indoor fireplace"", ""TV"", ""Carbon monoxide alarm"", ""Bed linens"", ""Bathtub"", ""Cooking basics"", ""Ceiling fan"", ""Iron"", ""Baking sheet"", ""Room-darkening shades"", ""Hot water kettle"", ""Wine glasses"", ""Microwave"", ""Dining table"", ""Washer"", ""Extra pillows and blankets"", ""Long term stays allowed"", ""Radiant heating"", ""Exterior security cameras on property"", ""Air conditioning"", ""Toaster"", ""Coffee"", ""Lock on bedroom door"", ""First aid kit"", ""Dishes and silverware"", ""Hangers"", ""Refrigerator"", ""Blender"", ""Self check-in"", ""Freezer"", ""Free street parking"", ""Fire extinguisher"", ""Free dryer \u2013 In unit"", ""Coffee maker: pour-over coffee"", ""Cleaning products"", ""Keypad"", ""Cleaning available during stay"", ""Stainless steel gas stove""]",1158059552251999833,"['Smoke alarm', 'Kitchen', 'Dishwasher', 'Stainless steel single oven', 'Clothing storage: closet and dresser', 'Wifi', 'Hot water', 'Hair dryer', 'Shared backyard', 'Indoor fireplace', 'TV', 'Carbon monoxide alarm', 'Bed linens', 'Bathtub', 'Cooking basics', 'Ceiling fan', 'Iron', 'Baking sheet', 'Room-darkening shades', 'Hot water kettle', 'Wine glasses', 'Microwave', 'Dining table', 'Washer', 'Extra pillows and blankets', 'Long term stays allowed', 'Radiant heating', 'Exterior security cameras on property', 'Air conditioning', 'Toaster', 'Coffee', 'Lock on bedroom door', 'First aid kit', 'Dishes and silverware', 'Hangers', 'Refrigerator', 'Blender', 'Self check-in', 'Freezer', 'Free street parking', 'Fire extinguisher', 'Free dryer – In unit', 'Coffee maker: pour-over coffee', 'Cleaning products', 'Keypad', 'Cleaning available during stay', 'Stainless steel gas stove']",47,1,1,1,1,0,1,1,0,0,0,0,1,Private room
THIRD WARD,42.65845,-73.75926,0,Entire home/apt,Entire rental unit,2,0.0,1.0,0,,0,,,,269,f,"[""BBQ grill"", ""Smoke alarm"", ""Kitchen"", ""Exterior security cameras on property"", ""Air conditioning"", ""Wifi"", ""Dedicated workspace"", ""Carbon monoxide alarm"", ""Fire pit"", ""Outdoor dining area"", ""TV"", ""Free parking on premises"", ""Washer""]",1158239701426064904,"['BBQ grill', 'Smoke alarm', 'Kitchen', 'Exterior security cameras on property', 'Air conditioning', 'Wifi', 'Dedicated workspace', 'Carbon monoxide alarm', 'Fire pit', 'Outdoor dining area', 'TV', 'Free parking on premises', 'Washer']",13,1,1,1,0,1,1,1,0,0,0,0,1,Entire place
SEVENTH WARD,42.64727,-73.76758,30,Entire home/apt,Entire rental unit,3,1.0,1.0,15,0.76,5,4.4,4.27,4.53,323,f,"[""Smoke alarm"", ""Kitchen"", ""Dishwasher"", ""Wifi"", ""Shower gel"", ""Hot water"", ""Private entrance"", ""Hair dryer"", ""Dryer"", ""TV"", ""Carbon monoxide alarm"", ""Bed linens"", ""Cooking basics"", ""Shampoo"", ""Iron"", ""Room-darkening shades"", ""Wine glasses"", ""Dedicated workspace"", ""Microwave"", ""Coffee maker: Keurig coffee machine"", ""Clothing storage"", ""Dining table"", ""Heating"", ""Washer"", ""Extra pillows and blankets"", ""Pets allowed"", ""Long term stays allowed"", ""Oven"", ""Air conditioning"", ""Essentials"", ""Coffee"", ""Single level home"", ""Free parking on premises"", ""Dishes and silverware"", ""Hangers"", ""Refrigerator"", ""Self check-in"", ""Freezer"", ""Cleaning products"", ""Keypad"", ""Hockey rink"", ""Cleaning available during stay"", ""Stove""]",1164651175585600815,"['Smoke alarm', 'Kitchen', 'Dishwasher', 'Wifi', 'Shower gel', 'Hot water', 'Private entrance', 'Hair dryer', 'Dryer', 'TV', 'Carbon monoxide alarm', 'Bed linens', 'Cooking basics', 'Shampoo', 'Iron', 'Room-darkening shades', 'Wine glasses', 'Dedicated workspace', 'Microwave', 'Coffee maker: Keurig coffee machine', 'Clothing storage', 'Dining table', 'Heating', 'Washer', 'Extra pillows and blankets', 'Pets allowed', 'Long term stays allowed', 'Oven', 'Air conditioning', 'Essentials', 'Coffee', 'Single level home', 'Free parking on premises', 'Dishes and silverware', 'Hangers', 'Refrigerator', 'Self check-in', 'Freezer', 'Cleaning products', 'Keypad', 'Hockey rink', 'Cleaning available during stay', 'Stove']",43,1,1,1,1,1,1,0,0,0,0,1,1,Entire place
SIXTH WARD,42.65314,-73.7653,246,Entire home/apt,Entire rental unit,4,2.0,2.0,72,3.5,41,4.92,4.86,4.81,37,t,"[""Smoke alarm"", ""Kitchen"", ""Dishwasher"", ""Wifi"", ""Hot water"", ""Hair dryer"", ""Body soap"", ""TV"", ""Carbon monoxide alarm"", ""Bed linens"", ""Heating - split type ductless system"", ""Bathtub"", ""Cooking basics"", ""Baking sheet"", ""Shampoo"", ""Iron"", ""Wine glasses"", ""Microwave"", ""Extra pillows and blankets"", ""Long term stays allowed"", ""Oven"", ""Air conditioning"", ""Toaster"", ""Coffee"", ""Books and reading material"", ""Clothing storage: closet"", ""Conditioner"", ""Dishes and silverware"", ""Hangers"", ""Refrigerator"", ""Blender"", ""Self check-in"", ""Free street parking"", ""Coffee maker: drip coffee maker, Keurig coffee machine"", ""Cleaning products"", ""Keypad"", ""Stove""]",1171795874799450911,"['Smoke alarm', 'Kitchen', 'Dishwasher', 'Wifi', 'Hot water', 'Hair dryer', 'Body soap', 'TV', 'Carbon monoxide alarm', 'Bed linens', 'Heating - split type ductless system', 'Bathtub', 'Cooking basics', 'Baking sheet', 'Shampoo', 'Iron', 'Wine glasses', 'Microwave', 'Extra pillows and blankets', 'Long term stays allowed', 'Oven', 'Air conditioning', 'Toaster', 'Coffee', 'Books and reading material', 'Clothing storage: closet', 'Conditioner', 'Dishes and silverware', 'Hangers', 'Refrigerator', 'Blender', 'Self check-in', 'Free street parking', 'Coffee maker: drip coffee maker, Keurig coffee machine', 'Cleaning products', 'Keypad', 'Stove']",37,1,1,1,1,0,1,0,0,0,0,0,1,Entire place
SEVENTH WARD,42.64442,-73.77938,84,Entire home/apt,Entire home,6,4.0,2.0,29,1.51,14,4.97,4.86,4.86,42,t,"[""Smoke alarm"", ""Kitchen"", ""Dishwasher"", ""Clothing storage: closet and dresser"", ""Wifi"", ""Shower gel"", ""Hot water"", ""Hair dryer"", ""Body soap"", ""TV"", ""Carbon monoxide alarm"", ""Bed linens"", ""Bathtub"", ""Cooking basics"", ""Baking sheet"", ""Shampoo"", ""Iron"", ""Wine glasses"", ""Microwave"", ""Free parking garage on premises"", ""Coffee maker: Keurig coffee machine"", ""Dining table"", ""Heating"", ""Oven"", ""Air conditioning"", ""Toaster"", ""Coffee"", ""First aid kit"", ""Conditioner"", ""Dishes and silverware"", ""Hangers"", ""Refrigerator"", ""Self check-in"", ""Lockbox"", ""Cleaning products"", ""Stove""]",1173390858101803102,"['Smoke alarm', 'Kitchen', 'Dishwasher', 'Clothing storage: closet and dresser', 'Wifi', 'Shower gel', 'Hot water', 'Hair dryer', 'Body soap', 'TV', 'Carbon monoxide alarm', 'Bed linens', 'Bathtub', 'Cooking basics', 'Baking sheet', 'Shampoo', 'Iron', 'Wine glasses', 'Microwave', 'Free parking garage on premises', 'Coffee maker: Keurig coffee machine', 'Dining table', 'Heating', 'Oven', 'Air conditioning', 'Toaster', 'Coffee', 'First aid kit', 'Conditioner', 'Dishes and silverware', 'Hangers', 'Refrigerator', 'Self check-in', 'Lockbox', 'Cleaning products', 'Stove']",36,1,1,1,1,0,1,0,0,0,0,0,1,Entire place
THIRTEENTH WARD,42.66894,-73.79549,132,Entire home/apt,Entire rental unit,6,3.0,2.0,68,3.34,22,4.94,4.94,4.9,256,t,"[""Smoke alarm"", ""Kitchen"", ""Dishwasher"", ""Private patio or balcony"", ""Clothing storage: closet and dresser"", ""Wifi"", ""Hot water"", ""Private entrance"", ""Hair dryer"", ""Body soap"", ""TV"", ""Carbon monoxide alarm"", ""Bed linens"", ""Cooking basics"", ""Baking sheet"", ""Shampoo"", ""Iron"", ""Room-darkening shades"", ""Wine glasses"", ""Dedicated workspace"", ""Microwave"", ""Dining table"", ""Stainless steel oven"", ""Extra pillows and blankets"", ""Pets allowed"", ""Radiant heating"", ""Portable fans"", ""Air conditioning"", ""Toaster"", ""Essentials"", ""Coffee"", ""Laundromat nearby"", ""Books and reading material"", ""First aid kit"", ""Conditioner"", ""Dishes and silverware"", ""Hangers"", ""Refrigerator"", ""Blender"", ""Self check-in"", ""Freezer"", ""Coffee maker: drip coffee maker"", ""Free street parking"", ""Fire extinguisher"", ""Keypad"", ""Stainless steel gas stove""]",1174544643387116469,"['Smoke alarm', 'Kitchen', 'Dishwasher', 'Private patio or balcony', 'Clothing storage: closet and dresser', 'Wifi', 'Hot water', 'Private entrance', 'Hair dryer', 'Body soap', 'TV', 'Carbon monoxide alarm', 'Bed linens', 'Cooking basics', 'Baking sheet', 'Shampoo', 'Iron', 'Room-darkening shades', 'Wine glasses', 'Dedicated workspace', 'Microwave', 'Dining table', 'Stainless steel oven', 'Extra pillows and blankets', 'Pets allowed', 'Radiant heating', 'Portable fans', 'Air conditioning', 'Toaster', 'Essentials', 'Coffee', 'Laundromat nearby', 'Books and reading material', 'First aid kit', 'Conditioner', 'Dishes and silverware', 'Hangers', 'Refrigerator', 'Blender', 'Self check-in', 'Freezer', 'Coffee maker: drip coffee maker', 'Free street parking', 'Fire extinguisher', 'Keypad', 'Stainless steel gas stove']",46,1,1,1,1,1,1,1,0,0,0,1,1,Entire place
SIXTH WARD,42.6534205,-73.7639758,102,Entire home/apt,Entire rental unit,2,0.0,1.0,36,1.79,17,4.86,4.83,4.89,54,f,"[""Smoke alarm"", ""Kitchen"", ""Ethernet connection"", ""Wifi"", ""Shower gel"", ""Hot water"", ""Hair dryer"", ""Body soap"", ""Mini fridge"", ""TV"", ""Carbon monoxide alarm"", ""Bed linens"", ""Cooking basics"", ""Shampoo"", ""Iron"", ""Room-darkening shades"", ""Hot water kettle"", ""Wine glasses"", ""Dedicated workspace"", ""Microwave"", ""Coffee maker: Keurig coffee machine"", ""Clothing storage"", ""Exercise equipment"", ""Long term stays allowed"", ""Oven"", ""Paid washer \u2013 In building"", ""Essentials"", ""Coffee"", ""Laundromat nearby"", ""Central heating"", ""First aid kit"", ""Conditioner"", ""Window AC unit"", ""Dishes and silverware"", ""Self check-in"", ""Refrigerator"", ""Freezer"", ""Free street parking"", ""Gym in building"", ""Lockbox"", ""Fire extinguisher"", ""Cleaning products"", ""Paid dryer \u2013 In building"", ""Stove""]",1182574461437954732,"['Smoke alarm', 'Kitchen', 'Ethernet connection', 'Wifi', 'Shower gel', 'Hot water', 'Hair dryer', 'Body soap', 'Mini fridge', 'TV', 'Carbon monoxide alarm', 'Bed linens', 'Cooking basics', 'Shampoo', 'Iron', 'Room-darkening shades', 'Hot water kettle', 'Wine glasses', 'Dedicated workspace', 'Microwave', 'Coffee maker: Keurig coffee machine', 'Clothing storage', 'Exercise equipment', 'Long term stays allowed', 'Oven', 'Paid washer – In building', 'Essentials', 'Coffee', 'Laundromat nearby', 'Central heating', 'First aid kit', 'Conditioner', 'Window AC unit', 'Dishes and silverware', 'Self check-in', 'Refrigerator', 'Freezer', 'Free street parking', 'Gym in building', 'Lockbox', 'Fire extinguisher', 'Cleaning products', 'Paid dryer – In building', 'Stove']",44,1,1,1,1,1,1,0,0,1,0,0,1,Entire place
SIXTH WARD,42.65227,-73.7646,150,Entire home/apt,Entire rental unit,2,0.0,1.0,40,2.07,25,4.78,4.68,4.83,53,f,"[""Smoke alarm"", ""Kitchen"", ""Ethernet connection"", ""Wifi"", ""Shower gel"", ""Hot water"", ""Hair dryer"", ""Body soap"", ""Mini fridge"", ""TV"", ""Carbon monoxide alarm"", ""Bed linens"", ""Shared gym in building"", ""Cooking basics"", ""Shampoo"", ""Iron"", ""Room-darkening shades"", ""Hot water kettle"", ""Wine glasses"", ""Dedicated workspace"", ""Microwave"", ""Coffee maker: Keurig coffee machine"", ""Clothing storage"", ""Exercise equipment"", ""Long term stays allowed"", ""Oven"", ""Paid washer \u2013 In building"", ""Exterior security cameras on property"", ""Essentials"", ""Coffee"", ""Central heating"", ""First aid kit"", ""Conditioner"", ""Window AC unit"", ""Dishes and silverware"", ""Hangers"", ""Refrigerator"", ""Self check-in"", ""Freezer"", ""Free street parking"", ""Lockbox"", ""Fire extinguisher"", ""Cleaning products"", ""Paid dryer \u2013 In building"", ""Stove""]",1183457852972127594,"['Smoke alarm', 'Kitchen', 'Ethernet connection', 'Wifi', 'Shower gel', 'Hot water', 'Hair dryer', 'Body soap', 'Mini fridge', 'TV', 'Carbon monoxide alarm', 'Bed linens', 'Shared gym in building', 'Cooking basics', 'Shampoo', 'Iron', 'Room-darkening shades', 'Hot water kettle', 'Wine glasses', 'Dedicated workspace', 'Microwave', 'Coffee maker: Keurig coffee machine', 'Clothing storage', 'Exercise equipment', 'Long term stays allowed', 'Oven', 'Paid washer – In building', 'Exterior security cameras on property', 'Essentials', 'Coffee', 'Central heating', 'First aid kit', 'Conditioner', 'Window AC unit', 'Dishes and silverware', 'Hangers', 'Refrigerator', 'Self check-in', 'Freezer', 'Free street parking', 'Lockbox', 'Fire extinguisher', 'Cleaning products', 'Paid dryer – In building', 'Stove']",45,1,1,1,1,1,1,0,0,1,0,0,1,Entire place
SIXTH WARD,42.6524,-73.76351,156,Entire home/apt,Entire rental unit,2,0.0,1.0,33,1.65,26,4.76,4.64,4.73,51,f,"[""Smoke alarm"", ""Kitchen"", ""Ethernet connection"", ""Wifi"", ""Shower gel"", ""Hot water"", ""Coffee maker"", ""Hair dryer"", ""Body soap"", ""Mini fridge"", ""TV"", ""Carbon monoxide alarm"", ""Bed linens"", ""Cooking basics"", ""Shampoo"", ""Iron"", ""Room-darkening shades"", ""Hot water kettle"", ""Wine glasses"", ""Dedicated workspace"", ""Microwave"", ""Clothing storage"", ""Dining table"", ""Long term stays allowed"", ""Oven"", ""Paid washer \u2013 In building"", ""Exterior security cameras on property"", ""Essentials"", ""Coffee"", ""Central heating"", ""First aid kit"", ""Conditioner"", ""Window AC unit"", ""Dishes and silverware"", ""Hangers"", ""Refrigerator"", ""Self check-in"", ""Freezer"", ""Free street parking"", ""Gym in building"", ""Lockbox"", ""Fire extinguisher"", ""Cleaning products"", ""Paid dryer \u2013 In building"", ""Stove""]",1183460523409924571,"['Smoke alarm', 'Kitchen', 'Ethernet connection', 'Wifi', 'Shower gel', 'Hot water', 'Coffee maker', 'Hair dryer', 'Body soap', 'Mini fridge', 'TV', 'Carbon monoxide alarm', 'Bed linens', 'Cooking basics', 'Shampoo', 'Iron', 'Room-darkening shades', 'Hot water kettle', 'Wine glasses', 'Dedicated workspace', 'Microwave', 'Clothing storage', 'Dining table', 'Long term stays allowed', 'Oven', 'Paid washer – In building', 'Exterior security cameras on property', 'Essentials', 'Coffee', 'Central heating', 'First aid kit', 'Conditioner', 'Window AC unit', 'Dishes and silverware', 'Hangers', 'Refrigerator', 'Self check-in', 'Freezer', 'Free street parking', 'Gym in building', 'Lockbox', 'Fire extinguisher', 'Cleaning products', 'Paid dryer – In building', 'Stove']",45,1,1,1,1,1,1,0,0,1,0,0,1,Entire place
SIXTH WARD,42.65327,-73.76181,255,Entire home/apt,Entire rental unit,3,1.0,1.0,207,10.44,127,4.93,4.88,4.9,105,t,"[""Smoke alarm"", ""Kitchen"", ""Wifi"", ""Shower gel"", ""Hot water"", ""Coffee maker"", ""Hair dryer"", ""Body soap"", ""Dryer"", ""Carbon monoxide alarm"", ""Bed linens"", ""Cooking basics"", ""Baking sheet"", ""Shampoo"", ""Iron"", ""Hot water kettle"", ""TV with standard cable"", ""Dedicated workspace"", ""Yamaha sound system with aux"", ""Microwave"", ""Heating"", ""Washer"", ""Smart lock"", ""Pets allowed"", ""Electric stove"", ""Oven"", ""Backyard"", ""Exterior security cameras on property"", ""Air conditioning"", ""Essentials"", ""Coffee"", ""Books and reading material"", ""First aid kit"", ""Conditioner"", ""Dishes and silverware"", ""Crib"", ""Self check-in"", ""Refrigerator"", ""Freezer"", ""Free street parking"", ""Fire extinguisher""]",1185537980724624711,"['Smoke alarm', 'Kitchen', 'Wifi', 'Shower gel', 'Hot water', 'Coffee maker', 'Hair dryer', 'Body soap', 'Dryer', 'Carbon monoxide alarm', 'Bed linens', 'Cooking basics', 'Baking sheet', 'Shampoo', 'Iron', 'Hot water kettle', 'TV with standard cable', 'Dedicated workspace', 'Yamaha sound system with aux', 'Microwave', 'Heating', 'Washer', 'Smart lock', 'Pets allowed', 'Electric stove', 'Oven', 'Backyard', 'Exterior security cameras on property', 'Air conditioning', 'Essentials', 'Coffee', 'Books and reading material', 'First aid kit', 'Conditioner', 'Dishes and silverware', 'Crib', 'Self check-in', 'Refrigerator', 'Freezer', 'Free street parking', 'Fire extinguisher']",41,1,1,1,1,1,1,1,1,0,0,1,1,Entire place
FOURTEENTH WARD,42.66612,-73.79275,0,Private room,Private room in home,1,1.0,1.5,0,,0,,,,207,t,"[""Smoke alarm"", ""Kitchen"", ""Dishwasher"", ""Wifi"", ""Hot water"", ""Hair dryer"", ""Dryer"", ""Indoor fireplace"", ""TV"", ""Carbon monoxide alarm"", ""Bed linens"", ""Bathtub"", ""Cooking basics"", ""Ceiling fan"", ""Iron"", ""Baking sheet"", ""Room-darkening shades"", ""Hot water kettle"", ""Wine glasses"", ""Microwave"", ""Clothing storage"", ""Dining table"", ""Heating"", ""Washer"", ""Extra pillows and blankets"", ""Long term stays allowed"", ""Oven"", ""Portable fans"", ""Backyard"", ""Exterior security cameras on property"", ""Air conditioning"", ""Toaster"", ""Lock on bedroom door"", ""First aid kit"", ""Dishes and silverware"", ""Hangers"", ""Refrigerator"", ""Blender"", ""Self check-in"", ""Freezer"", ""Free street parking"", ""Fire extinguisher"", ""Coffee maker: pour-over coffee"", ""Cleaning products"", ""Keypad"", ""Cleaning available during stay"", ""Stove"", ""Smoking allowed""]",1185591493744586895,"['Smoke alarm', 'Kitchen', 'Dishwasher', 'Wifi', 'Hot water', 'Hair dryer', 'Dryer', 'Indoor fireplace', 'TV', 'Carbon monoxide alarm', 'Bed linens', 'Bathtub', 'Cooking basics', 'Ceiling fan', 'Iron', 'Baking sheet', 'Room-darkening shades', 'Hot water kettle', 'Wine glasses', 'Microwave', 'Clothing storage', 'Dining table', 'Heating', 'Washer', 'Extra pillows and blankets', 'Long term stays allowed', 'Oven', 'Portable fans', 'Backyard', 'Exterior security cameras on property', 'Air conditioning', 'Toaster', 'Lock on bedroom door', 'First aid kit', 'Dishes and silverware', 'Hangers', 'Refrigerator', 'Blender', 'Self check-in', 'Freezer', 'Free street parking', 'Fire extinguisher', 'Coffee maker: pour-over coffee', 'Cleaning products', 'Keypad', 'Cleaning available during stay', 'Stove', 'Smoking allowed']",48,1,1,1,1,0,1,1,0,0,0,0,1,Private room
SIXTH WARD,42.65333,-73.7711,132,Entire home/apt,Entire home,4,2.0,1.0,37,2.15,22,4.89,4.76,4.89,354,t,"[""Smoke alarm"", ""Bathtub"", ""Shampoo"", ""Air conditioning"", ""Wifi"", ""Carbon monoxide alarm"", ""Hot water"", ""Hair dryer"", ""Body soap"", ""TV"", ""Free parking on premises"", ""Washer""]",1189245100874558445,"['Smoke alarm', 'Bathtub', 'Shampoo', 'Air conditioning', 'Wifi', 'Carbon monoxide alarm', 'Hot water', 'Hair dryer', 'Body soap', 'TV', 'Free parking on premises', 'Washer']",12,0,1,1,0,0,1,0,0,0,0,0,1,Entire place
TENTH WARD,42.66215,-73.79048,168,Entire home/apt,Entire home,2,1.0,1.0,50,2.58,28,4.78,4.7,4.8,365,t,"[""Kitchen"", ""Air conditioning"", ""Wifi"", ""TV"", ""Free parking on premises"", ""Washer""]",1189249179392132534,"['Kitchen', 'Air conditioning', 'Wifi', 'TV', 'Free parking on premises', 'Washer']",6,1,1,1,0,0,1,0,0,0,0,0,1,Entire place
TENTH WARD,42.6605291,-73.7831549,0,Private room,Private room in home,1,1.0,1.0,0,,0,,,,350,f,"[""Smoke alarm"", ""Kitchen"", ""Clothing storage: closet and dresser"", ""Gas stove"", ""Wifi"", ""Hot water"", ""Private entrance"", ""Outdoor dining area"", ""TV"", ""Carbon monoxide alarm"", ""Bed linens"", ""Bathtub"", ""Cooking basics"", ""Ceiling fan"", ""Iron"", ""Room-darkening shades"", ""Dedicated workspace"", ""Microwave"", ""Dining table"", ""Stainless steel oven"", ""Washer"", ""Long term stays allowed"", ""Radiant heating"", ""Air conditioning"", ""Lock on bedroom door"", ""Private BBQ grill"", ""Free parking on premises"", ""Paid parking garage off premises"", ""Hangers"", ""Self check-in"", ""Whirlpool  refrigerator"", ""Lockbox"", ""Cleaning products"", ""Private living room"", ""Private backyard""]",1191895319439613036,"['Smoke alarm', 'Kitchen', 'Clothing storage: closet and dresser', 'Gas stove', 'Wifi', 'Hot water', 'Private entrance', 'Outdoor dining area', 'TV', 'Carbon monoxide alarm', 'Bed linens', 'Bathtub', 'Cooking basics', 'Ceiling fan', 'Iron', 'Room-darkening shades', 'Dedicated workspace', 'Microwave', 'Dining table', 'Stainless steel oven', 'Washer', 'Long term stays allowed', 'Radiant heating', 'Air conditioning', 'Lock on bedroom door', 'Private BBQ grill', 'Free parking on premises', 'Paid parking garage off premises', 'Hangers', 'Self check-in', 'Whirlpool  refrigerator', 'Lockbox', 'Cleaning products', 'Private living room', 'Private backyard']",35,1,1,1,1,1,1,1,0,1,0,0,1,Private room
SIXTH WARD,42.655732,-73.764735,0,Entire home/apt,Entire condo,2,1.0,1.0,0,,0,,,,355,f,"[""Smoke alarm"", ""Kitchen"", ""Dishwasher"", ""Wifi"", ""Hot water"", ""Coffee maker"", ""Private entrance"", ""Indoor fireplace"", ""TV"", ""Carbon monoxide alarm"", ""Bed linens"", ""Cooking basics"", ""Ceiling fan"", ""Shampoo"", ""Iron"", ""Elevator"", ""Dedicated workspace"", ""Microwave"", ""Dining table"", ""Oven"", ""Patio or balcony"", ""Toaster"", ""Essentials"", ""Central heating"", ""First aid kit"", ""Free parking on premises"", ""Window AC unit"", ""Dishes and silverware"", ""Hangers"", ""Refrigerator"", ""Blender"", ""Self check-in"", ""Fire extinguisher"", ""Keypad""]",1196459023545165129,"['Smoke alarm', 'Kitchen', 'Dishwasher', 'Wifi', 'Hot water', 'Coffee maker', 'Private entrance', 'Indoor fireplace', 'TV', 'Carbon monoxide alarm', 'Bed linens', 'Cooking basics', 'Ceiling fan', 'Shampoo', 'Iron', 'Elevator', 'Dedicated workspace', 'Microwave', 'Dining table', 'Oven', 'Patio or balcony', 'Toaster', 'Essentials', 'Central heating', 'First aid kit', 'Free parking on premises', 'Window AC unit', 'Dishes and silverware', 'Hangers', 'Refrigerator', 'Blender', 'Self check-in', 'Fire extinguisher', 'Keypad']",34,1,1,1,1,1,1,1,0,0,0,0,1,Entire place
TENTH WARD,42.66269,-73.78163,0,Private room,Private room in home,1,1.0,1.0,0,,0,,,,323,t,"[""Smoke alarm"", ""Kitchen"", ""Dishwasher"", ""Wifi"", ""Hot water"", ""Coffee maker"", ""Hair dryer"", ""Dryer"", ""Indoor fireplace"", ""TV"", ""Carbon monoxide alarm"", ""Bed linens"", ""Cooking basics"", ""Baking sheet"", ""Iron"", ""Room-darkening shades"", ""Hot water kettle"", ""Fireplace guards"", ""Microwave"", ""Wine glasses"", ""Clothing storage"", ""Dining table"", ""Heating"", ""Washer"", ""Extra pillows and blankets"", ""Long term stays allowed"", ""Oven"", ""Backyard"", ""Exterior security cameras on property"", ""Air conditioning"", ""Toaster"", ""Essentials"", ""Lock on bedroom door"", ""Laundromat nearby"", ""Shared patio or balcony"", ""First aid kit"", ""Dishes and silverware"", ""Hangers"", ""Refrigerator"", ""Blender"", ""Self check-in"", ""Freezer"", ""Free street parking"", ""Fire extinguisher"", ""Cleaning products"", ""Keypad"", ""Stove"", ""Smoking allowed""]",1198592120169206200,"['Smoke alarm', 'Kitchen', 'Dishwasher', 'Wifi', 'Hot water', 'Coffee maker', 'Hair dryer', 'Dryer', 'Indoor fireplace', 'TV', 'Carbon monoxide alarm', 'Bed linens', 'Cooking basics', 'Baking sheet', 'Iron', 'Room-darkening shades', 'Hot water kettle', 'Fireplace guards', 'Microwave', 'Wine glasses', 'Clothing storage', 'Dining table', 'Heating', 'Washer', 'Extra pillows and blankets', 'Long term stays allowed', 'Oven', 'Backyard', 'Exterior security cameras on property', 'Air conditioning', 'Toaster', 'Essentials', 'Lock on bedroom door', 'Laundromat nearby', 'Shared patio or balcony', 'First aid kit', 'Dishes and silverware', 'Hangers', 'Refrigerator', 'Blender', 'Self check-in', 'Freezer', 'Free street parking', 'Fire extinguisher', 'Cleaning products', 'Keypad', 'Stove', 'Smoking allowed']",48,1,1,1,1,0,1,1,1,0,0,0,1,Private room
NINTH WARD,42.65506735928797,-73.79768460988998,6,Private room,Private room in home,1,8.0,3.0,6,0.31,1,5.0,5.0,5.0,5,t,"[""Smoke alarm"", ""Kitchen"", ""Dishwasher"", ""Wifi"", ""Hot water"", ""Hair dryer"", ""Shared backyard"", ""Mini fridge"", ""TV"", ""Carbon monoxide alarm"", ""Bed linens"", ""Luggage dropoff allowed"", ""Bathtub"", ""Cooking basics"", ""Baking sheet"", ""Iron"", ""Room-darkening shades"", ""Free dryer \u2013 In building"", ""Dedicated workspace"", ""Microwave"", ""Clothing storage"", ""Dining table"", ""Washer"", ""Extra pillows and blankets"", ""Long term stays allowed"", ""Oven"", ""BBQ grill"", ""Portable fans"", ""Exterior security cameras on property"", ""Air conditioning"", ""Toaster"", ""Coffee"", ""Laundromat nearby"", ""Outdoor furniture"", ""Books and reading material"", ""Central heating"", ""First aid kit"", ""Free parking on premises"", ""Dishes and silverware"", ""Hangers"", ""Refrigerator"", ""Self check-in"", ""Freezer"", ""Free street parking"", ""Fire extinguisher"", ""Coffee maker: drip coffee maker, Keurig coffee machine"", ""Cleaning products"", ""Keypad"", ""Board games"", ""Cleaning available during stay"", ""Stove""]",1201525324551556925,"['Smoke alarm', 'Kitchen', 'Dishwasher', 'Wifi', 'Hot water', 'Hair dryer', 'Shared backyard', 'Mini fridge', 'TV', 'Carbon monoxide alarm', 'Bed linens', 'Luggage dropoff allowed', 'Bathtub', 'Cooking basics', 'Baking sheet', 'Iron', 'Room-darkening shades', 'Free dryer – In building', 'Dedicated workspace', 'Microwave', 'Clothing storage', 'Dining table', 'Washer', 'Extra pillows and blankets', 'Long term stays allowed', 'Oven', 'BBQ grill', 'Portable fans', 'Exterior security cameras on property', 'Air conditioning', 'Toaster', 'Coffee', 'Laundromat nearby', 'Outdoor furniture', 'Books and reading material', 'Central heating', 'First aid kit', 'Free parking on premises', 'Dishes and silverware', 'Hangers', 'Refrigerator', 'Self check-in', 'Freezer', 'Free street parking', 'Fire extinguisher', 'Coffee maker: drip coffee maker, Keurig coffee machine', 'Cleaning products', 'Keypad', 'Board games', 'Cleaning available during stay', 'Stove']",51,1,1,1,1,1,1,1,0,0,0,0,1,Private room
TENTH WARD,42.6639,-73.7927,0,Private room,Private room in home,1,1.0,1.5,0,,0,,,,365,t,"[""Smoke alarm"", ""Kitchen"", ""Dishwasher"", ""Wifi"", ""Hot water"", ""Hair dryer"", ""Dryer"", ""Indoor fireplace"", ""TV"", ""Carbon monoxide alarm"", ""Bed linens"", ""Bathtub"", ""Cooking basics"", ""Ceiling fan"", ""Iron"", ""Baking sheet"", ""Room-darkening shades"", ""Hot water kettle"", ""Wine glasses"", ""Microwave"", ""Clothing storage"", ""Dining table"", ""Heating"", ""Washer"", ""Extra pillows and blankets"", ""Long term stays allowed"", ""Oven"", ""Portable fans"", ""Backyard"", ""Exterior security cameras on property"", ""Air conditioning"", ""Toaster"", ""Coffee"", ""Lock on bedroom door"", ""Laundromat nearby"", ""First aid kit"", ""Dishes and silverware"", ""Hangers"", ""Refrigerator"", ""Blender"", ""Self check-in"", ""Freezer"", ""Free street parking"", ""Fire extinguisher"", ""Coffee maker: pour-over coffee"", ""Cleaning products"", ""Keypad"", ""Cleaning available during stay"", ""Stove""]",1208695175897245796,"['Smoke alarm', 'Kitchen', 'Dishwasher', 'Wifi', 'Hot water', 'Hair dryer', 'Dryer', 'Indoor fireplace', 'TV', 'Carbon monoxide alarm', 'Bed linens', 'Bathtub', 'Cooking basics', 'Ceiling fan', 'Iron', 'Baking sheet', 'Room-darkening shades', 'Hot water kettle', 'Wine glasses', 'Microwave', 'Clothing storage', 'Dining table', 'Heating', 'Washer', 'Extra pillows and blankets', 'Long term stays allowed', 'Oven', 'Portable fans', 'Backyard', 'Exterior security cameras on property', 'Air conditioning', 'Toaster', 'Coffee', 'Lock on bedroom door', 'Laundromat nearby', 'First aid kit', 'Dishes and silverware', 'Hangers', 'Refrigerator', 'Blender', 'Self check-in', 'Freezer', 'Free street parking', 'Fire extinguisher', 'Coffee maker: pour-over coffee', 'Cleaning products', 'Keypad', 'Cleaning available during stay', 'Stove']",49,1,1,1,1,0,1,1,0,0,0,0,1,Private room
THIRTEENTH WARD,42.67318,-73.79345,16,Private room,Private room in home,1,1.0,1.5,4,0.24,2,5.0,5.0,5.0,88,t,"[""Smoke alarm"", ""Kitchen"", ""Dishwasher"", ""Wifi"", ""Hot water"", ""Coffee maker"", ""Hair dryer"", ""TV"", ""Carbon monoxide alarm"", ""Bed linens"", ""Bathtub"", ""Cooking basics"", ""Ceiling fan"", ""Baking sheet"", ""Room-darkening shades"", ""Hot water kettle"", ""Wine glasses"", ""Microwave"", ""Clothing storage"", ""Dining table"", ""Heating"", ""Washer"", ""Extra pillows and blankets"", ""Long term stays allowed"", ""Oven"", ""Portable fans"", ""Backyard"", ""Exterior security cameras on property"", ""Air conditioning"", ""Patio or balcony"", ""Outdoor furniture"", ""Books and reading material"", ""First aid kit"", ""Barbecue utensils"", ""Free parking on premises"", ""Dishes and silverware"", ""Hangers"", ""Refrigerator"", ""Blender"", ""Self check-in"", ""Freezer"", ""Free street parking"", ""Fire extinguisher"", ""Cleaning products"", ""Keypad"", ""Bidet"", ""Stove""]",1209313814437527365,"['Smoke alarm', 'Kitchen', 'Dishwasher', 'Wifi', 'Hot water', 'Coffee maker', 'Hair dryer', 'TV', 'Carbon monoxide alarm', 'Bed linens', 'Bathtub', 'Cooking basics', 'Ceiling fan', 'Baking sheet', 'Room-darkening shades', 'Hot water kettle', 'Wine glasses', 'Microwave', 'Clothing storage', 'Dining table', 'Heating', 'Washer', 'Extra pillows and blankets', 'Long term stays allowed', 'Oven', 'Portable fans', 'Backyard', 'Exterior security cameras on property', 'Air conditioning', 'Patio or balcony', 'Outdoor furniture', 'Books and reading material', 'First aid kit', 'Barbecue utensils', 'Free parking on premises', 'Dishes and silverware', 'Hangers', 'Refrigerator', 'Blender', 'Self check-in', 'Freezer', 'Free street parking', 'Fire extinguisher', 'Cleaning products', 'Keypad', 'Bidet', 'Stove']",47,1,1,1,1,0,1,1,0,0,0,0,1,Private room
ELEVENTH WARD,42.66332540000001,-73.77422550000001,66,Entire home/apt,Entire rental unit,4,3.0,1.0,16,0.98,11,4.25,4.25,3.88,320,f,"[""Smoke alarm"", ""Kitchen"", ""Air conditioning"", ""Dedicated workspace"", ""Wifi"", ""TV"", ""Free parking on premises""]",1223845635352908531,"['Smoke alarm', 'Kitchen', 'Air conditioning', 'Dedicated workspace', 'Wifi', 'TV', 'Free parking on premises']",7,1,0,1,0,1,1,0,0,0,0,0,1,Entire place
THIRTEENTH WARD,42.66955,-73.78542,60,Entire home/apt,Entire rental unit,5,3.0,1.0,14,0.8,10,5.0,5.0,4.71,364,t,"[""Smoke alarm"", ""Kitchen"", ""Dishwasher"", ""Gas stove"", ""Wifi"", ""Hot water"", ""Hair dryer"", ""TV"", ""Carbon monoxide alarm"", ""Bed linens"", ""Cooking basics"", ""Iron"", ""Room-darkening shades"", ""Hot water kettle"", ""Microwave"", ""Dining table"", ""Washer"", ""Extra pillows and blankets"", ""Rice maker"", ""Pets allowed"", ""Long term stays allowed"", ""Radiant heating"", ""Exterior security cameras on property"", ""Air conditioning"", ""Toaster"", ""Single oven"", ""Free parking on premises"", ""Dishes and silverware"", ""Self check-in"", ""Refrigerator"", ""Free dryer"", ""Freezer"", ""Coffee maker: drip coffee maker"", ""Free street parking"", ""Game console"", ""Fire extinguisher"", ""Keypad""]",1227494196390230149,"['Smoke alarm', 'Kitchen', 'Dishwasher', 'Gas stove', 'Wifi', 'Hot water', 'Hair dryer', 'TV', 'Carbon monoxide alarm', 'Bed linens', 'Cooking basics', 'Iron', 'Room-darkening shades', 'Hot water kettle', 'Microwave', 'Dining table', 'Washer', 'Extra pillows and blankets', 'Rice maker', 'Pets allowed', 'Long term stays allowed', 'Radiant heating', 'Exterior security cameras on property', 'Air conditioning', 'Toaster', 'Single oven', 'Free parking on premises', 'Dishes and silverware', 'Self check-in', 'Refrigerator', 'Free dryer', 'Freezer', 'Coffee maker: drip coffee maker', 'Free street parking', 'Game console', 'Fire extinguisher', 'Keypad']",37,1,1,1,1,0,1,0,0,0,0,1,1,Entire place
SIXTH WARD,42.65507161089614,-73.76475094677727,255,Entire home/apt,Entire rental unit,3,1.0,1.0,76,5.27,59,4.92,4.91,4.86,244,t,"[""Smoke alarm"", ""Kitchen"", ""Dishwasher"", ""Stainless steel single oven"", ""Wifi"", ""Shower gel"", ""Hot water"", ""Private entrance"", ""Hair dryer"", ""Body soap"", ""Carbon monoxide alarm"", ""Bed linens"", ""Pack \u2019n play/Travel crib - available upon request"", ""Luggage dropoff allowed"", ""Bathtub"", ""Cooking basics"", ""Baking sheet"", ""Iron"", ""Room-darkening shades"", ""Safe"", ""Hot water kettle"", ""Dedicated workspace"", ""Microwave"", ""Wine glasses"", ""Window guards"", ""Smart lock"", ""Extra pillows and blankets"", ""Record player"", ""Exterior security cameras on property"", ""Toaster"", ""Coffee"", ""Outdoor furniture"", ""Single level home"", ""Shared patio or balcony"", ""Books and reading material"", ""Clothing storage: closet"", ""Central heating"", ""First aid kit"", ""Stainless steel electric stove"", ""Conditioner"", ""Free washer \u2013 In unit"", ""Window AC unit"", ""Dishes and silverware"", ""Public Goods shampoo"", ""Hangers"", ""Refrigerator"", ""Blender"", ""Self check-in"", ""Babysitter recommendations"", ""Freezer"", ""Free street parking"", ""Housekeeping available from 10:00\u202fAM to 1:00\u202fPM, every day - available at extra cost"", ""Fire extinguisher"", ""Coffee maker: drip coffee maker, Keurig coffee machine"", ""Free dryer \u2013 In unit"", ""Paid parking lot off premises"", ""Cleaning products"", ""Board games"", ""55 inch HDTV with Amazon Prime Video, Apple TV, Disney+, HBO Max, Hulu, Netflix""]",1230257693323535013,"['Smoke alarm', 'Kitchen', 'Dishwasher', 'Stainless steel single oven', 'Wifi', 'Shower gel', 'Hot water', 'Private entrance', 'Hair dryer', 'Body soap', 'Carbon monoxide alarm', 'Bed linens', 'Pack ’n play/Travel crib - available upon request', 'Luggage dropoff allowed', 'Bathtub', 'Cooking basics', 'Baking sheet', 'Iron', 'Room-darkening shades', 'Safe', 'Hot water kettle', 'Dedicated workspace', 'Microwave', 'Wine glasses', 'Window guards', 'Smart lock', 'Extra pillows and blankets', 'Record player', 'Exterior security cameras on property', 'Toaster', 'Coffee', 'Outdoor furniture', 'Single level home', 'Shared patio or balcony', 'Books and reading material', 'Clothing storage: closet', 'Central heating', 'First aid kit', 'Stainless steel electric stove', 'Conditioner', 'Free washer – In unit', 'Window AC unit', 'Dishes and silverware', 'Public Goods shampoo', 'Hangers', 'Refrigerator', 'Blender', 'Self check-in', 'Babysitter recommendations', 'Freezer', 'Free street parking', 'Housekeeping available from 10:00\u202fAM to 1:00\u202fPM, every day - available at extra cost', 'Fire extinguisher', 'Coffee maker: drip coffee maker, Keurig coffee machine', 'Free dryer – In unit', 'Paid parking lot off premises', 'Cleaning products', 'Board games', '55 inch HDTV with Amazon Prime Video, Apple TV, Disney+, HBO Max, Hulu, Netflix']",59,1,1,1,1,1,1,1,1,0,0,0,1,Entire place
SIXTH WARD,42.65173,-73.76786,255,Entire home/apt,Entire rental unit,4,1.0,1.0,92,5.26,59,4.77,4.8,4.49,240,t,"[""Smoke alarm"", ""Kitchen"", ""Dishwasher"", ""Stainless steel single oven"", ""Gas stove"", ""Wifi"", ""Shower gel"", ""Hot water"", ""Hair dryer"", ""Body soap"", ""TV"", ""Carbon monoxide alarm"", ""Bed linens"", ""Cooking basics"", ""Shampoo"", ""Iron"", ""Room-darkening shades"", ""Hot water kettle"", ""Wine glasses"", ""Microwave"", ""Coffee maker: Keurig coffee machine"", ""Dining table"", ""Extra pillows and blankets"", ""Long term stays allowed"", ""Paid washer \u2013 In building"", ""Drying rack for clothing"", ""Air conditioning"", ""Exterior security cameras on property"", ""Essentials"", ""Toaster"", ""Coffee"", ""Clothing storage: closet"", ""Central heating"", ""Conditioner"", ""Dishes and silverware"", ""Hangers"", ""Refrigerator"", ""Self check-in"", ""Freezer"", ""Free street parking"", ""Lockbox"", ""Cleaning products"", ""Paid dryer \u2013 In building""]",1233366548908684664,"['Smoke alarm', 'Kitchen', 'Dishwasher', 'Stainless steel single oven', 'Gas stove', 'Wifi', 'Shower gel', 'Hot water', 'Hair dryer', 'Body soap', 'TV', 'Carbon monoxide alarm', 'Bed linens', 'Cooking basics', 'Shampoo', 'Iron', 'Room-darkening shades', 'Hot water kettle', 'Wine glasses', 'Microwave', 'Coffee maker: Keurig coffee machine', 'Dining table', 'Extra pillows and blankets', 'Long term stays allowed', 'Paid washer – In building', 'Drying rack for clothing', 'Air conditioning', 'Exterior security cameras on property', 'Essentials', 'Toaster', 'Coffee', 'Clothing storage: closet', 'Central heating', 'Conditioner', 'Dishes and silverware', 'Hangers', 'Refrigerator', 'Self check-in', 'Freezer', 'Free street parking', 'Lockbox', 'Cleaning products', 'Paid dryer – In building']",43,1,1,1,1,0,1,0,0,0,0,0,1,Entire place
SIXTH WARD,42.65046806904435,-73.7643479581064,0,Entire home/apt,Entire rental unit,2,1.0,1.0,2,0.12,0,5.0,5.0,5.0,350,f,"[""Smoke alarm"", ""Kitchen"", ""Ethernet connection"", ""Clothing storage: closet and dresser"", ""Wifi"", ""Frigidaire stove"", ""Hot water"", ""Private entrance"", ""Body soap"", ""TV"", ""Carbon monoxide alarm"", ""Backyard - Fully fenced"", ""Bed linens"", ""Cooking basics"", ""Iron"", ""Wine glasses"", ""Dedicated workspace"", ""Dining table"", ""Dryer \u2013\u00a0In unit"", ""Washer"", ""Smart lock"", ""Extra pillows and blankets"", ""Pets allowed"", ""Drying rack for clothing"", ""Exterior security cameras on property"", ""Frigidaire refrigerator"", ""Frigidaire oven"", ""Central heating"", ""First aid kit"", ""Dishes and silverware"", ""Hangers"", ""Self check-in"", ""Free street parking"", ""Fire extinguisher"", ""Coffee maker: drip coffee maker, Keurig coffee machine"", ""Cleaning products""]",1234376912864523021,"['Smoke alarm', 'Kitchen', 'Ethernet connection', 'Clothing storage: closet and dresser', 'Wifi', 'Frigidaire stove', 'Hot water', 'Private entrance', 'Body soap', 'TV', 'Carbon monoxide alarm', 'Backyard - Fully fenced', 'Bed linens', 'Cooking basics', 'Iron', 'Wine glasses', 'Dedicated workspace', 'Dining table', 'Dryer –\xa0In unit', 'Washer', 'Smart lock', 'Extra pillows and blankets', 'Pets allowed', 'Drying rack for clothing', 'Exterior security cameras on property', 'Frigidaire refrigerator', 'Frigidaire oven', 'Central heating', 'First aid kit', 'Dishes and silverware', 'Hangers', 'Self check-in', 'Free street parking', 'Fire extinguisher', 'Coffee maker: drip coffee maker, Keurig coffee machine', 'Cleaning products']",36,1,1,1,1,1,0,1,0,0,0,1,1,Entire place
SIXTH WARD,42.65507057171404,-73.76151133328676,102,Entire home/apt,Entire rental unit,2,1.0,1.0,37,2.16,17,4.89,4.86,4.86,174,t,"[""Smoke alarm"", ""Kitchen"", ""Dishwasher"", ""Wifi"", ""Shower gel"", ""Hot water"", ""Coffee maker"", ""Hair dryer"", ""Body soap"", ""Outdoor dining area"", ""TV"", ""Carbon monoxide alarm"", ""Bed linens"", ""Cooking basics"", ""Baking sheet"", ""Shampoo"", ""Wine glasses"", ""Microwave"", ""Long term stays allowed"", ""Exterior security cameras on property"", ""Air conditioning"", ""Toaster"", ""Essentials"", ""Laundromat nearby"", ""Shared patio or balcony"", ""Single oven"", ""Clothing storage: closet"", ""Central heating"", ""First aid kit"", ""Free washer \u2013 In unit"", ""Dishes and silverware"", ""Self check-in"", ""Refrigerator"", ""Freezer"", ""Fire extinguisher"", ""Free dryer \u2013 In unit"", ""Cleaning products"", ""Keypad"", ""Cleaning available during stay"", ""Stove""]",1237963668912797614,"['Smoke alarm', 'Kitchen', 'Dishwasher', 'Wifi', 'Shower gel', 'Hot water', 'Coffee maker', 'Hair dryer', 'Body soap', 'Outdoor dining area', 'TV', 'Carbon monoxide alarm', 'Bed linens', 'Cooking basics', 'Baking sheet', 'Shampoo', 'Wine glasses', 'Microwave', 'Long term stays allowed', 'Exterior security cameras on property', 'Air conditioning', 'Toaster', 'Essentials', 'Laundromat nearby', 'Shared patio or balcony', 'Single oven', 'Clothing storage: closet', 'Central heating', 'First aid kit', 'Free washer – In unit', 'Dishes and silverware', 'Self check-in', 'Refrigerator', 'Freezer', 'Fire extinguisher', 'Free dryer – In unit', 'Cleaning products', 'Keypad', 'Cleaning available during stay', 'Stove']",40,1,1,0,1,0,1,1,0,0,0,0,1,Entire place
SECOND WARD,42.6425,-73.75889,126,Private room,Private room in rental unit,1,1.0,1.0,40,2.37,21,4.8,4.88,4.43,356,f,"[""Smoke alarm"", ""Free street parking"", ""Shampoo"", ""Air conditioning"", ""Fire extinguisher"", ""Lock on bedroom door"", ""Wifi"", ""Portable heater"", ""Hot water"", ""TV"", ""Conditioner"", ""Extra pillows and blankets""]",1242227342075722524,"['Smoke alarm', 'Free street parking', 'Shampoo', 'Air conditioning', 'Fire extinguisher', 'Lock on bedroom door', 'Wifi', 'Portable heater', 'Hot water', 'TV', 'Conditioner', 'Extra pillows and blankets']",12,0,0,1,0,0,1,0,0,0,0,0,1,Private room
TENTH WARD,42.665179051217486,-73.79260147965597,56,Private room,Private room in home,1,1.0,1.5,1,0.23,1,5.0,3.0,5.0,302,t,"[""Smoke alarm"", ""Kitchen"", ""Dishwasher"", ""Wifi"", ""Hot water"", ""Hair dryer"", ""Dryer"", ""Indoor fireplace"", ""TV"", ""Carbon monoxide alarm"", ""Bed linens"", ""Bathtub"", ""Cooking basics"", ""Ceiling fan"", ""Iron"", ""Baking sheet"", ""Room-darkening shades"", ""Hot water kettle"", ""Wine glasses"", ""Microwave"", ""Clothing storage"", ""Dining table"", ""Heating"", ""Washer"", ""Extra pillows and blankets"", ""Long term stays allowed"", ""Oven"", ""Portable fans"", ""Backyard"", ""Exterior security cameras on property"", ""Air conditioning"", ""Toaster"", ""Coffee"", ""Lock on bedroom door"", ""Laundromat nearby"", ""First aid kit"", ""Dishes and silverware"", ""Hangers"", ""Refrigerator"", ""Blender"", ""Self check-in"", ""Freezer"", ""Free street parking"", ""Fire extinguisher"", ""Coffee maker: pour-over coffee"", ""Cleaning products"", ""Keypad"", ""Cleaning available during stay"", ""Stove""]",1252203595666312568,"['Smoke alarm', 'Kitchen', 'Dishwasher', 'Wifi', 'Hot water', 'Hair dryer', 'Dryer', 'Indoor fireplace', 'TV', 'Carbon monoxide alarm', 'Bed linens', 'Bathtub', 'Cooking basics', 'Ceiling fan', 'Iron', 'Baking sheet', 'Room-darkening shades', 'Hot water kettle', 'Wine glasses', 'Microwave', 'Clothing storage', 'Dining table', 'Heating', 'Washer', 'Extra pillows and blankets', 'Long term stays allowed', 'Oven', 'Portable fans', 'Backyard', 'Exterior security cameras on property', 'Air conditioning', 'Toaster', 'Coffee', 'Lock on bedroom door', 'Laundromat nearby', 'First aid kit', 'Dishes and silverware', 'Hangers', 'Refrigerator', 'Blender', 'Self check-in', 'Freezer', 'Free street parking', 'Fire extinguisher', 'Coffee maker: pour-over coffee', 'Cleaning products', 'Keypad', 'Cleaning available during stay', 'Stove']",49,1,1,1,1,0,1,1,0,0,0,0,1,Private room
THIRD WARD,42.6551298,-73.75842949999999,48,Private room,Private room in condo,2,1.0,1.0,11,0.67,8,4.73,4.64,4.45,360,f,"[""Smoke alarm"", ""Kitchen"", ""Bathtub"", ""Air conditioning"", ""Host greets you"", ""Wifi"", ""TV"", ""Free parking on premises"", ""Carbon monoxide alarm""]",1252255960109808438,"['Smoke alarm', 'Kitchen', 'Bathtub', 'Air conditioning', 'Host greets you', 'Wifi', 'TV', 'Free parking on premises', 'Carbon monoxide alarm']",9,1,0,1,0,0,1,0,0,0,0,0,1,Private room
EIGHTH WARD,42.64548739100758,-73.7896032151887,0,Entire home/apt,Entire home,6,3.0,2.0,0,,0,,,,358,f,"[""Smoke alarm"", ""Kitchen"", ""Dishwasher"", ""Ethernet connection"", ""Wifi"", ""Shower gel"", ""Hot water"", ""Coffee maker"", ""Hair dryer"", ""Body soap"", ""Dryer"", ""TV"", ""Carbon monoxide alarm"", ""Bed linens"", ""Cooking basics"", ""Baking sheet"", ""Shampoo"", ""Iron"", ""Room-darkening shades"", ""Hot water kettle"", ""Wine glasses"", ""Dedicated workspace"", ""Microwave"", ""Clothing storage"", ""Dining table"", ""Heating"", ""Washer"", ""Extra pillows and blankets"", ""Pets allowed"", ""Long term stays allowed"", ""Oven"", ""Air conditioning"", ""Toaster"", ""Essentials"", ""Coffee"", ""Books and reading material"", ""Barbecue utensils"", ""Conditioner"", ""Free parking on premises"", ""Dishes and silverware"", ""Hangers"", ""Refrigerator"", ""Blender"", ""Freezer"", ""Cleaning products"", ""Stove""]",1252258297385952172,"['Smoke alarm', 'Kitchen', 'Dishwasher', 'Ethernet connection', 'Wifi', 'Shower gel', 'Hot water', 'Coffee maker', 'Hair dryer', 'Body soap', 'Dryer', 'TV', 'Carbon monoxide alarm', 'Bed linens', 'Cooking basics', 'Baking sheet', 'Shampoo', 'Iron', 'Room-darkening shades', 'Hot water kettle', 'Wine glasses', 'Dedicated workspace', 'Microwave', 'Clothing storage', 'Dining table', 'Heating', 'Washer', 'Extra pillows and blankets', 'Pets allowed', 'Long term stays allowed', 'Oven', 'Air conditioning', 'Toaster', 'Essentials', 'Coffee', 'Books and reading material', 'Barbecue utensils', 'Conditioner', 'Free parking on premises', 'Dishes and silverware', 'Hangers', 'Refrigerator', 'Blender', 'Freezer', 'Cleaning products', 'Stove']",46,1,1,1,0,1,1,0,0,0,0,1,1,Entire place
TENTH WARD,42.66555578069533,-73.79269774597833,0,Private room,Private room in home,1,1.0,1.5,1,0.07,0,5.0,5.0,5.0,365,t,"[""Smoke alarm"", ""Kitchen"", ""Dishwasher"", ""Wifi"", ""Hot water"", ""Hair dryer"", ""Dryer"", ""Indoor fireplace"", ""TV"", ""Carbon monoxide alarm"", ""Bed linens"", ""Bathtub"", ""Cooking basics"", ""Ceiling fan"", ""Iron"", ""Baking sheet"", ""Room-darkening shades"", ""Hot water kettle"", ""Wine glasses"", ""Microwave"", ""Clothing storage"", ""Dining table"", ""Heating"", ""Washer"", ""Extra pillows and blankets"", ""Long term stays allowed"", ""Oven"", ""Portable fans"", ""Backyard"", ""Exterior security cameras on property"", ""Air conditioning"", ""Toaster"", ""Coffee"", ""Lock on bedroom door"", ""Laundromat nearby"", ""First aid kit"", ""Barbecue utensils"", ""Dishes and silverware"", ""Hangers"", ""Refrigerator"", ""Blender"", ""Self check-in"", ""Freezer"", ""Free street parking"", ""Fire extinguisher"", ""Coffee maker: pour-over coffee"", ""Cleaning products"", ""Keypad"", ""Cleaning available during stay"", ""Stove""]",1252301211909514289,"['Smoke alarm', 'Kitchen', 'Dishwasher', 'Wifi', 'Hot water', 'Hair dryer', 'Dryer', 'Indoor fireplace', 'TV', 'Carbon monoxide alarm', 'Bed linens', 'Bathtub', 'Cooking basics', 'Ceiling fan', 'Iron', 'Baking sheet', 'Room-darkening shades', 'Hot water kettle', 'Wine glasses', 'Microwave', 'Clothing storage', 'Dining table', 'Heating', 'Washer', 'Extra pillows and blankets', 'Long term stays allowed', 'Oven', 'Portable fans', 'Backyard', 'Exterior security cameras on property', 'Air conditioning', 'Toaster', 'Coffee', 'Lock on bedroom door', 'Laundromat nearby', 'First aid kit', 'Barbecue utensils', 'Dishes and silverware', 'Hangers', 'Refrigerator', 'Blender', 'Self check-in', 'Freezer', 'Free street parking', 'Fire extinguisher', 'Coffee maker: pour-over coffee', 'Cleaning products', 'Keypad', 'Cleaning available during stay', 'Stove']",50,1,1,1,1,0,1,1,0,0,0,0,1,Private room
SIXTH WARD,42.65422976833157,-73.76982577313373,66,Entire home/apt,Entire townhouse,2,1.0,,19,1.14,11,4.53,4.42,4.58,365,t,"[""Smoke alarm"", ""Kitchen"", ""Trash compactor"", ""Wifi"", ""Coffee maker"", ""Mini fridge"", ""TV"", ""Carbon monoxide alarm"", ""Bed linens"", ""Cooking basics"", ""Iron"", ""Wine glasses"", ""Microwave"", ""Clothing storage"", ""Dining table"", ""Heating"", ""Oven"", ""Exterior security cameras on property"", ""Air conditioning"", ""Toaster"", ""Coffee"", ""First aid kit"", ""Dishes and silverware"", ""Hangers"", ""Refrigerator"", ""Blender"", ""Freezer"", ""Fire extinguisher"", ""Stove""]",1256391301639690602,"['Smoke alarm', 'Kitchen', 'Trash compactor', 'Wifi', 'Coffee maker', 'Mini fridge', 'TV', 'Carbon monoxide alarm', 'Bed linens', 'Cooking basics', 'Iron', 'Wine glasses', 'Microwave', 'Clothing storage', 'Dining table', 'Heating', 'Oven', 'Exterior security cameras on property', 'Air conditioning', 'Toaster', 'Coffee', 'First aid kit', 'Dishes and silverware', 'Hangers', 'Refrigerator', 'Blender', 'Freezer', 'Fire extinguisher', 'Stove']",29,1,0,0,0,0,1,0,0,0,0,0,1,Entire place
TENTH WARD,42.66226,-73.78221,0,Private room,Private room in home,1,1.0,1.0,0,,0,,,,180,t,"[""Smoke alarm"", ""Kitchen"", ""Dishwasher"", ""Wifi"", ""Hot water"", ""Coffee maker"", ""Hair dryer"", ""Dryer"", ""Indoor fireplace"", ""TV"", ""Carbon monoxide alarm"", ""Bed linens"", ""Cooking basics"", ""Baking sheet"", ""Iron"", ""Room-darkening shades"", ""Hot water kettle"", ""Fireplace guards"", ""Microwave"", ""Wine glasses"", ""Clothing storage"", ""Dining table"", ""Heating"", ""Washer"", ""Extra pillows and blankets"", ""Long term stays allowed"", ""Oven"", ""Backyard"", ""Exterior security cameras on property"", ""Air conditioning"", ""Toaster"", ""Essentials"", ""Lock on bedroom door"", ""Laundromat nearby"", ""Patio or balcony"", ""First aid kit"", ""Dishes and silverware"", ""Hangers"", ""Refrigerator"", ""Blender"", ""Self check-in"", ""Freezer"", ""Free street parking"", ""Fire extinguisher"", ""Cleaning products"", ""Keypad"", ""Stove""]",1256498995571429533,"['Smoke alarm', 'Kitchen', 'Dishwasher', 'Wifi', 'Hot water', 'Coffee maker', 'Hair dryer', 'Dryer', 'Indoor fireplace', 'TV', 'Carbon monoxide alarm', 'Bed linens', 'Cooking basics', 'Baking sheet', 'Iron', 'Room-darkening shades', 'Hot water kettle', 'Fireplace guards', 'Microwave', 'Wine glasses', 'Clothing storage', 'Dining table', 'Heating', 'Washer', 'Extra pillows and blankets', 'Long term stays allowed', 'Oven', 'Backyard', 'Exterior security cameras on property', 'Air conditioning', 'Toaster', 'Essentials', 'Lock on bedroom door', 'Laundromat nearby', 'Patio or balcony', 'First aid kit', 'Dishes and silverware', 'Hangers', 'Refrigerator', 'Blender', 'Self check-in', 'Freezer', 'Free street parking', 'Fire extinguisher', 'Cleaning products', 'Keypad', 'Stove']",47,1,1,1,1,0,1,1,1,0,0,0,1,Private room
SEVENTH WARD,42.64762856666501,-73.76751684061892,174,Entire home/apt,Entire rental unit,5,2.0,1.0,42,2.57,29,4.71,4.55,4.6,312,f,"[""Smoke alarm"", ""Dishwasher"", ""Trash compactor"", ""Wifi"", ""Shower gel"", ""Hot water"", ""Coffee maker"", ""Private entrance"", ""Hair dryer"", ""Body soap"", ""Dryer"", ""TV"", ""Carbon monoxide alarm"", ""Bed linens"", ""Cooking basics"", ""Shampoo"", ""Iron"", ""Room-darkening shades"", ""Wine glasses"", ""Dedicated workspace"", ""Microwave"", ""Clothing storage"", ""Dining table"", ""Heating"", ""Washer"", ""Extra pillows and blankets"", ""Rice maker"", ""Pets allowed"", ""Oven"", ""Long term stays allowed"", ""Drying rack for clothing"", ""Exterior security cameras on property"", ""Air conditioning"", ""Toaster"", ""Essentials"", ""Laundromat nearby"", ""Single level home"", ""First aid kit"", ""Conditioner"", ""Free parking on premises"", ""Dishes and silverware"", ""Hangers"", ""Refrigerator"", ""Self check-in"", ""Freezer"", ""Lockbox"", ""Fire extinguisher"", ""Cleaning products"", ""Stove""]",1264531987910224088,"['Smoke alarm', 'Dishwasher', 'Trash compactor', 'Wifi', 'Shower gel', 'Hot water', 'Coffee maker', 'Private entrance', 'Hair dryer', 'Body soap', 'Dryer', 'TV', 'Carbon monoxide alarm', 'Bed linens', 'Cooking basics', 'Shampoo', 'Iron', 'Room-darkening shades', 'Wine glasses', 'Dedicated workspace', 'Microwave', 'Clothing storage', 'Dining table', 'Heating', 'Washer', 'Extra pillows and blankets', 'Rice maker', 'Pets allowed', 'Oven', 'Long term stays allowed', 'Drying rack for clothing', 'Exterior security cameras on property', 'Air conditioning', 'Toaster', 'Essentials', 'Laundromat nearby', 'Single level home', 'First aid kit', 'Conditioner', 'Free parking on premises', 'Dishes and silverware', 'Hangers', 'Refrigerator', 'Self check-in', 'Freezer', 'Lockbox', 'Fire extinguisher', 'Cleaning products', 'Stove']",49,1,1,1,1,1,1,0,0,0,0,1,1,Entire place
SIXTH WARD,42.65004675077063,-73.76402178164355,12,Entire home/apt,Entire rental unit,2,0.0,1.0,6,0.38,2,4.83,4.67,4.83,290,f,"[""Smoke alarm"", ""Kitchen"", ""Clothing storage: closet and dresser"", ""Wifi"", ""Hot water"", ""Coffee maker"", ""Hair dryer"", ""Body soap"", ""TV"", ""Carbon monoxide alarm"", ""Bed linens"", ""Cooking basics"", ""Ceiling fan"", ""Shampoo"", ""Baking sheet"", ""Wine glasses"", ""Microwave"", ""Heating"", ""Stainless steel oven"", ""Smart lock"", ""Extra pillows and blankets"", ""Exterior security cameras on property"", ""Toaster"", ""Coffee"", ""Laundromat nearby"", ""First aid kit"", ""Conditioner"", ""Dishes and silverware"", ""Hangers"", ""Refrigerator"", ""Self check-in"", ""Freezer"", ""Fire extinguisher"", ""Cleaning products"", ""Stove""]",1265342374507338537,"['Smoke alarm', 'Kitchen', 'Clothing storage: closet and dresser', 'Wifi', 'Hot water', 'Coffee maker', 'Hair dryer', 'Body soap', 'TV', 'Carbon monoxide alarm', 'Bed linens', 'Cooking basics', 'Ceiling fan', 'Shampoo', 'Baking sheet', 'Wine glasses', 'Microwave', 'Heating', 'Stainless steel oven', 'Smart lock', 'Extra pillows and blankets', 'Exterior security cameras on property', 'Toaster', 'Coffee', 'Laundromat nearby', 'First aid kit', 'Conditioner', 'Dishes and silverware', 'Hangers', 'Refrigerator', 'Self check-in', 'Freezer', 'Fire extinguisher', 'Cleaning products', 'Stove']",35,1,1,0,1,0,0,0,0,0,0,0,1,Entire place
SIXTH WARD,42.65319027333566,-73.76970599961155,0,Private room,Private room in home,2,1.0,1.5,1,0.06,0,4.0,5.0,5.0,83,f,"[""Smoke alarm"", ""Kitchen"", ""Exterior security cameras on property"", ""Fire extinguisher"", ""Wifi"", ""TV"", ""Carbon monoxide alarm""]",1266676779473584420,"['Smoke alarm', 'Kitchen', 'Exterior security cameras on property', 'Fire extinguisher', 'Wifi', 'TV', 'Carbon monoxide alarm']",7,1,0,0,0,0,0,0,0,0,0,0,1,Private room
SIXTH WARD,42.65137969505171,-73.76947069212083,210,Entire home/apt,Entire rental unit,2,1.0,1.0,41,2.61,35,4.88,4.93,4.59,354,t,"[""Smoke alarm"", ""Kitchen"", ""Wifi"", ""Shower gel"", ""Free driveway parking on premises \u2013 1 space"", ""Hot water"", ""Hair dryer"", ""Body soap"", ""Dryer"", ""TV"", ""Carbon monoxide alarm"", ""Bed linens"", ""Cooking basics"", ""Shampoo"", ""Iron"", ""Wine glasses"", ""Dedicated workspace"", ""Microwave"", ""Clothing storage"", ""Heating"", ""Exercise equipment"", ""Washer"", ""Extra pillows and blankets"", ""Oven"", ""Noise decibel monitors on property"", ""Air conditioning"", ""Exterior security cameras on property"", ""Essentials"", ""Toaster"", ""Coffee"", ""First aid kit"", ""Conditioner"", ""Dishes and silverware"", ""Hangers"", ""Refrigerator"", ""Blender"", ""Self check-in"", ""Freezer"", ""Lockbox"", ""Fire extinguisher"", ""Cleaning products"", ""Stove""]",1268205616603776750,"['Smoke alarm', 'Kitchen', 'Wifi', 'Shower gel', 'Free driveway parking on premises – 1 space', 'Hot water', 'Hair dryer', 'Body soap', 'Dryer', 'TV', 'Carbon monoxide alarm', 'Bed linens', 'Cooking basics', 'Shampoo', 'Iron', 'Wine glasses', 'Dedicated workspace', 'Microwave', 'Clothing storage', 'Heating', 'Exercise equipment', 'Washer', 'Extra pillows and blankets', 'Oven', 'Noise decibel monitors on property', 'Air conditioning', 'Exterior security cameras on property', 'Essentials', 'Toaster', 'Coffee', 'First aid kit', 'Conditioner', 'Dishes and silverware', 'Hangers', 'Refrigerator', 'Blender', 'Self check-in', 'Freezer', 'Lockbox', 'Fire extinguisher', 'Cleaning products', 'Stove']",42,1,1,1,1,1,1,0,0,1,0,0,1,Entire place
THIRTEENTH WARD,42.66916459999999,-73.79776079999999,24,Private room,Private room in rental unit,1,,,6,0.38,4,4.83,4.33,4.83,0,t,"[""Smoke alarm"", ""Kitchen"", ""Housekeeping - available at extra cost"", ""Wifi"", ""Shower gel"", ""Hot water"", ""Hair dryer"", ""Body soap"", ""Outdoor dining area"", ""Dryer"", ""TV"", ""Carbon monoxide alarm"", ""Bed linens"", ""Cooking basics"", ""Baking sheet"", ""Shampoo"", ""Hot water kettle"", ""Wine glasses"", ""Microwave"", ""Dining table"", ""Washer"", ""Extra pillows and blankets"", ""Long term stays allowed"", ""Oven"", ""Radiant heating"", ""Noise decibel monitors on property"", ""Exterior security cameras on property"", ""Toaster"", ""Laundromat nearby"", ""Lock on bedroom door"", ""Shared patio or balcony"", ""Books and reading material"", ""First aid kit"", ""Conditioner"", ""Dishes and silverware"", ""Hangers"", ""Refrigerator"", ""Blender"", ""Coffee maker: espresso machine"", ""Self check-in"", ""Freezer"", ""Free street parking"", ""Fire extinguisher"", ""Cleaning products"", ""Keypad"", ""Board games"", ""Stove""]",1269145433396830936,"['Smoke alarm', 'Kitchen', 'Housekeeping - available at extra cost', 'Wifi', 'Shower gel', 'Hot water', 'Hair dryer', 'Body soap', 'Outdoor dining area', 'Dryer', 'TV', 'Carbon monoxide alarm', 'Bed linens', 'Cooking basics', 'Baking sheet', 'Shampoo', 'Hot water kettle', 'Wine glasses', 'Microwave', 'Dining table', 'Washer', 'Extra pillows and blankets', 'Long term stays allowed', 'Oven', 'Radiant heating', 'Noise decibel monitors on property', 'Exterior security cameras on property', 'Toaster', 'Laundromat nearby', 'Lock on bedroom door', 'Shared patio or balcony', 'Books and reading material', 'First aid kit', 'Conditioner', 'Dishes and silverware', 'Hangers', 'Refrigerator', 'Blender', 'Coffee maker: espresso machine', 'Self check-in', 'Freezer', 'Free street parking', 'Fire extinguisher', 'Cleaning products', 'Keypad', 'Board games', 'Stove']",47,1,1,1,1,0,0,1,0,0,0,0,1,Private room
THIRD WARD,42.66487530937626,-73.76730339028755,0,Entire home/apt,Entire home,4,2.0,1.0,0,,0,,,,364,f,"[""Smoke alarm"", ""Kitchen"", ""Clothing storage: closet and dresser"", ""Wifi"", ""Hot water"", ""Private entrance"", ""TV"", ""Carbon monoxide alarm"", ""Bed linens"", ""Bathtub"", ""Cooking basics"", ""Room-darkening shades"", ""Microwave"", ""Heating"", ""Electric stove"", ""Air conditioning"", ""Single oven"", ""Free washer \u2013 In unit"", ""Dishes and silverware"", ""Free parking on premises"", ""Hangers"", ""Refrigerator"", ""Self check-in"", ""Lockbox"", ""Free dryer \u2013 In unit"", ""Cleaning products""]",1274613024891750632,"['Smoke alarm', 'Kitchen', 'Clothing storage: closet and dresser', 'Wifi', 'Hot water', 'Private entrance', 'TV', 'Carbon monoxide alarm', 'Bed linens', 'Bathtub', 'Cooking basics', 'Room-darkening shades', 'Microwave', 'Heating', 'Electric stove', 'Air conditioning', 'Single oven', 'Free washer – In unit', 'Dishes and silverware', 'Free parking on premises', 'Hangers', 'Refrigerator', 'Self check-in', 'Lockbox', 'Free dryer – In unit', 'Cleaning products']",26,1,1,1,1,0,1,0,0,0,0,0,1,Entire place
SECOND WARD,42.6453112779392,-73.75793399720892,6,Private room,Private room in townhouse,1,2.0,1.5,6,0.38,1,4.67,4.5,4.33,226,f,"[""Smoke alarm"", ""Kitchen"", ""Exterior security cameras on property"", ""Air conditioning"", ""Fire extinguisher"", ""Lock on bedroom door"", ""Wifi"", ""Dedicated workspace"", ""Carbon monoxide alarm"", ""Paid parking on premises"", ""First aid kit"", ""Exercise equipment"", ""TV"", ""Free parking on premises"", ""Washer""]",1279781671588026640,"['Smoke alarm', 'Kitchen', 'Exterior security cameras on property', 'Air conditioning', 'Fire extinguisher', 'Lock on bedroom door', 'Wifi', 'Dedicated workspace', 'Carbon monoxide alarm', 'Paid parking on premises', 'First aid kit', 'Exercise equipment', 'TV', 'Free parking on premises', 'Washer']",15,1,1,1,0,1,1,0,0,1,0,0,1,Private room
FOURTH WARD,42.67445142837617,-73.73835701264711,24,Entire home/apt,Entire home,4,2.0,1.0,5,0.38,4,3.8,4.0,3.2,178,f,"[""Smoke alarm"", ""Kitchen"", ""Private patio or balcony"", ""Portable air conditioning"", ""Gas stove"", ""Wifi"", ""Shower gel"", ""Hot water"", ""Private entrance"", ""Hair dryer"", ""Body soap"", ""TV"", ""Carbon monoxide alarm"", ""Bed linens"", ""Bathtub"", ""Children\u2019s dinnerware"", ""Ceiling fan"", ""Shampoo"", ""Iron"", ""Cooking basics"", ""Hot water kettle"", ""Wine glasses"", ""Dedicated workspace"", ""Microwave"", ""Coffee maker: Keurig coffee machine"", ""Housekeeping available from 10:00\u202fAM to 2:00\u202fPM, Tuesday, Thursday - available at extra cost"", ""Dining table"", ""Extra pillows and blankets"", ""Portable fans"", ""Toaster"", ""Essentials"", ""Coffee"", ""Laundromat nearby"", ""Single oven"", ""Books and reading material"", ""Central heating"", ""First aid kit"", ""Conditioner"", ""Children\u2019s books and toys"", ""Dishes and silverware"", ""Hangers"", ""Refrigerator"", ""Blender"", ""Self check-in"", ""Freezer"", ""Lockbox"", ""Fire extinguisher"", ""Private backyard \u2013 Fully fenced"", ""Cleaning products"", ""Clothing storage: walk-in closet, closet, and dresser""]",1284983740417509877,"['Smoke alarm', 'Kitchen', 'Private patio or balcony', 'Portable air conditioning', 'Gas stove', 'Wifi', 'Shower gel', 'Hot water', 'Private entrance', 'Hair dryer', 'Body soap', 'TV', 'Carbon monoxide alarm', 'Bed linens', 'Bathtub', 'Children’s dinnerware', 'Ceiling fan', 'Shampoo', 'Iron', 'Cooking basics', 'Hot water kettle', 'Wine glasses', 'Dedicated workspace', 'Microwave', 'Coffee maker: Keurig coffee machine', 'Housekeeping available from 10:00\u202fAM to 2:00\u202fPM, Tuesday, Thursday - available at extra cost', 'Dining table', 'Extra pillows and blankets', 'Portable fans', 'Toaster', 'Essentials', 'Coffee', 'Laundromat nearby', 'Single oven', 'Books and reading material', 'Central heating', 'First aid kit', 'Conditioner', 'Children’s books and toys', 'Dishes and silverware', 'Hangers', 'Refrigerator', 'Blender', 'Self check-in', 'Freezer', 'Lockbox', 'Fire extinguisher', 'Private backyard – Fully fenced', 'Cleaning products', 'Clothing storage: walk-in closet, closet, and dresser']",50,1,1,0,1,1,1,1,1,0,0,0,1,Entire place
TENTH WARD,42.65701240741075,-73.78116252001512,96,Entire home/apt,Entire rental unit,2,1.0,1.0,33,2.18,16,4.7,4.73,4.73,362,f,"[""Smoke alarm"", ""Kitchen"", ""Wifi"", ""Hot water"", ""Coffee maker"", ""Hair dryer"", ""Body soap"", ""TV"", ""Carbon monoxide alarm"", ""Bed linens"", ""Cooking basics"", ""Baking sheet"", ""Shampoo"", ""Microwave"", ""Clothing storage"", ""Heating"", ""Washer"", ""Oven"", ""Exterior security cameras on property"", ""Air conditioning"", ""Toaster"", ""Essentials"", ""Conditioner"", ""Free parking on premises"", ""Dishes and silverware"", ""Hangers"", ""Refrigerator"", ""Self check-in"", ""Freezer"", ""Lockbox"", ""Fire extinguisher"", ""Cleaning products"", ""Stove""]",1289084606313003203,"['Smoke alarm', 'Kitchen', 'Wifi', 'Hot water', 'Coffee maker', 'Hair dryer', 'Body soap', 'TV', 'Carbon monoxide alarm', 'Bed linens', 'Cooking basics', 'Baking sheet', 'Shampoo', 'Microwave', 'Clothing storage', 'Heating', 'Washer', 'Oven', 'Exterior security cameras on property', 'Air conditioning', 'Toaster', 'Essentials', 'Conditioner', 'Free parking on premises', 'Dishes and silverware', 'Hangers', 'Refrigerator', 'Self check-in', 'Freezer', 'Lockbox', 'Fire extinguisher', 'Cleaning products', 'Stove']",33,1,1,1,1,0,1,0,0,0,0,0,1,Entire place
SECOND WARD,42.6445746,-73.7566836,6,Entire home/apt,Entire rental unit,6,0.0,0.0,1,0.13,1,5.0,5.0,5.0,361,f,"[""BBQ grill"", ""Kitchen"", ""Pool table"", ""Exterior security cameras on property"", ""Air conditioning"", ""Fire extinguisher"", ""Wifi"", ""Carbon monoxide alarm"", ""Hot tub"", ""TV"", ""Free parking on premises"", ""Washer""]",1291321613053647042,"['BBQ grill', 'Kitchen', 'Pool table', 'Exterior security cameras on property', 'Air conditioning', 'Fire extinguisher', 'Wifi', 'Carbon monoxide alarm', 'Hot tub', 'TV', 'Free parking on premises', 'Washer']",12,1,1,1,0,0,1,1,0,1,0,0,1,Entire place
TENTH WARD,42.66229705990609,-73.78175574496683,0,Private room,Private room in home,1,1.0,1.0,0,,0,,,,116,t,"[""Smoke alarm"", ""Kitchen"", ""Dishwasher"", ""Wifi"", ""Shower gel"", ""Hot water"", ""Coffee maker"", ""Private entrance"", ""Hair dryer"", ""Body soap"", ""Dryer"", ""Indoor fireplace"", ""TV"", ""Carbon monoxide alarm"", ""Bed linens"", ""Cooking basics"", ""Baking sheet"", ""Shampoo"", ""Iron"", ""Room-darkening shades"", ""Wine glasses"", ""Dedicated workspace"", ""Microwave"", ""Clothing storage"", ""Dining table"", ""Heating"", ""Washer"", ""Extra pillows and blankets"", ""Long term stays allowed"", ""Oven"", ""Portable fans"", ""Backyard"", ""Exterior security cameras on property"", ""Air conditioning"", ""Toaster"", ""Essentials"", ""Lock on bedroom door"", ""Laundromat nearby"", ""Patio or balcony"", ""Outdoor furniture"", ""First aid kit"", ""Conditioner"", ""Dishes and silverware"", ""Hangers"", ""Refrigerator"", ""Self check-in"", ""Freezer"", ""Free street parking"", ""Fire extinguisher"", ""Cleaning products"", ""Keypad"", ""Stove"", ""Private living room""]",1292881870228693830,"['Smoke alarm', 'Kitchen', 'Dishwasher', 'Wifi', 'Shower gel', 'Hot water', 'Coffee maker', 'Private entrance', 'Hair dryer', 'Body soap', 'Dryer', 'Indoor fireplace', 'TV', 'Carbon monoxide alarm', 'Bed linens', 'Cooking basics', 'Baking sheet', 'Shampoo', 'Iron', 'Room-darkening shades', 'Wine glasses', 'Dedicated workspace', 'Microwave', 'Clothing storage', 'Dining table', 'Heating', 'Washer', 'Extra pillows and blankets', 'Long term stays allowed', 'Oven', 'Portable fans', 'Backyard', 'Exterior security cameras on property', 'Air conditioning', 'Toaster', 'Essentials', 'Lock on bedroom door', 'Laundromat nearby', 'Patio or balcony', 'Outdoor furniture', 'First aid kit', 'Conditioner', 'Dishes and silverware', 'Hangers', 'Refrigerator', 'Self check-in', 'Freezer', 'Free street parking', 'Fire extinguisher', 'Cleaning products', 'Keypad', 'Stove', 'Private living room']",53,1,1,1,1,1,1,1,0,0,0,0,1,Private room
EIGHTH WARD,42.64592834063253,-73.79876141165387,0,Entire home/apt,Entire rental unit,4,2.0,1.0,0,,0,,,,260,f,"[""Smoke alarm"", ""Kitchen"", ""Exterior security cameras on property"", ""Air conditioning"", ""Wifi"", ""Dedicated workspace"", ""Carbon monoxide alarm"", ""TV"", ""Free parking on premises"", ""Washer""]",1294330125585979004,"['Smoke alarm', 'Kitchen', 'Exterior security cameras on property', 'Air conditioning', 'Wifi', 'Dedicated workspace', 'Carbon monoxide alarm', 'TV', 'Free parking on premises', 'Washer']",10,1,1,1,0,1,1,0,0,0,0,0,1,Entire place
THIRTEENTH WARD,42.66345629680885,-73.7818281544101,60,Private room,Private room in home,1,1.0,1.0,1,0.2,1,5.0,5.0,5.0,364,t,"[""Smoke alarm"", ""Kitchen"", ""Dishwasher"", ""Housekeeping available 1 day a week"", ""Wifi"", ""Shower gel"", ""Hot water"", ""Coffee maker"", ""Private entrance"", ""Hair dryer"", ""Dryer"", ""Indoor fireplace"", ""TV"", ""Carbon monoxide alarm"", ""Bed linens"", ""Cooking basics"", ""Baking sheet"", ""Shampoo"", ""Iron"", ""Room-darkening shades"", ""Hot water kettle"", ""Wine glasses"", ""Dedicated workspace"", ""Microwave"", ""Clothing storage"", ""Dining table"", ""Heating"", ""Washer"", ""Extra pillows and blankets"", ""Long term stays allowed"", ""Oven"", ""Portable fans"", ""Backyard"", ""Exterior security cameras on property"", ""Air conditioning"", ""Toaster"", ""Essentials"", ""Lock on bedroom door"", ""Laundromat nearby"", ""Patio or balcony"", ""Outdoor furniture"", ""First aid kit"", ""Barbecue utensils"", ""Conditioner"", ""Dishes and silverware"", ""Hangers"", ""Refrigerator"", ""Self check-in"", ""Freezer"", ""Free street parking"", ""Fire extinguisher"", ""Cleaning products"", ""Keypad"", ""Stove"", ""Private living room""]",1295804289767410494,"['Smoke alarm', 'Kitchen', 'Dishwasher', 'Housekeeping available 1 day a week', 'Wifi', 'Shower gel', 'Hot water', 'Coffee maker', 'Private entrance', 'Hair dryer', 'Dryer', 'Indoor fireplace', 'TV', 'Carbon monoxide alarm', 'Bed linens', 'Cooking basics', 'Baking sheet', 'Shampoo', 'Iron', 'Room-darkening shades', 'Hot water kettle', 'Wine glasses', 'Dedicated workspace', 'Microwave', 'Clothing storage', 'Dining table', 'Heating', 'Washer', 'Extra pillows and blankets', 'Long term stays allowed', 'Oven', 'Portable fans', 'Backyard', 'Exterior security cameras on property', 'Air conditioning', 'Toaster', 'Essentials', 'Lock on bedroom door', 'Laundromat nearby', 'Patio or balcony', 'Outdoor furniture', 'First aid kit', 'Barbecue utensils', 'Conditioner', 'Dishes and silverware', 'Hangers', 'Refrigerator', 'Self check-in', 'Freezer', 'Free street parking', 'Fire extinguisher', 'Cleaning products', 'Keypad', 'Stove', 'Private living room']",55,1,1,1,1,1,1,1,0,0,0,0,1,Private room
THIRTEENTH WARD,42.66434543814111,-73.77874573138119,42,Private room,Private room in rental unit,2,1.0,1.0,11,0.85,7,4.82,4.82,4.91,166,t,"[""Smoke alarm"", ""Kitchen"", ""Wifi"", ""Shower gel"", ""Hot water"", ""Private entrance"", ""Hair dryer"", ""Body soap"", ""TV"", ""Carbon monoxide alarm"", ""Bed linens"", ""Bathtub"", ""Cooking basics"", ""Shampoo"", ""Iron"", ""Room-darkening shades"", ""Dedicated workspace"", ""Microwave"", ""Extra pillows and blankets"", ""Long term stays allowed"", ""Oven"", ""Portable fans"", ""Drying rack for clothing"", ""Exterior security cameras on property"", ""Air conditioning"", ""Essentials"", ""Lock on bedroom door"", ""Coffee"", ""Laundromat nearby"", ""Books and reading material"", ""Clothing storage: closet"", ""Central heating"", ""First aid kit"", ""Conditioner"", ""Dishes and silverware"", ""Hangers"", ""Refrigerator"", ""Self check-in"", ""Freezer"", ""Free street parking"", ""Fire extinguisher"", ""Cleaning products"", ""Keypad"", ""Board games"", ""Cleaning available during stay"", ""Stove""]",1296651761769034648,"['Smoke alarm', 'Kitchen', 'Wifi', 'Shower gel', 'Hot water', 'Private entrance', 'Hair dryer', 'Body soap', 'TV', 'Carbon monoxide alarm', 'Bed linens', 'Bathtub', 'Cooking basics', 'Shampoo', 'Iron', 'Room-darkening shades', 'Dedicated workspace', 'Microwave', 'Extra pillows and blankets', 'Long term stays allowed', 'Oven', 'Portable fans', 'Drying rack for clothing', 'Exterior security cameras on property', 'Air conditioning', 'Essentials', 'Lock on bedroom door', 'Coffee', 'Laundromat nearby', 'Books and reading material', 'Clothing storage: closet', 'Central heating', 'First aid kit', 'Conditioner', 'Dishes and silverware', 'Hangers', 'Refrigerator', 'Self check-in', 'Freezer', 'Free street parking', 'Fire extinguisher', 'Cleaning products', 'Keypad', 'Board games', 'Cleaning available during stay', 'Stove']",46,1,1,1,1,1,1,0,0,0,0,0,1,Private room
ELEVENTH WARD,42.66294970341223,-73.7789027115689,255,Private room,Private room in rental unit,2,1.0,1.0,103,6.99,83,4.89,4.9,4.67,333,t,"[""Smoke alarm"", ""Kitchen"", ""Wifi"", ""Shower gel"", ""Hot water"", ""Private entrance"", ""Hair dryer"", ""Body soap"", ""TV"", ""Carbon monoxide alarm"", ""Bed linens"", ""Bathtub"", ""Cooking basics"", ""Shampoo"", ""Iron"", ""Room-darkening shades"", ""Dedicated workspace"", ""Microwave"", ""Clothing storage"", ""Heating"", ""Extra pillows and blankets"", ""Long term stays allowed"", ""Oven"", ""Portable fans"", ""Drying rack for clothing"", ""Exterior security cameras on property"", ""Air conditioning"", ""Essentials"", ""Lock on bedroom door"", ""Coffee"", ""Laundromat nearby"", ""Books and reading material"", ""First aid kit"", ""Conditioner"", ""Dishes and silverware"", ""Hangers"", ""Refrigerator"", ""Self check-in"", ""Freezer"", ""Free street parking"", ""Fire extinguisher"", ""Cleaning products"", ""Keypad"", ""Board games"", ""Cleaning available during stay"", ""Stove""]",1296756366433115082,"['Smoke alarm', 'Kitchen', 'Wifi', 'Shower gel', 'Hot water', 'Private entrance', 'Hair dryer', 'Body soap', 'TV', 'Carbon monoxide alarm', 'Bed linens', 'Bathtub', 'Cooking basics', 'Shampoo', 'Iron', 'Room-darkening shades', 'Dedicated workspace', 'Microwave', 'Clothing storage', 'Heating', 'Extra pillows and blankets', 'Long term stays allowed', 'Oven', 'Portable fans', 'Drying rack for clothing', 'Exterior security cameras on property', 'Air conditioning', 'Essentials', 'Lock on bedroom door', 'Coffee', 'Laundromat nearby', 'Books and reading material', 'First aid kit', 'Conditioner', 'Dishes and silverware', 'Hangers', 'Refrigerator', 'Self check-in', 'Freezer', 'Free street parking', 'Fire extinguisher', 'Cleaning products', 'Keypad', 'Board games', 'Cleaning available during stay', 'Stove']",46,1,1,1,1,1,1,0,0,0,0,0,1,Private room
SECOND WARD,42.64441207268658,-73.7522667363394,252,Entire home/apt,Entire rental unit,6,2.0,1.0,46,3.36,42,4.59,4.59,4.22,362,f,"[""Smoke alarm"", ""Kitchen"", ""Dishwasher"", ""Wifi"", ""Shower gel"", ""Hot water"", ""Coffee maker"", ""Hair dryer"", ""Body soap"", ""Indoor fireplace"", ""TV"", ""Carbon monoxide alarm"", ""Bed linens"", ""Bathtub"", ""Cooking basics"", ""Baking sheet"", ""Shampoo"", ""Iron"", ""Hot water kettle"", ""Dedicated workspace"", ""Microwave"", ""Clothing storage"", ""Dining table"", ""Heating"", ""Smart lock"", ""Extra pillows and blankets"", ""Pets allowed"", ""Oven"", ""Noise decibel monitors on property"", ""Air conditioning"", ""Exterior security cameras on property"", ""Essentials"", ""Toaster"", ""Coffee"", ""First aid kit"", ""Conditioner"", ""Free parking on premises"", ""Dishes and silverware"", ""Hangers"", ""Refrigerator"", ""Self check-in"", ""Free washer \u2013 In building"", ""Freezer"", ""Fire extinguisher"", ""Free dryer \u2013 In unit"", ""Stove""]",1298067362380112500,"['Smoke alarm', 'Kitchen', 'Dishwasher', 'Wifi', 'Shower gel', 'Hot water', 'Coffee maker', 'Hair dryer', 'Body soap', 'Indoor fireplace', 'TV', 'Carbon monoxide alarm', 'Bed linens', 'Bathtub', 'Cooking basics', 'Baking sheet', 'Shampoo', 'Iron', 'Hot water kettle', 'Dedicated workspace', 'Microwave', 'Clothing storage', 'Dining table', 'Heating', 'Smart lock', 'Extra pillows and blankets', 'Pets allowed', 'Oven', 'Noise decibel monitors on property', 'Air conditioning', 'Exterior security cameras on property', 'Essentials', 'Toaster', 'Coffee', 'First aid kit', 'Conditioner', 'Free parking on premises', 'Dishes and silverware', 'Hangers', 'Refrigerator', 'Self check-in', 'Free washer – In building', 'Freezer', 'Fire extinguisher', 'Free dryer – In unit', 'Stove']",46,1,1,1,1,1,1,0,0,0,0,1,1,Entire place
TENTH WARD,42.66299894556866,-73.7825558531992,56,Private room,Private room in home,1,1.0,1.0,1,0.16,1,5.0,5.0,4.0,365,t,"[""Smoke alarm"", ""Kitchen"", ""Dishwasher"", ""Wifi"", ""Shower gel"", ""Hot water"", ""Coffee maker"", ""Private entrance"", ""Hair dryer"", ""Body soap"", ""Dryer"", ""Indoor fireplace"", ""TV"", ""Carbon monoxide alarm"", ""Bed linens"", ""Cooking basics"", ""Baking sheet"", ""Shampoo"", ""Iron"", ""Room-darkening shades"", ""Hot water kettle"", ""Wine glasses"", ""Dedicated workspace"", ""Microwave"", ""Clothing storage"", ""Dining table"", ""Heating"", ""Washer"", ""Extra pillows and blankets"", ""Long term stays allowed"", ""Oven"", ""Portable fans"", ""Backyard"", ""Exterior security cameras on property"", ""Air conditioning"", ""Toaster"", ""Essentials"", ""Lock on bedroom door"", ""Laundromat nearby"", ""Patio or balcony"", ""Outdoor furniture"", ""First aid kit"", ""Barbecue utensils"", ""Conditioner"", ""Dishes and silverware"", ""Hangers"", ""Refrigerator"", ""Self check-in"", ""Freezer"", ""Free street parking"", ""Fire extinguisher"", ""Cleaning products"", ""Keypad"", ""Stove"", ""Private living room""]",1308084493028885153,"['Smoke alarm', 'Kitchen', 'Dishwasher', 'Wifi', 'Shower gel', 'Hot water', 'Coffee maker', 'Private entrance', 'Hair dryer', 'Body soap', 'Dryer', 'Indoor fireplace', 'TV', 'Carbon monoxide alarm', 'Bed linens', 'Cooking basics', 'Baking sheet', 'Shampoo', 'Iron', 'Room-darkening shades', 'Hot water kettle', 'Wine glasses', 'Dedicated workspace', 'Microwave', 'Clothing storage', 'Dining table', 'Heating', 'Washer', 'Extra pillows and blankets', 'Long term stays allowed', 'Oven', 'Portable fans', 'Backyard', 'Exterior security cameras on property', 'Air conditioning', 'Toaster', 'Essentials', 'Lock on bedroom door', 'Laundromat nearby', 'Patio or balcony', 'Outdoor furniture', 'First aid kit', 'Barbecue utensils', 'Conditioner', 'Dishes and silverware', 'Hangers', 'Refrigerator', 'Self check-in', 'Freezer', 'Free street parking', 'Fire extinguisher', 'Cleaning products', 'Keypad', 'Stove', 'Private living room']",55,1,1,1,1,1,1,1,0,0,0,0,1,Private room
TENTH WARD,42.66239946679698,-73.78271260107455,0,Private room,Private room in home,1,1.0,1.0,0,,0,,,,289,t,"[""Smoke alarm"", ""Kitchen"", ""Dishwasher"", ""Wifi"", ""Shower gel"", ""Hot water"", ""Coffee maker"", ""Private entrance"", ""Hair dryer"", ""Dryer"", ""Indoor fireplace"", ""TV"", ""Carbon monoxide alarm"", ""Bed linens"", ""Cooking basics"", ""Baking sheet"", ""Shampoo"", ""Iron"", ""Room-darkening shades"", ""Hot water kettle"", ""Wine glasses"", ""Dedicated workspace"", ""Microwave"", ""Clothing storage"", ""Dining table"", ""Heating"", ""Washer"", ""Extra pillows and blankets"", ""Long term stays allowed"", ""Oven"", ""Portable fans"", ""Backyard"", ""Exterior security cameras on property"", ""Air conditioning"", ""Toaster"", ""Essentials"", ""Lock on bedroom door"", ""Laundromat nearby"", ""Patio or balcony"", ""Outdoor furniture"", ""First aid kit"", ""Barbecue utensils"", ""Conditioner"", ""Dishes and silverware"", ""Hangers"", ""Refrigerator"", ""Self check-in"", ""Freezer"", ""Free street parking"", ""Fire extinguisher"", ""Cleaning products"", ""Keypad"", ""Cleaning available during stay"", ""Stove"", ""Private living room""]",1308111521841678866,"['Smoke alarm', 'Kitchen', 'Dishwasher', 'Wifi', 'Shower gel', 'Hot water', 'Coffee maker', 'Private entrance', 'Hair dryer', 'Dryer', 'Indoor fireplace', 'TV', 'Carbon monoxide alarm', 'Bed linens', 'Cooking basics', 'Baking sheet', 'Shampoo', 'Iron', 'Room-darkening shades', 'Hot water kettle', 'Wine glasses', 'Dedicated workspace', 'Microwave', 'Clothing storage', 'Dining table', 'Heating', 'Washer', 'Extra pillows and blankets', 'Long term stays allowed', 'Oven', 'Portable fans', 'Backyard', 'Exterior security cameras on property', 'Air conditioning', 'Toaster', 'Essentials', 'Lock on bedroom door', 'Laundromat nearby', 'Patio or balcony', 'Outdoor furniture', 'First aid kit', 'Barbecue utensils', 'Conditioner', 'Dishes and silverware', 'Hangers', 'Refrigerator', 'Self check-in', 'Freezer', 'Free street parking', 'Fire extinguisher', 'Cleaning products', 'Keypad', 'Cleaning available during stay', 'Stove', 'Private living room']",55,1,1,1,1,1,1,1,0,0,0,0,1,Private room
ELEVENTH WARD,42.66375890730826,-73.77674406705056,255,Private room,Private room in rental unit,2,1.0,1.0,62,4.42,52,4.9,4.9,4.75,309,t,"[""Smoke alarm"", ""Kitchen"", ""Wifi"", ""Shower gel"", ""Hot water"", ""Private entrance"", ""Hair dryer"", ""Body soap"", ""TV"", ""Carbon monoxide alarm"", ""Bed linens"", ""Bathtub"", ""Cooking basics"", ""Shampoo"", ""Iron"", ""Room-darkening shades"", ""Dedicated workspace"", ""Microwave"", ""Clothing storage"", ""Heating"", ""Extra pillows and blankets"", ""Long term stays allowed"", ""Oven"", ""Portable fans"", ""Drying rack for clothing"", ""Exterior security cameras on property"", ""Air conditioning"", ""Essentials"", ""Lock on bedroom door"", ""Coffee"", ""Laundromat nearby"", ""Books and reading material"", ""First aid kit"", ""Conditioner"", ""Dishes and silverware"", ""Hangers"", ""Refrigerator"", ""Self check-in"", ""Freezer"", ""Free street parking"", ""Fire extinguisher"", ""Cleaning products"", ""Keypad"", ""Board games"", ""Cleaning available during stay"", ""Stove""]",1310170283925918533,"['Smoke alarm', 'Kitchen', 'Wifi', 'Shower gel', 'Hot water', 'Private entrance', 'Hair dryer', 'Body soap', 'TV', 'Carbon monoxide alarm', 'Bed linens', 'Bathtub', 'Cooking basics', 'Shampoo', 'Iron', 'Room-darkening shades', 'Dedicated workspace', 'Microwave', 'Clothing storage', 'Heating', 'Extra pillows and blankets', 'Long term stays allowed', 'Oven', 'Portable fans', 'Drying rack for clothing', 'Exterior security cameras on property', 'Air conditioning', 'Essentials', 'Lock on bedroom door', 'Coffee', 'Laundromat nearby', 'Books and reading material', 'First aid kit', 'Conditioner', 'Dishes and silverware', 'Hangers', 'Refrigerator', 'Self check-in', 'Freezer', 'Free street parking', 'Fire extinguisher', 'Cleaning products', 'Keypad', 'Board games', 'Cleaning available during stay', 'Stove']",46,1,1,1,1,1,1,0,0,0,0,0,1,Private room
SIXTH WARD,42.65331,-73.76971,0,Entire home/apt,Entire rental unit,2,1.0,1.0,0,,0,,,,197,f,"[""Smoke alarm"", ""Kitchen"", ""Exterior security cameras on property"", ""Iron"", ""Lockbox"", ""Fire extinguisher"", ""Wifi"", ""Dedicated workspace"", ""Carbon monoxide alarm"", ""Paid parking on premises"", ""Hair dryer"", ""First aid kit"", ""TV"", ""Washer"", ""Self check-in""]",1319619558594743733,"['Smoke alarm', 'Kitchen', 'Exterior security cameras on property', 'Iron', 'Lockbox', 'Fire extinguisher', 'Wifi', 'Dedicated workspace', 'Carbon monoxide alarm', 'Paid parking on premises', 'Hair dryer', 'First aid kit', 'TV', 'Washer', 'Self check-in']",15,1,1,1,1,1,0,0,0,0,0,0,1,Entire place
FIFTEENTH WARD,42.67077854215789,-73.82525054567722,30,Entire home/apt,Entire rental unit,6,3.0,,5,0.49,5,5.0,5.0,5.0,140,f,"[""Smoke alarm"", ""Kitchen"", ""Dishwasher"", ""Private patio or balcony"", ""Frigidaire  refrigerator"", ""Wifi"", ""Shower gel"", ""Hot water"", ""Private entrance"", ""Outdoor dining area"", ""TV"", ""Carbon monoxide alarm"", ""Bluetooth sound system"", ""Housekeeping available from 11:30\u202fAM to 3:00\u202fPM - available at extra cost"", ""Bathtub"", ""Ceiling fan"", ""Iron"", ""Central air conditioning"", ""Hot water kettle"", ""Wine glasses"", ""Microwave"", ""Dining table"", ""Rice maker"", ""Free driveway parking on premises \u2013 3 spaces"", ""Pets allowed"", ""Electric stove"", ""Long term stays allowed"", ""Exterior security cameras on property"", ""Toaster"", ""Coffee"", ""Laundromat nearby"", ""Central heating"", ""Dishes and silverware"", ""Hangers"", ""Blender"", ""Self check-in"", ""Freezer"", ""Fire extinguisher"", ""Coffee maker: pour-over coffee"", ""Keypad"", ""Frigidaire  oven"", ""Dove body soap""]",1319649416178819713,"['Smoke alarm', 'Kitchen', 'Dishwasher', 'Private patio or balcony', 'Frigidaire  refrigerator', 'Wifi', 'Shower gel', 'Hot water', 'Private entrance', 'Outdoor dining area', 'TV', 'Carbon monoxide alarm', 'Bluetooth sound system', 'Housekeeping available from 11:30\u202fAM to 3:00\u202fPM - available at extra cost', 'Bathtub', 'Ceiling fan', 'Iron', 'Central air conditioning', 'Hot water kettle', 'Wine glasses', 'Microwave', 'Dining table', 'Rice maker', 'Free driveway parking on premises – 3 spaces', 'Pets allowed', 'Electric stove', 'Long term stays allowed', 'Exterior security cameras on property', 'Toaster', 'Coffee', 'Laundromat nearby', 'Central heating', 'Dishes and silverware', 'Hangers', 'Blender', 'Self check-in', 'Freezer', 'Fire extinguisher', 'Coffee maker: pour-over coffee', 'Keypad', 'Frigidaire  oven', 'Dove body soap']",42,1,1,1,1,0,1,1,0,0,0,1,1,Entire place
SIXTH WARD,42.65015,-73.76337,246,Entire home/apt,Entire home,8,3.0,2.0,42,3.36,41,4.76,4.81,4.76,237,t,"[""Smoke alarm"", ""Dishwasher"", ""Wifi"", ""Shower gel"", ""Hot water"", ""Hair dryer"", ""TV"", ""Carbon monoxide alarm"", ""Bed linens"", ""Kitchenette"", ""Shampoo"", ""Iron"", ""Wine glasses"", ""Dedicated workspace"", ""Microwave"", ""Dryer \u2013\u00a0In unit"", ""Heating"", ""Washer \u2013\u00a0In unit"", ""Extra pillows and blankets"", ""Long term stays allowed"", ""Air conditioning"", ""Toaster"", ""Essentials"", ""Coffee"", ""First aid kit"", ""Conditioner"", ""Dishes and silverware"", ""Self check-in"", ""Free street parking"", ""Fire extinguisher"", ""Coffee maker: drip coffee maker, Keurig coffee machine"", ""Paid parking lot off premises"", ""Keypad""]",1328247359330291677,"['Smoke alarm', 'Dishwasher', 'Wifi', 'Shower gel', 'Hot water', 'Hair dryer', 'TV', 'Carbon monoxide alarm', 'Bed linens', 'Kitchenette', 'Shampoo', 'Iron', 'Wine glasses', 'Dedicated workspace', 'Microwave', 'Dryer –\xa0In unit', 'Heating', 'Washer –\xa0In unit', 'Extra pillows and blankets', 'Long term stays allowed', 'Air conditioning', 'Toaster', 'Essentials', 'Coffee', 'First aid kit', 'Conditioner', 'Dishes and silverware', 'Self check-in', 'Free street parking', 'Fire extinguisher', 'Coffee maker: drip coffee maker, Keurig coffee machine', 'Paid parking lot off premises', 'Keypad']",33,1,1,1,1,1,1,0,0,0,0,0,1,Entire place
SIXTH WARD,42.65262,-73.76134,30,Entire home/apt,Entire rental unit,2,1.0,1.0,5,0.42,5,4.6,4.6,5.0,338,f,"[""Smoke alarm"", ""Kitchen"", ""Wifi"", ""Carbon monoxide alarm"", ""TV"", ""Washer""]",1328401906195927790,"['Smoke alarm', 'Kitchen', 'Wifi', 'Carbon monoxide alarm', 'TV', 'Washer']",6,1,1,0,0,0,0,0,0,0,0,0,1,Entire place
SIXTH WARD,42.65344807383542,-73.76942854374647,0,Entire home/apt,Entire rental unit,2,1.0,1.0,0,,0,,,,365,f,"[""Smoke alarm"", ""Kitchen"", ""Exterior security cameras on property"", ""Fire extinguisher"", ""Wifi"", ""Paid parking on premises"", ""Carbon monoxide alarm"", ""Keypad"", ""First aid kit"", ""TV"", ""Washer"", ""Self check-in""]",1329355205441244604,"['Smoke alarm', 'Kitchen', 'Exterior security cameras on property', 'Fire extinguisher', 'Wifi', 'Paid parking on premises', 'Carbon monoxide alarm', 'Keypad', 'First aid kit', 'TV', 'Washer', 'Self check-in']",12,1,1,1,1,0,0,0,0,0,0,0,1,Entire place
SECOND WARD,42.6440750005831,-73.75452790055822,240,Entire home/apt,Entire rental unit,10,3.0,,40,3.72,40,4.6,4.68,4.35,125,f,"[""Smoke alarm"", ""Kitchen"", ""Dishwasher"", ""Stainless steel single oven"", ""Private patio or balcony"", ""Wifi"", ""Shower gel"", ""Hot water"", ""Coffee maker"", ""Private entrance"", ""Hair dryer"", ""Body soap"", ""Indoor fireplace"", ""TV"", ""Carbon monoxide alarm"", ""Bed linens"", ""Luggage dropoff allowed"", ""Bathtub"", ""Cooking basics"", ""Baking sheet"", ""Shampoo"", ""Iron"", ""Hot water kettle"", ""Wine glasses"", ""Free dryer \u2013 In building"", ""Dedicated workspace"", ""Microwave"", ""Clothing storage"", ""Dining table"", ""Smart lock"", ""Paid street parking off premises"", ""Extra pillows and blankets"", ""Pets allowed"", ""Long term stays allowed"", ""Radiant heating"", ""Noise decibel monitors on property"", ""Air conditioning"", ""Exterior security cameras on property"", ""Essentials"", ""Toaster"", ""Coffee"", ""Laundromat nearby"", ""Pack \u2019n play/Travel crib"", ""First aid kit"", ""Free parking on premises"", ""Dishes and silverware"", ""Hangers"", ""Refrigerator"", ""Blender"", ""Free washer \u2013 In building"", ""Self check-in"", ""Freezer"", ""Free street parking"", ""Tr\u00e9Semme conditioner"", ""Fire extinguisher"", ""Bidet"", ""Board games"", ""Stainless steel gas stove"", ""Shared backyard \u2013 Fully fenced""]",1334238579190312184,"['Smoke alarm', 'Kitchen', 'Dishwasher', 'Stainless steel single oven', 'Private patio or balcony', 'Wifi', 'Shower gel', 'Hot water', 'Coffee maker', 'Private entrance', 'Hair dryer', 'Body soap', 'Indoor fireplace', 'TV', 'Carbon monoxide alarm', 'Bed linens', 'Luggage dropoff allowed', 'Bathtub', 'Cooking basics', 'Baking sheet', 'Shampoo', 'Iron', 'Hot water kettle', 'Wine glasses', 'Free dryer – In building', 'Dedicated workspace', 'Microwave', 'Clothing storage', 'Dining table', 'Smart lock', 'Paid street parking off premises', 'Extra pillows and blankets', 'Pets allowed', 'Long term stays allowed', 'Radiant heating', 'Noise decibel monitors on property', 'Air conditioning', 'Exterior security cameras on property', 'Essentials', 'Toaster', 'Coffee', 'Laundromat nearby', 'Pack ’n play/Travel crib', 'First aid kit', 'Free parking on premises', 'Dishes and silverware', 'Hangers', 'Refrigerator', 'Blender', 'Free washer – In building', 'Self check-in', 'Freezer', 'Free street parking', 'TréSemme conditioner', 'Fire extinguisher', 'Bidet', 'Board games', 'Stainless steel gas stove', 'Shared backyard – Fully fenced']",59,1,1,1,1,1,1,1,1,0,0,1,1,Entire place
FOURTH WARD,42.67538365828664,-73.75011739653225,72,Entire home/apt,Entire rental unit,3,1.0,1.0,12,1.34,12,4.25,4.25,4.58,21,f,"[""Smoke alarm"", ""Kitchen"", ""Ethernet connection"", ""Wifi"", ""Shower gel"", ""Hot water"", ""Coffee maker"", ""Hair dryer"", ""Body soap"", ""Dryer"", ""Mini fridge"", ""TV"", ""Gym"", ""Carbon monoxide alarm"", ""Bed linens"", ""Bathtub"", ""Cooking basics"", ""Shampoo"", ""Iron"", ""Room-darkening shades"", ""Hot water kettle"", ""Wine glasses"", ""Dedicated workspace"", ""Microwave"", ""Clothing storage"", ""Dining table"", ""Extra pillows and blankets"", ""Long term stays allowed"", ""Oven"", ""Drying rack for clothing"", ""Coffee"", ""Central heating"", ""First aid kit"", ""Conditioner"", ""Free parking on premises"", ""Window AC unit"", ""Dishes and silverware"", ""Hangers"", ""Refrigerator"", ""Freezer"", ""Free street parking"", ""Fire extinguisher"", ""Cleaning products"", ""Stove""]",1344295935213350424,"['Smoke alarm', 'Kitchen', 'Ethernet connection', 'Wifi', 'Shower gel', 'Hot water', 'Coffee maker', 'Hair dryer', 'Body soap', 'Dryer', 'Mini fridge', 'TV', 'Gym', 'Carbon monoxide alarm', 'Bed linens', 'Bathtub', 'Cooking basics', 'Shampoo', 'Iron', 'Room-darkening shades', 'Hot water kettle', 'Wine glasses', 'Dedicated workspace', 'Microwave', 'Clothing storage', 'Dining table', 'Extra pillows and blankets', 'Long term stays allowed', 'Oven', 'Drying rack for clothing', 'Coffee', 'Central heating', 'First aid kit', 'Conditioner', 'Free parking on premises', 'Window AC unit', 'Dishes and silverware', 'Hangers', 'Refrigerator', 'Freezer', 'Free street parking', 'Fire extinguisher', 'Cleaning products', 'Stove']",44,1,1,1,0,1,1,0,0,1,0,0,1,Entire place
FOURTH WARD,42.67796681605566,-73.74887793631504,0,Entire home/apt,Entire rental unit,3,1.0,1.0,0,,0,,,,17,f,"[""Smoke alarm"", ""Kitchen"", ""Ethernet connection"", ""Wifi"", ""Shower gel"", ""Hot water"", ""Coffee maker"", ""Hair dryer"", ""Body soap"", ""Dryer"", ""Mini fridge"", ""TV"", ""Gym"", ""Carbon monoxide alarm"", ""Bed linens"", ""Bathtub"", ""Cooking basics"", ""Shampoo"", ""Iron"", ""Room-darkening shades"", ""Hot water kettle"", ""Wine glasses"", ""Dedicated workspace"", ""Microwave"", ""Clothing storage"", ""Washer \u2013\u00a0In unit"", ""Long term stays allowed"", ""Oven"", ""Air conditioning"", ""Essentials"", ""Coffee"", ""Central heating"", ""First aid kit"", ""Conditioner"", ""Free parking on premises"", ""Dishes and silverware"", ""Hangers"", ""Refrigerator"", ""Freezer"", ""Free street parking"", ""Fire extinguisher"", ""Cleaning products"", ""Stove""]",1344899700380628431,"['Smoke alarm', 'Kitchen', 'Ethernet connection', 'Wifi', 'Shower gel', 'Hot water', 'Coffee maker', 'Hair dryer', 'Body soap', 'Dryer', 'Mini fridge', 'TV', 'Gym', 'Carbon monoxide alarm', 'Bed linens', 'Bathtub', 'Cooking basics', 'Shampoo', 'Iron', 'Room-darkening shades', 'Hot water kettle', 'Wine glasses', 'Dedicated workspace', 'Microwave', 'Clothing storage', 'Washer –\xa0In unit', 'Long term stays allowed', 'Oven', 'Air conditioning', 'Essentials', 'Coffee', 'Central heating', 'First aid kit', 'Conditioner', 'Free parking on premises', 'Dishes and silverware', 'Hangers', 'Refrigerator', 'Freezer', 'Free street parking', 'Fire extinguisher', 'Cleaning products', 'Stove']",43,1,1,1,0,1,1,0,0,1,0,0,1,Entire place
SIXTH WARD,42.6556643,-73.7618859,60,Entire home/apt,Entire rental unit,2,1.0,1.0,10,1.29,10,4.7,4.6,4.6,365,t,"[""Free washer \u2013 In building"", ""Smoke alarm"", ""Kitchen"", ""Dishwasher"", ""Coffee maker: drip coffee maker"", ""Iron"", ""Air conditioning"", ""Lockbox"", ""Free dryer \u2013 In building"", ""Wifi"", ""Microwave"", ""Hair dryer"", ""TV"", ""Free parking on premises"", ""Carbon monoxide alarm"", ""Dishes and silverware"", ""Pets allowed"", ""Self check-in""]",1346801758960246004,"['Free washer – In building', 'Smoke alarm', 'Kitchen', 'Dishwasher', 'Coffee maker: drip coffee maker', 'Iron', 'Air conditioning', 'Lockbox', 'Free dryer – In building', 'Wifi', 'Microwave', 'Hair dryer', 'TV', 'Free parking on premises', 'Carbon monoxide alarm', 'Dishes and silverware', 'Pets allowed', 'Self check-in']",18,1,1,1,1,0,1,0,0,0,0,1,1,Entire place
TWELFTH WARD,42.68507834404223,-73.79764015056868,42,Entire home/apt,Entire home,6,2.0,2.0,3,0.25,3,5.0,5.0,4.67,253,f,"[""Smoke alarm"", ""Kitchen"", ""Dishwasher"", ""Wifi"", ""Hot water"", ""Fire pit"", ""Outdoor dining area"", ""TV"", ""Carbon monoxide alarm"", ""Bed linens"", ""Bathtub"", ""Cooking basics"", ""Ceiling fan"", ""Iron"", ""Hot water kettle"", ""Dedicated workspace"", ""Microwave"", ""Dining table"", ""Washer"", ""Pets allowed"", ""Electric stove"", ""Oven"", ""Radiant heating"", ""Portable fans"", ""Exterior security cameras on property"", ""Air conditioning"", ""Toaster"", ""Free parking on premises"", ""Dishes and silverware"", ""Hangers"", ""Refrigerator"", ""Self check-in"", ""Freezer"", ""Lockbox"", ""Fire extinguisher"", ""Free dryer \u2013 In unit"", ""Cleaning products"", ""Clothing storage: walk-in closet, closet, and dresser""]",1350831900774924999,"['Smoke alarm', 'Kitchen', 'Dishwasher', 'Wifi', 'Hot water', 'Fire pit', 'Outdoor dining area', 'TV', 'Carbon monoxide alarm', 'Bed linens', 'Bathtub', 'Cooking basics', 'Ceiling fan', 'Iron', 'Hot water kettle', 'Dedicated workspace', 'Microwave', 'Dining table', 'Washer', 'Pets allowed', 'Electric stove', 'Oven', 'Radiant heating', 'Portable fans', 'Exterior security cameras on property', 'Air conditioning', 'Toaster', 'Free parking on premises', 'Dishes and silverware', 'Hangers', 'Refrigerator', 'Self check-in', 'Freezer', 'Lockbox', 'Fire extinguisher', 'Free dryer – In unit', 'Cleaning products', 'Clothing storage: walk-in closet, closet, and dresser']",38,1,1,1,1,1,1,1,0,0,0,1,1,Entire place
FIFTEENTH WARD,42.67003713546928,-73.82302715231661,255,Entire home/apt,Entire home,6,3.0,1.5,68,5.59,68,4.9,4.87,4.91,338,t,"[""Smoke alarm"", ""Kitchen"", ""Dishwasher"", ""Stainless steel single oven"", ""Wifi"", ""Shower gel"", ""Hot water"", ""Private entrance"", ""Hair dryer"", ""Body soap"", ""TV"", ""Carbon monoxide alarm"", ""Bed linens"", ""Bathtub"", ""Cooking basics"", ""Shampoo"", ""Iron"", ""Wine glasses"", ""Microwave"", ""Coffee maker: Keurig coffee machine"", ""Dining table"", ""Washer"", ""Long term stays allowed"", ""Pets allowed"", ""Exterior security cameras on property"", ""Air conditioning"", ""Coffee"", ""Clothing storage: closet"", ""Central heating"", ""First aid kit"", ""Stainless steel electric stove"", ""Baby bath"", ""Conditioner"", ""Free parking on premises"", ""Dishes and silverware"", ""Hangers"", ""Refrigerator"", ""Freezer"", ""Fire extinguisher"", ""Free dryer \u2013 In unit""]",1350872245042831459,"['Smoke alarm', 'Kitchen', 'Dishwasher', 'Stainless steel single oven', 'Wifi', 'Shower gel', 'Hot water', 'Private entrance', 'Hair dryer', 'Body soap', 'TV', 'Carbon monoxide alarm', 'Bed linens', 'Bathtub', 'Cooking basics', 'Shampoo', 'Iron', 'Wine glasses', 'Microwave', 'Coffee maker: Keurig coffee machine', 'Dining table', 'Washer', 'Long term stays allowed', 'Pets allowed', 'Exterior security cameras on property', 'Air conditioning', 'Coffee', 'Clothing storage: closet', 'Central heating', 'First aid kit', 'Stainless steel electric stove', 'Baby bath', 'Conditioner', 'Free parking on premises', 'Dishes and silverware', 'Hangers', 'Refrigerator', 'Freezer', 'Fire extinguisher', 'Free dryer – In unit']",40,1,1,1,0,0,1,0,1,0,0,1,1,Entire place
THIRD WARD,42.66526304906058,-73.76716070107956,0,Entire home/apt,Entire rental unit,4,2.0,1.0,0,,0,,,,321,f,"[""Smoke alarm"", ""Kitchen"", ""Clothing storage: closet and dresser"", ""Wifi"", ""Hot water"", ""Private entrance"", ""Outdoor dining area"", ""TV"", ""Carbon monoxide alarm"", ""Bed linens"", ""Bathtub"", ""Cooking basics"", ""Iron"", ""Room-darkening shades"", ""Dedicated workspace"", ""Microwave"", ""Dining table"", ""Dryer \u2013\u00a0In unit"", ""Washer \u2013\u00a0In unit"", ""Electric stove"", ""BBQ grill"", ""Radiant heating"", ""Air conditioning"", ""Laundromat nearby"", ""Outdoor furniture"", ""Single oven"", ""Free parking on premises"", ""Dishes and silverware"", ""Hangers"", ""Whirlpool  refrigerator"", ""Coffee maker: drip coffee maker"", ""Free street parking"", ""Private backyard \u2013 Fully fenced"", ""Cleaning products""]",1358581858384454275,"['Smoke alarm', 'Kitchen', 'Clothing storage: closet and dresser', 'Wifi', 'Hot water', 'Private entrance', 'Outdoor dining area', 'TV', 'Carbon monoxide alarm', 'Bed linens', 'Bathtub', 'Cooking basics', 'Iron', 'Room-darkening shades', 'Dedicated workspace', 'Microwave', 'Dining table', 'Dryer –\xa0In unit', 'Washer –\xa0In unit', 'Electric stove', 'BBQ grill', 'Radiant heating', 'Air conditioning', 'Laundromat nearby', 'Outdoor furniture', 'Single oven', 'Free parking on premises', 'Dishes and silverware', 'Hangers', 'Whirlpool  refrigerator', 'Coffee maker: drip coffee maker', 'Free street parking', 'Private backyard – Fully fenced', 'Cleaning products']",34,1,1,1,0,1,1,1,0,1,0,0,1,Entire place
THIRTEENTH WARD,42.66891,-73.79096,42,Entire home/apt,Entire home,5,3.0,1.0,7,0.73,7,4.14,4.14,4.43,363,f,"[""Smoke alarm"", ""Kitchen"", ""Wifi"", ""Dryer"", ""Carbon monoxide alarm"", ""Bed linens"", ""Pool table"", ""Room-darkening shades"", ""Washer"", ""Pets allowed"", ""Radiant heating"", ""Noise decibel monitors on property"", ""Air conditioning"", ""Exterior security cameras on property"", ""Patio or balcony"", ""First aid kit"", ""Self check-in"", ""Hangers"", ""Fire extinguisher"", ""Keypad""]",1363867065584533091,"['Smoke alarm', 'Kitchen', 'Wifi', 'Dryer', 'Carbon monoxide alarm', 'Bed linens', 'Pool table', 'Room-darkening shades', 'Washer', 'Pets allowed', 'Radiant heating', 'Noise decibel monitors on property', 'Air conditioning', 'Exterior security cameras on property', 'Patio or balcony', 'First aid kit', 'Self check-in', 'Hangers', 'Fire extinguisher', 'Keypad']",20,1,1,0,1,0,1,1,0,0,0,1,1,Entire place
SECOND WARD,42.6436654,-73.7536006,252,Entire home/apt,Entire condo,4,2.0,1.0,42,3.6,42,4.69,4.83,4.57,354,f,"[""Smoke alarm"", ""Kitchen"", ""Hot water"", ""Hair dryer"", ""Carbon monoxide alarm"", ""Bed linens"", ""Bathtub"", ""Cooking basics"", ""Iron"", ""Hot water kettle"", ""Wine glasses"", ""Dedicated workspace"", ""Microwave"", ""Coffee maker: Keurig coffee machine"", ""Clothing storage"", ""Dining table"", ""Heating"", ""Extra pillows and blankets"", ""Exterior security cameras on property"", ""Toaster"", ""Essentials"", ""40 inch HDTV with Netflix, Hulu, Amazon Prime Video"", ""Free parking on premises"", ""Window AC unit"", ""Dishes and silverware"", ""Hangers"", ""Refrigerator"", ""Self check-in"", ""Freezer"", ""Keypad"", ""Fast wifi \u2013 301 Mbps"", ""Stove""]",1365428503448527322,"['Smoke alarm', 'Kitchen', 'Hot water', 'Hair dryer', 'Carbon monoxide alarm', 'Bed linens', 'Bathtub', 'Cooking basics', 'Iron', 'Hot water kettle', 'Wine glasses', 'Dedicated workspace', 'Microwave', 'Coffee maker: Keurig coffee machine', 'Clothing storage', 'Dining table', 'Heating', 'Extra pillows and blankets', 'Exterior security cameras on property', 'Toaster', 'Essentials', '40 inch HDTV with Netflix, Hulu, Amazon Prime Video', 'Free parking on premises', 'Window AC unit', 'Dishes and silverware', 'Hangers', 'Refrigerator', 'Self check-in', 'Freezer', 'Keypad', 'Fast wifi – 301 Mbps', 'Stove']",32,1,1,1,1,1,1,0,0,0,0,0,1,Entire place
EIGHTH WARD,42.64533014600323,-73.789131045637,246,Entire home/apt,Entire home,8,4.0,2.5,41,3.67,41,4.88,4.83,4.83,218,t,"[""Smoke alarm"", ""Kitchen"", ""Dishwasher"", ""Wifi"", ""Hot water"", ""Coffee maker"", ""Hair dryer"", ""Body soap"", ""Carbon monoxide alarm"", ""Bed linens"", ""Bathtub"", ""Cooking basics"", ""Ceiling fan"", ""Shampoo"", ""Iron"", ""Baking sheet"", ""TV with standard cable"", ""Dedicated workspace"", ""Microwave"", ""Clothing storage"", ""Dining table"", ""Heating"", ""Smart lock"", ""Extra pillows and blankets"", ""Oven"", ""Exterior security cameras on property"", ""Air conditioning"", ""Toaster"", ""Essentials"", ""Coffee"", ""Free driveway parking on premises"", ""First aid kit"", ""Conditioner"", ""Dishes and silverware"", ""Hangers"", ""Refrigerator"", ""Self check-in"", ""Freezer"", ""Fire extinguisher"", ""Private backyard \u2013 Fully fenced"", ""Board games"", ""Stove""]",1366933239765507591,"['Smoke alarm', 'Kitchen', 'Dishwasher', 'Wifi', 'Hot water', 'Coffee maker', 'Hair dryer', 'Body soap', 'Carbon monoxide alarm', 'Bed linens', 'Bathtub', 'Cooking basics', 'Ceiling fan', 'Shampoo', 'Iron', 'Baking sheet', 'TV with standard cable', 'Dedicated workspace', 'Microwave', 'Clothing storage', 'Dining table', 'Heating', 'Smart lock', 'Extra pillows and blankets', 'Oven', 'Exterior security cameras on property', 'Air conditioning', 'Toaster', 'Essentials', 'Coffee', 'Free driveway parking on premises', 'First aid kit', 'Conditioner', 'Dishes and silverware', 'Hangers', 'Refrigerator', 'Self check-in', 'Freezer', 'Fire extinguisher', 'Private backyard – Fully fenced', 'Board games', 'Stove']",42,1,1,1,1,1,1,1,0,0,0,0,1,Entire place
FOURTH WARD,42.66159372265361,-73.75439956511829,255,Entire home/apt,Entire rental unit,4,2.0,1.0,51,4.55,51,4.63,4.63,4.1,293,f,"[""Smoke alarm"", ""Kitchen"", ""Dishwasher"", ""Trash compactor"", ""Wifi"", ""Shower gel"", ""Hot water"", ""Coffee maker"", ""Private entrance"", ""Hair dryer"", ""Body soap"", ""Dryer"", ""TV"", ""Carbon monoxide alarm"", ""Bed linens"", ""Bathtub"", ""Cooking basics"", ""Shampoo"", ""Iron"", ""Room-darkening shades"", ""Safe"", ""Wine glasses"", ""Microwave"", ""Clothing storage"", ""Heating"", ""Extra pillows and blankets"", ""Long term stays allowed"", ""Oven"", ""Drying rack for clothing"", ""Exterior security cameras on property"", ""Toaster"", ""Backyard"", ""Essentials"", ""Coffee"", ""Outdoor furniture"", ""Conditioner"", ""Free parking on premises"", ""Window AC unit"", ""Dishes and silverware"", ""Hangers"", ""Refrigerator"", ""Self check-in"", ""Free washer \u2013 In building"", ""Freezer"", ""Free street parking"", ""Fire extinguisher"", ""Keypad"", ""Stove""]",1369127908322228929,"['Smoke alarm', 'Kitchen', 'Dishwasher', 'Trash compactor', 'Wifi', 'Shower gel', 'Hot water', 'Coffee maker', 'Private entrance', 'Hair dryer', 'Body soap', 'Dryer', 'TV', 'Carbon monoxide alarm', 'Bed linens', 'Bathtub', 'Cooking basics', 'Shampoo', 'Iron', 'Room-darkening shades', 'Safe', 'Wine glasses', 'Microwave', 'Clothing storage', 'Heating', 'Extra pillows and blankets', 'Long term stays allowed', 'Oven', 'Drying rack for clothing', 'Exterior security cameras on property', 'Toaster', 'Backyard', 'Essentials', 'Coffee', 'Outdoor furniture', 'Conditioner', 'Free parking on premises', 'Window AC unit', 'Dishes and silverware', 'Hangers', 'Refrigerator', 'Self check-in', 'Free washer – In building', 'Freezer', 'Free street parking', 'Fire extinguisher', 'Keypad', 'Stove']",48,1,1,1,1,0,1,1,0,0,0,0,1,Entire place
FIFTH WARD,42.66023621248564,-73.75777994908182,0,Entire home/apt,Entire rental unit,4,2.0,1.0,0,,0,,,,365,f,"[""Smoke alarm"", ""Kitchen"", ""Wifi"", ""TV"", ""Carbon monoxide alarm"", ""Bed linens"", ""Cooking basics"", ""Baking sheet"", ""Iron"", ""Bread maker"", ""Room-darkening shades"", ""Microwave"", ""Dining table"", ""Stainless steel oven"", ""Pets allowed"", ""Electric stove"", ""Radiant heating"", ""Exterior security cameras on property"", ""Toaster"", ""Coffee"", ""Clothing storage: closet"", ""First aid kit"", ""Barbecue utensils"", ""Dishes and silverware"", ""Window AC unit"", ""Hangers"", ""Refrigerator"", ""Blender"", ""Freezer"", ""Coffee maker: drip coffee maker"", ""Free street parking"", ""Fire extinguisher""]",1369145599555854547,"['Smoke alarm', 'Kitchen', 'Wifi', 'TV', 'Carbon monoxide alarm', 'Bed linens', 'Cooking basics', 'Baking sheet', 'Iron', 'Bread maker', 'Room-darkening shades', 'Microwave', 'Dining table', 'Stainless steel oven', 'Pets allowed', 'Electric stove', 'Radiant heating', 'Exterior security cameras on property', 'Toaster', 'Coffee', 'Clothing storage: closet', 'First aid kit', 'Barbecue utensils', 'Dishes and silverware', 'Window AC unit', 'Hangers', 'Refrigerator', 'Blender', 'Freezer', 'Coffee maker: drip coffee maker', 'Free street parking', 'Fire extinguisher']",32,1,0,1,0,0,1,0,0,0,0,1,1,Entire place
FIRST WARD,42.63962651941938,-73.7733080081594,6,Entire home/apt,Entire home,6,3.0,1.0,1,0.25,1,3.0,3.0,3.0,364,f,"[""Smoke alarm"", ""Kitchen"", ""Wifi"", ""Hot water"", ""Coffee maker"", ""Private entrance"", ""Hair dryer"", ""TV"", ""Carbon monoxide alarm"", ""Bed linens"", ""Cooking basics"", ""Shampoo"", ""Iron"", ""Microwave"", ""Gym nearby"", ""Dining table"", ""Smart lock"", ""Toaster"", ""Essentials"", ""Central heating"", ""First aid kit"", ""Free parking on premises"", ""Window AC unit"", ""Dishes and silverware"", ""Hangers"", ""Refrigerator"", ""Self check-in"", ""Fire extinguisher"", ""Private backyard""]",1369768924474303403,"['Smoke alarm', 'Kitchen', 'Wifi', 'Hot water', 'Coffee maker', 'Private entrance', 'Hair dryer', 'TV', 'Carbon monoxide alarm', 'Bed linens', 'Cooking basics', 'Shampoo', 'Iron', 'Microwave', 'Gym nearby', 'Dining table', 'Smart lock', 'Toaster', 'Essentials', 'Central heating', 'First aid kit', 'Free parking on premises', 'Window AC unit', 'Dishes and silverware', 'Hangers', 'Refrigerator', 'Self check-in', 'Fire extinguisher', 'Private backyard']",29,1,1,1,1,0,1,1,0,1,0,0,1,Entire place
TENTH WARD,42.66315402479468,-73.78910123743358,56,Entire home/apt,Entire rental unit,8,4.0,1.0,1,0.15,1,5.0,5.0,4.0,167,t,"[""Smoke alarm"", ""Kitchen"", ""Private patio or balcony"", ""Gas stove"", ""Wifi"", ""Hot water"", ""Private entrance"", ""TV"", ""Carbon monoxide alarm"", ""Bed linens"", ""Bathtub"", ""Cooking basics"", ""Room-darkening shades"", ""Hot water kettle"", ""Wine glasses"", ""Dedicated workspace"", ""Microwave"", ""Clothing storage"", ""Dining table"", ""Extra pillows and blankets"", ""Long term stays allowed"", ""Oven"", ""Radiant heating"", ""Paid washer \u2013 In building"", ""Exterior security cameras on property"", ""Air conditioning"", ""Essentials"", ""Laundromat nearby"", ""Free parking on premises"", ""Dishes and silverware"", ""Hangers"", ""Refrigerator"", ""Self check-in"", ""Free street parking"", ""Coffee maker: pour-over coffee"", ""Keypad"", ""Paid dryer \u2013 In building""]",1371626040166892504,"['Smoke alarm', 'Kitchen', 'Private patio or balcony', 'Gas stove', 'Wifi', 'Hot water', 'Private entrance', 'TV', 'Carbon monoxide alarm', 'Bed linens', 'Bathtub', 'Cooking basics', 'Room-darkening shades', 'Hot water kettle', 'Wine glasses', 'Dedicated workspace', 'Microwave', 'Clothing storage', 'Dining table', 'Extra pillows and blankets', 'Long term stays allowed', 'Oven', 'Radiant heating', 'Paid washer – In building', 'Exterior security cameras on property', 'Air conditioning', 'Essentials', 'Laundromat nearby', 'Free parking on premises', 'Dishes and silverware', 'Hangers', 'Refrigerator', 'Self check-in', 'Free street parking', 'Coffee maker: pour-over coffee', 'Keypad', 'Paid dryer – In building']",37,1,1,1,1,1,1,1,0,0,0,0,1,Entire place
SIXTH WARD,42.65040602684423,-73.76433185078635,255,Entire home/apt,Entire rental unit,4,1.0,1.0,63,5.98,63,4.76,4.78,4.78,307,f,"[""Smoke alarm"", ""Kitchen"", ""Stainless steel single oven"", ""Wifi"", ""Shower gel"", ""Free driveway parking on premises \u2013 1 space"", ""Hot water"", ""Coffee maker"", ""Private entrance"", ""Hair dryer"", ""Body soap"", ""TV"", ""Carbon monoxide alarm"", ""Bed linens"", ""Bathtub"", ""Children\u2019s dinnerware"", ""Ceiling fan"", ""Shampoo"", ""Iron"", ""Cooking basics"", ""Microwave"", ""Dining table"", ""Washer"", ""Extra pillows and blankets"", ""Pets allowed"", ""Long term stays allowed"", ""Electric stove"", ""Radiant heating"", ""Portable fans"", ""Drying rack for clothing"", ""Exterior security cameras on property"", ""Air conditioning"", ""Backyard"", ""Essentials"", ""Laundromat nearby"", ""Books and reading material"", ""Clothing storage: closet"", ""First aid kit"", ""Conditioner"", ""Dishes and silverware"", ""Hangers"", ""Refrigerator"", ""Self check-in"", ""Free street parking"", ""Fire extinguisher"", ""Cleaning products"", ""Keypad"", ""Board games""]",1371829070623409671,"['Smoke alarm', 'Kitchen', 'Stainless steel single oven', 'Wifi', 'Shower gel', 'Free driveway parking on premises – 1 space', 'Hot water', 'Coffee maker', 'Private entrance', 'Hair dryer', 'Body soap', 'TV', 'Carbon monoxide alarm', 'Bed linens', 'Bathtub', 'Children’s dinnerware', 'Ceiling fan', 'Shampoo', 'Iron', 'Cooking basics', 'Microwave', 'Dining table', 'Washer', 'Extra pillows and blankets', 'Pets allowed', 'Long term stays allowed', 'Electric stove', 'Radiant heating', 'Portable fans', 'Drying rack for clothing', 'Exterior security cameras on property', 'Air conditioning', 'Backyard', 'Essentials', 'Laundromat nearby', 'Books and reading material', 'Clothing storage: closet', 'First aid kit', 'Conditioner', 'Dishes and silverware', 'Hangers', 'Refrigerator', 'Self check-in', 'Free street parking', 'Fire extinguisher', 'Cleaning products', 'Keypad', 'Board games']",48,1,1,1,1,0,1,1,1,0,0,1,1,Entire place
FOURTEENTH WARD,42.67057,-73.80939,132,Entire home/apt,Entire home,8,3.0,2.0,22,3.13,22,5.0,4.86,4.95,347,t,"[""Smoke alarm"", ""Kitchen"", ""Dishwasher"", ""Samsung oven"", ""Changing table"", ""Private patio or balcony"", ""Clothing storage: closet and dresser"", ""Wifi"", ""Shower gel"", ""Climbing wall"", ""Coffee maker"", ""Hair dryer"", ""Body soap"", ""HDTV with Amazon Prime Video, Apple TV, Disney+, HBO Max, Netflix"", ""Private entrance"", ""Fire pit"", ""Outdoor dining area"", ""Gym"", ""Carbon monoxide alarm"", ""Bed linens"", ""Heating - split type ductless system"", ""Luggage dropoff allowed"", ""Children\u2019s books and toys for ages 0-2 years old, 2-5 years old, 5-10 years old, and 10+ years old"", ""Children\u2019s dinnerware"", ""Ceiling fan"", ""Shampoo"", ""Iron"", ""Room-darkening shades"", ""Cooking basics"", ""Hot water kettle"", ""Dedicated workspace"", ""Microwave"", ""Wine glasses"", ""Baking sheet"", ""Dining table"", ""Washer"", ""Smart lock"", ""Extra pillows and blankets"", ""Long term stays allowed"", ""AC - split type ductless system"", ""Toaster"", ""Essentials"", ""Coffee"", ""Laundromat nearby"", ""Outdoor furniture"", ""Sound system"", ""Books and reading material"", ""Central heating"", ""First aid kit"", ""Barbecue utensils"", ""Baby bath"", ""Conditioner"", ""Dishes and silverware"", ""Hangers"", ""Blender"", ""Free driveway parking on premises \u2013 4 spaces"", ""Self check-in"", ""Freezer"", ""Free street parking"", ""Crib - available upon request"", ""Fire extinguisher"", ""Children's playroom"", ""Free dryer \u2013 In unit"", ""Exercise equipment: elliptical, free weights, yoga mat"", ""Private backyard \u2013 Fully fenced"", ""Cleaning products"", ""Bidet"", ""Board games"", ""Samsung  refrigerator""]",1374747174653747946,"['Smoke alarm', 'Kitchen', 'Dishwasher', 'Samsung oven', 'Changing table', 'Private patio or balcony', 'Clothing storage: closet and dresser', 'Wifi', 'Shower gel', 'Climbing wall', 'Coffee maker', 'Hair dryer', 'Body soap', 'HDTV with Amazon Prime Video, Apple TV, Disney+, HBO Max, Netflix', 'Private entrance', 'Fire pit', 'Outdoor dining area', 'Gym', 'Carbon monoxide alarm', 'Bed linens', 'Heating - split type ductless system', 'Luggage dropoff allowed', 'Children’s books and toys for ages 0-2 years old, 2-5 years old, 5-10 years old, and 10+ years old', 'Children’s dinnerware', 'Ceiling fan', 'Shampoo', 'Iron', 'Room-darkening shades', 'Cooking basics', 'Hot water kettle', 'Dedicated workspace', 'Microwave', 'Wine glasses', 'Baking sheet', 'Dining table', 'Washer', 'Smart lock', 'Extra pillows and blankets', 'Long term stays allowed', 'AC - split type ductless system', 'Toaster', 'Essentials', 'Coffee', 'Laundromat nearby', 'Outdoor furniture', 'Sound system', 'Books and reading material', 'Central heating', 'First aid kit', 'Barbecue utensils', 'Baby bath', 'Conditioner', 'Dishes and silverware', 'Hangers', 'Blender', 'Free driveway parking on premises – 4 spaces', 'Self check-in', 'Freezer', 'Free street parking', 'Crib - available upon request', 'Fire extinguisher', ""Children's playroom"", 'Free dryer – In unit', 'Exercise equipment: elliptical, free weights, yoga mat', 'Private backyard – Fully fenced', 'Cleaning products', 'Bidet', 'Board games', 'Samsung  refrigerator']",69,1,1,1,1,1,1,1,1,1,0,0,1,Entire place
FOURTEENTH WARD,42.66598411229728,-73.81880097091198,42,Entire home/apt,Entire home,5,3.0,2.5,3,0.34,3,5.0,5.0,5.0,88,f,"[""Smoke alarm"", ""Kitchen"", ""Dishwasher"", ""Private patio or balcony"", ""Wifi"", ""Hot water"", ""Fire pit"", ""TV"", ""Carbon monoxide alarm"", ""Ceiling fan"", ""Central air conditioning"", ""Hot water kettle"", ""Dryer \u2013\u00a0In unit"", ""Washer"", ""Exterior security cameras on property"", ""Central heating"", ""First aid kit"", ""BBQ grill: charcoal"", ""Free parking on premises"", ""Blender"", ""Fire extinguisher"", ""Stove""]",1375007693720508441,"['Smoke alarm', 'Kitchen', 'Dishwasher', 'Private patio or balcony', 'Wifi', 'Hot water', 'Fire pit', 'TV', 'Carbon monoxide alarm', 'Ceiling fan', 'Central air conditioning', 'Hot water kettle', 'Dryer –\xa0In unit', 'Washer', 'Exterior security cameras on property', 'Central heating', 'First aid kit', 'BBQ grill: charcoal', 'Free parking on premises', 'Blender', 'Fire extinguisher', 'Stove']",22,1,1,1,0,0,1,1,0,0,0,0,1,Entire place
SEVENTH WARD,42.64764408604364,-73.7715925383664,66,Entire home/apt,Entire rental unit,2,1.0,1.0,11,1.02,11,4.82,4.55,4.55,144,t,"[""Smoke alarm"", ""Kitchen"", ""Clothing storage: closet and dresser"", ""Wifi"", ""Shower gel"", ""Hot water"", ""Stainless steel double oven"", ""Private entrance"", ""Hair dryer"", ""Body soap"", ""TV"", ""Carbon monoxide alarm"", ""Bathtub"", ""Cooking basics"", ""Shampoo"", ""Iron"", ""Room-darkening shades"", ""Hot water kettle"", ""Dedicated workspace"", ""Microwave"", ""Coffee maker: Keurig coffee machine"", ""Washer"", ""Extra pillows and blankets"", ""Long term stays allowed"", ""Electric stove"", ""Portable fans"", ""Toaster"", ""Coffee"", ""Shared patio or balcony"", ""Central heating"", ""Conditioner"", ""Free parking on premises"", ""Dishes and silverware"", ""Hangers"", ""Refrigerator"", ""Self check-in"", ""Free dryer \u2013 In unit"", ""Keypad"", ""Cleaning available during stay""]",1376989617162173438,"['Smoke alarm', 'Kitchen', 'Clothing storage: closet and dresser', 'Wifi', 'Shower gel', 'Hot water', 'Stainless steel double oven', 'Private entrance', 'Hair dryer', 'Body soap', 'TV', 'Carbon monoxide alarm', 'Bathtub', 'Cooking basics', 'Shampoo', 'Iron', 'Room-darkening shades', 'Hot water kettle', 'Dedicated workspace', 'Microwave', 'Coffee maker: Keurig coffee machine', 'Washer', 'Extra pillows and blankets', 'Long term stays allowed', 'Electric stove', 'Portable fans', 'Toaster', 'Coffee', 'Shared patio or balcony', 'Central heating', 'Conditioner', 'Free parking on premises', 'Dishes and silverware', 'Hangers', 'Refrigerator', 'Self check-in', 'Free dryer – In unit', 'Keypad', 'Cleaning available during stay']",39,1,1,1,1,1,0,1,0,0,0,0,1,Entire place
TENTH WARD,42.66148231183373,-73.78761856260732,168,Private room,Private room in rental unit,1,1.0,1.0,3,0.45,3,5.0,5.0,4.67,70,t,"[""Smoke alarm"", ""Kitchen"", ""Wifi"", ""Hot water"", ""Private entrance"", ""Dryer"", ""TV"", ""Carbon monoxide alarm"", ""Bed linens"", ""Bathtub"", ""Cooking basics"", ""Room-darkening shades"", ""Hot water kettle"", ""Wine glasses"", ""Dedicated workspace"", ""Microwave"", ""Clothing storage"", ""Dining table"", ""Heating"", ""Washer"", ""Extra pillows and blankets"", ""Long term stays allowed"", ""Oven"", ""Exterior security cameras on property"", ""Patio or balcony"", ""Essentials"", ""Lock on bedroom door"", ""Laundromat nearby"", ""Free parking on premises"", ""Dishes and silverware"", ""Hangers"", ""Refrigerator"", ""Self check-in"", ""Free street parking"", ""Coffee maker: pour-over coffee"", ""Keypad"", ""Stove"", ""Private living room""]",1377446918025263146,"['Smoke alarm', 'Kitchen', 'Wifi', 'Hot water', 'Private entrance', 'Dryer', 'TV', 'Carbon monoxide alarm', 'Bed linens', 'Bathtub', 'Cooking basics', 'Room-darkening shades', 'Hot water kettle', 'Wine glasses', 'Dedicated workspace', 'Microwave', 'Clothing storage', 'Dining table', 'Heating', 'Washer', 'Extra pillows and blankets', 'Long term stays allowed', 'Oven', 'Exterior security cameras on property', 'Patio or balcony', 'Essentials', 'Lock on bedroom door', 'Laundromat nearby', 'Free parking on premises', 'Dishes and silverware', 'Hangers', 'Refrigerator', 'Self check-in', 'Free street parking', 'Coffee maker: pour-over coffee', 'Keypad', 'Stove', 'Private living room']",38,1,1,1,1,1,0,1,0,0,0,0,1,Private room
TENTH WARD,42.66310642184764,-73.78716159656459,112,Private room,Private room in rental unit,2,1.0,1.0,2,0.42,2,5.0,4.5,3.5,160,t,"[""Smoke alarm"", ""Kitchen"", ""Ethernet connection"", ""Wifi"", ""Hot water"", ""Private entrance"", ""Dryer"", ""TV"", ""Carbon monoxide alarm"", ""Bed linens"", ""Bathtub"", ""Cooking basics"", ""Baking sheet"", ""Room-darkening shades"", ""Hot water kettle"", ""Wine glasses"", ""Dedicated workspace"", ""Microwave"", ""Clothing storage"", ""Dining table"", ""Heating"", ""Washer"", ""Extra pillows and blankets"", ""Long term stays allowed"", ""Oven"", ""Exterior security cameras on property"", ""Air conditioning"", ""Patio or balcony"", ""Essentials"", ""Lock on bedroom door"", ""Laundromat nearby"", ""Free parking on premises"", ""Dishes and silverware"", ""Hangers"", ""Refrigerator"", ""Self check-in"", ""Freezer"", ""Free street parking"", ""Coffee maker: pour-over coffee"", ""Cleaning products"", ""Keypad"", ""Cleaning available during stay"", ""Stove"", ""Private living room""]",1377471842094741150,"['Smoke alarm', 'Kitchen', 'Ethernet connection', 'Wifi', 'Hot water', 'Private entrance', 'Dryer', 'TV', 'Carbon monoxide alarm', 'Bed linens', 'Bathtub', 'Cooking basics', 'Baking sheet', 'Room-darkening shades', 'Hot water kettle', 'Wine glasses', 'Dedicated workspace', 'Microwave', 'Clothing storage', 'Dining table', 'Heating', 'Washer', 'Extra pillows and blankets', 'Long term stays allowed', 'Oven', 'Exterior security cameras on property', 'Air conditioning', 'Patio or balcony', 'Essentials', 'Lock on bedroom door', 'Laundromat nearby', 'Free parking on premises', 'Dishes and silverware', 'Hangers', 'Refrigerator', 'Self check-in', 'Freezer', 'Free street parking', 'Coffee maker: pour-over coffee', 'Cleaning products', 'Keypad', 'Cleaning available during stay', 'Stove', 'Private living room']",44,1,1,1,1,1,1,1,0,0,0,0,1,Private room
TENTH WARD,42.66183099633526,-73.78755056940085,112,Private room,Private room in rental unit,2,1.0,1.0,2,0.28,2,5.0,5.0,5.0,70,t,"[""Smoke alarm"", ""Kitchen"", ""Wifi"", ""Hot water"", ""Private entrance"", ""Dryer"", ""TV"", ""Carbon monoxide alarm"", ""Bed linens"", ""Bathtub"", ""Cooking basics"", ""Room-darkening shades"", ""Hot water kettle"", ""Wine glasses"", ""Dedicated workspace"", ""Microwave"", ""Clothing storage"", ""Dining table"", ""Heating"", ""Washer"", ""Extra pillows and blankets"", ""Long term stays allowed"", ""Oven"", ""Exterior security cameras on property"", ""Patio or balcony"", ""Essentials"", ""Lock on bedroom door"", ""Laundromat nearby"", ""Free parking on premises"", ""Dishes and silverware"", ""Hangers"", ""Refrigerator"", ""Self check-in"", ""Free street parking"", ""Coffee maker: pour-over coffee"", ""Keypad"", ""Stove"", ""Private living room""]",1377480167938312156,"['Smoke alarm', 'Kitchen', 'Wifi', 'Hot water', 'Private entrance', 'Dryer', 'TV', 'Carbon monoxide alarm', 'Bed linens', 'Bathtub', 'Cooking basics', 'Room-darkening shades', 'Hot water kettle', 'Wine glasses', 'Dedicated workspace', 'Microwave', 'Clothing storage', 'Dining table', 'Heating', 'Washer', 'Extra pillows and blankets', 'Long term stays allowed', 'Oven', 'Exterior security cameras on property', 'Patio or balcony', 'Essentials', 'Lock on bedroom door', 'Laundromat nearby', 'Free parking on premises', 'Dishes and silverware', 'Hangers', 'Refrigerator', 'Self check-in', 'Free street parking', 'Coffee maker: pour-over coffee', 'Keypad', 'Stove', 'Private living room']",38,1,1,1,1,1,0,1,0,0,0,0,1,Private room
SEVENTH WARD,42.64628669280813,-73.7715308891403,204,Entire home/apt,Entire rental unit,2,1.0,1.0,34,3.08,34,4.74,4.79,4.56,242,t,"[""Smoke alarm"", ""Kitchen"", ""Wifi"", ""Shower gel"", ""Hot water"", ""Private entrance"", ""Hair dryer"", ""Body soap"", ""TV"", ""Carbon monoxide alarm"", ""Bathtub"", ""Cooking basics"", ""Shampoo"", ""Iron"", ""Room-darkening shades"", ""Hot water kettle"", ""Dedicated workspace"", ""Microwave"", ""Coffee maker: Keurig coffee machine"", ""Clothing storage"", ""Heating"", ""Extra pillows and blankets"", ""Long term stays allowed"", ""Oven"", ""Portable fans"", ""Patio or balcony"", ""Air conditioning"", ""Toaster"", ""Coffee"", ""Conditioner"", ""Free parking on premises"", ""Dishes and silverware"", ""Hangers"", ""Refrigerator"", ""Self check-in"", ""Keypad"", ""Cleaning available during stay"", ""Stove""]",1379906377578749938,"['Smoke alarm', 'Kitchen', 'Wifi', 'Shower gel', 'Hot water', 'Private entrance', 'Hair dryer', 'Body soap', 'TV', 'Carbon monoxide alarm', 'Bathtub', 'Cooking basics', 'Shampoo', 'Iron', 'Room-darkening shades', 'Hot water kettle', 'Dedicated workspace', 'Microwave', 'Coffee maker: Keurig coffee machine', 'Clothing storage', 'Heating', 'Extra pillows and blankets', 'Long term stays allowed', 'Oven', 'Portable fans', 'Patio or balcony', 'Air conditioning', 'Toaster', 'Coffee', 'Conditioner', 'Free parking on premises', 'Dishes and silverware', 'Hangers', 'Refrigerator', 'Self check-in', 'Keypad', 'Cleaning available during stay', 'Stove']",38,1,1,1,1,1,1,1,0,0,0,0,1,Entire place
ELEVENTH WARD,42.6800233833328,-73.78522330726621,96,Private room,Room in hotel,2,1.0,1.0,16,1.52,16,4.63,4.56,4.5,363,f,"[""Smoke alarm"", ""Wifi"", ""Hot water"", ""Body soap"", ""TV"", ""Gym"", ""Bed linens"", ""Bathtub"", ""Dedicated workspace"", ""Clothing storage"", ""Dining table"", ""Heating"", ""Washer"", ""Air conditioning"", ""Coffee"", ""Conditioner"", ""Free parking on premises"", ""Hangers"", ""Free street parking"", ""Fire extinguisher"", ""Bidet""]",1380555997747082021,"['Smoke alarm', 'Wifi', 'Hot water', 'Body soap', 'TV', 'Gym', 'Bed linens', 'Bathtub', 'Dedicated workspace', 'Clothing storage', 'Dining table', 'Heating', 'Washer', 'Air conditioning', 'Coffee', 'Conditioner', 'Free parking on premises', 'Hangers', 'Free street parking', 'Fire extinguisher', 'Bidet']",21,0,1,1,0,1,1,0,0,1,0,0,1,Hotel room
ELEVENTH WARD,42.68231684583981,-73.7836715628194,90,Entire home/apt,Entire rental unit,3,1.0,1.0,15,1.4,15,4.2,3.93,4.2,356,f,"[""Wifi"", ""Shower gel"", ""Hot water"", ""Coffee maker"", ""TV"", ""Bed linens"", ""Bathtub"", ""Cooking basics"", ""Shampoo"", ""Hot water kettle"", ""Dedicated workspace"", ""Clothing storage"", ""Heating"", ""Backyard"", ""Air conditioning"", ""Coffee"", ""Conditioner"", ""Free parking on premises"", ""Hangers"", ""Refrigerator"", ""Fire extinguisher"", ""Cleaning products"", ""Breakfast"", ""Bidet""]",1381163571420241600,"['Wifi', 'Shower gel', 'Hot water', 'Coffee maker', 'TV', 'Bed linens', 'Bathtub', 'Cooking basics', 'Shampoo', 'Hot water kettle', 'Dedicated workspace', 'Clothing storage', 'Heating', 'Backyard', 'Air conditioning', 'Coffee', 'Conditioner', 'Free parking on premises', 'Hangers', 'Refrigerator', 'Fire extinguisher', 'Cleaning products', 'Breakfast', 'Bidet']",24,1,0,1,0,1,1,1,0,0,0,0,1,Entire place
FOURTEENTH WARD,42.66191,-73.7974412,252,Entire home/apt,Entire rental unit,5,3.0,1.0,42,5.5,42,4.98,4.95,5.0,363,t,"[""Smoke alarm"", ""Kitchen"", ""Stainless steel single oven"", ""Housekeeping - available at extra cost"", ""Clothing storage: closet and dresser"", ""Shower gel"", ""Hot water"", ""Private entrance"", ""Hair dryer"", ""Body soap"", ""Carbon monoxide alarm"", ""Bed linens"", ""Theme room"", ""Luggage dropoff allowed"", ""Bathtub"", ""Cooking basics"", ""Ceiling fan"", ""Shampoo"", ""Iron"", ""Room-darkening shades"", ""Hot water kettle"", ""Wine glasses"", ""Dedicated workspace"", ""Microwave"", ""Baking sheet"", ""Dining table"", ""Smart lock"", ""Extra pillows and blankets"", ""Long term stays allowed"", ""75 inch HDTV with Amazon Prime Video, Apple TV, Disney+, Hulu, Netflix, Roku"", ""Portable fans"", ""Exterior security cameras on property"", ""Toaster"", ""Essentials"", ""Coffee"", ""Laundromat nearby"", ""Central heating"", ""First aid kit"", ""Conditioner"", ""Window AC unit"", ""Dishes and silverware"", ""Hangers"", ""Refrigerator"", ""Blender"", ""Self check-in"", ""Freezer"", ""Free street parking"", ""Stainless steel gas stove"", ""Fire extinguisher"", ""Coffee maker: drip coffee maker, Keurig coffee machine"", ""Cleaning products"", ""Free parking garage on premises \u2013 1 space"", ""Board games"", ""Fast wifi \u2013 365 Mbps"", ""Outlet covers""]",1383513241348424944,"['Smoke alarm', 'Kitchen', 'Stainless steel single oven', 'Housekeeping - available at extra cost', 'Clothing storage: closet and dresser', 'Shower gel', 'Hot water', 'Private entrance', 'Hair dryer', 'Body soap', 'Carbon monoxide alarm', 'Bed linens', 'Theme room', 'Luggage dropoff allowed', 'Bathtub', 'Cooking basics', 'Ceiling fan', 'Shampoo', 'Iron', 'Room-darkening shades', 'Hot water kettle', 'Wine glasses', 'Dedicated workspace', 'Microwave', 'Baking sheet', 'Dining table', 'Smart lock', 'Extra pillows and blankets', 'Long term stays allowed', '75 inch HDTV with Amazon Prime Video, Apple TV, Disney+, Hulu, Netflix, Roku', 'Portable fans', 'Exterior security cameras on property', 'Toaster', 'Essentials', 'Coffee', 'Laundromat nearby', 'Central heating', 'First aid kit', 'Conditioner', 'Window AC unit', 'Dishes and silverware', 'Hangers', 'Refrigerator', 'Blender', 'Self check-in', 'Freezer', 'Free street parking', 'Stainless steel gas stove', 'Fire extinguisher', 'Coffee maker: drip coffee maker, Keurig coffee machine', 'Cleaning products', 'Free parking garage on premises – 1 space', 'Board games', 'Fast wifi – 365 Mbps', 'Outlet covers']",55,1,1,1,1,1,1,0,1,0,0,0,1,Entire place
TENTH WARD,42.66317303594558,-73.78912755444637,56,Private room,Private room in rental unit,1,1.0,1.0,1,0.15,1,5.0,5.0,4.0,70,t,"[""Smoke alarm"", ""Kitchen"", ""Wifi"", ""Hot water"", ""Private entrance"", ""Dryer"", ""TV"", ""Carbon monoxide alarm"", ""Bed linens"", ""Bathtub"", ""Cooking basics"", ""Room-darkening shades"", ""Hot water kettle"", ""Wine glasses"", ""Dedicated workspace"", ""Microwave"", ""Clothing storage"", ""Dining table"", ""Heating"", ""Washer"", ""Extra pillows and blankets"", ""Long term stays allowed"", ""Oven"", ""Exterior security cameras on property"", ""Air conditioning"", ""Patio or balcony"", ""Essentials"", ""Lock on bedroom door"", ""Laundromat nearby"", ""Free parking on premises"", ""Dishes and silverware"", ""Hangers"", ""Refrigerator"", ""Self check-in"", ""Free street parking"", ""Coffee maker: pour-over coffee"", ""Keypad"", ""Stove"", ""Private living room""]",1383910626115273822,"['Smoke alarm', 'Kitchen', 'Wifi', 'Hot water', 'Private entrance', 'Dryer', 'TV', 'Carbon monoxide alarm', 'Bed linens', 'Bathtub', 'Cooking basics', 'Room-darkening shades', 'Hot water kettle', 'Wine glasses', 'Dedicated workspace', 'Microwave', 'Clothing storage', 'Dining table', 'Heating', 'Washer', 'Extra pillows and blankets', 'Long term stays allowed', 'Oven', 'Exterior security cameras on property', 'Air conditioning', 'Patio or balcony', 'Essentials', 'Lock on bedroom door', 'Laundromat nearby', 'Free parking on premises', 'Dishes and silverware', 'Hangers', 'Refrigerator', 'Self check-in', 'Free street parking', 'Coffee maker: pour-over coffee', 'Keypad', 'Stove', 'Private living room']",39,1,1,1,1,1,1,1,0,0,0,0,1,Private room
NINTH WARD,42.66002,-73.79333,28,Private room,Private room in rental unit,1,1.0,1.0,1,0.11,1,5.0,5.0,5.0,290,f,"[""Smoke alarm"", ""Kitchen"", ""Dishwasher"", ""Wifi"", ""Shower gel"", ""Hot water"", ""Body soap"", ""TV"", ""Carbon monoxide alarm"", ""Bed linens"", ""Luggage dropoff allowed"", ""Bathtub"", ""Cooking basics"", ""Ceiling fan"", ""Shampoo"", ""Iron"", ""Free dryer \u2013 In building"", ""Dedicated workspace"", ""Microwave"", ""Stainless steel induction stove"", ""Dining table"", ""Washer"", ""Extra pillows and blankets"", ""Long term stays allowed"", ""Exterior security cameras on property"", ""Air conditioning"", ""Toaster"", ""Essentials"", ""Lock on bedroom door"", ""Shared patio or balcony"", ""Central heating"", ""First aid kit"", ""Conditioner"", ""Free parking on premises"", ""Dishes and silverware"", ""Hangers"", ""Refrigerator"", ""Self check-in"", ""Free street parking"", ""Fire extinguisher"", ""Cleaning products"", ""Keypad""]",1390171272060324410,"['Smoke alarm', 'Kitchen', 'Dishwasher', 'Wifi', 'Shower gel', 'Hot water', 'Body soap', 'TV', 'Carbon monoxide alarm', 'Bed linens', 'Luggage dropoff allowed', 'Bathtub', 'Cooking basics', 'Ceiling fan', 'Shampoo', 'Iron', 'Free dryer – In building', 'Dedicated workspace', 'Microwave', 'Stainless steel induction stove', 'Dining table', 'Washer', 'Extra pillows and blankets', 'Long term stays allowed', 'Exterior security cameras on property', 'Air conditioning', 'Toaster', 'Essentials', 'Lock on bedroom door', 'Shared patio or balcony', 'Central heating', 'First aid kit', 'Conditioner', 'Free parking on premises', 'Dishes and silverware', 'Hangers', 'Refrigerator', 'Self check-in', 'Free street parking', 'Fire extinguisher', 'Cleaning products', 'Keypad']",42,1,1,1,1,1,1,1,0,0,0,0,1,Private room
FIFTH WARD,42.67652148547361,-73.78111383843994,48,Entire home/apt,Entire rental unit,2,1.0,1.0,8,0.78,8,4.75,4.63,4.25,364,f,"[""Smoke alarm"", ""Wifi"", ""Shower gel"", ""Hot water"", ""TV"", ""Bed linens"", ""Kitchenette"", ""Bathtub"", ""Cooking basics"", ""Shampoo"", ""Hot water kettle"", ""Dedicated workspace"", ""Clothing storage"", ""Heating"", ""Washer"", ""Patio or balcony"", ""Air conditioning"", ""Coffee"", ""Free parking on premises"", ""Dishes and silverware"", ""Hangers"", ""Refrigerator"", ""Cleaning products"", ""Breakfast"", ""Bidet""]",1393482542585537728,"['Smoke alarm', 'Wifi', 'Shower gel', 'Hot water', 'TV', 'Bed linens', 'Kitchenette', 'Bathtub', 'Cooking basics', 'Shampoo', 'Hot water kettle', 'Dedicated workspace', 'Clothing storage', 'Heating', 'Washer', 'Patio or balcony', 'Air conditioning', 'Coffee', 'Free parking on premises', 'Dishes and silverware', 'Hangers', 'Refrigerator', 'Cleaning products', 'Breakfast', 'Bidet']",25,1,1,1,0,1,1,1,0,0,0,0,1,Entire place
ELEVENTH WARD,42.67610273877896,-73.78233682651273,84,Entire home/apt,Entire rental unit,4,1.0,1.0,14,1.52,14,4.21,4.21,4.21,364,f,"[""Smoke alarm"", ""Wifi"", ""Shower gel"", ""Hot water"", ""Coffee maker"", ""TV"", ""Bed linens"", ""Bathtub"", ""Cooking basics"", ""Shampoo"", ""Hot water kettle"", ""Dedicated workspace"", ""Clothing storage"", ""Heating"", ""Air conditioning"", ""Coffee"", ""Conditioner"", ""Free parking on premises"", ""Dishes and silverware"", ""Hangers"", ""Refrigerator"", ""Cleaning products"", ""Breakfast"", ""Bidet""]",1393634713342137582,"['Smoke alarm', 'Wifi', 'Shower gel', 'Hot water', 'Coffee maker', 'TV', 'Bed linens', 'Bathtub', 'Cooking basics', 'Shampoo', 'Hot water kettle', 'Dedicated workspace', 'Clothing storage', 'Heating', 'Air conditioning', 'Coffee', 'Conditioner', 'Free parking on premises', 'Dishes and silverware', 'Hangers', 'Refrigerator', 'Cleaning products', 'Breakfast', 'Bidet']",24,1,0,1,0,1,1,0,0,0,0,0,1,Entire place
NINTH WARD,42.659475284293904,-73.79368120012339,100,Private room,Private room in home,1,1.0,1.0,5,0.51,5,5.0,4.6,4.6,231,f,"[""Smoke alarm"", ""Kitchen"", ""Dishwasher"", ""Stainless steel single oven"", ""Clothing storage: closet and dresser"", ""Wifi"", ""Hot water"", ""Coffee maker"", ""TV"", ""Carbon monoxide alarm"", ""Bed linens"", ""Luggage dropoff allowed"", ""Cooking basics"", ""Iron"", ""Free dryer \u2013 In building"", ""Dedicated workspace"", ""Microwave"", ""Stainless steel induction stove"", ""Dining table"", ""Washer"", ""Extra pillows and blankets"", ""Long term stays allowed"", ""Exterior security cameras on property"", ""Air conditioning"", ""Toaster"", ""Essentials"", ""Lock on bedroom door"", ""Shared patio or balcony"", ""Central heating"", ""First aid kit"", ""Free parking on premises"", ""Dishes and silverware"", ""Hangers"", ""Refrigerator"", ""Self check-in"", ""Free street parking"", ""Fire extinguisher"", ""Cleaning products"", ""Keypad""]",1393634936904017469,"['Smoke alarm', 'Kitchen', 'Dishwasher', 'Stainless steel single oven', 'Clothing storage: closet and dresser', 'Wifi', 'Hot water', 'Coffee maker', 'TV', 'Carbon monoxide alarm', 'Bed linens', 'Luggage dropoff allowed', 'Cooking basics', 'Iron', 'Free dryer – In building', 'Dedicated workspace', 'Microwave', 'Stainless steel induction stove', 'Dining table', 'Washer', 'Extra pillows and blankets', 'Long term stays allowed', 'Exterior security cameras on property', 'Air conditioning', 'Toaster', 'Essentials', 'Lock on bedroom door', 'Shared patio or balcony', 'Central heating', 'First aid kit', 'Free parking on premises', 'Dishes and silverware', 'Hangers', 'Refrigerator', 'Self check-in', 'Free street parking', 'Fire extinguisher', 'Cleaning products', 'Keypad']",39,1,1,1,1,1,1,1,0,0,0,0,1,Private room
FIFTH WARD,42.67651022767566,-73.78215501783329,78,Entire home/apt,Entire rental unit,4,1.0,1.0,13,1.35,13,4.15,4.15,4.31,365,f,"[""Smoke alarm"", ""Kitchen"", ""Wifi"", ""Shower gel"", ""Hot water"", ""TV"", ""Bed linens"", ""Bathtub"", ""Shampoo"", ""Hot water kettle"", ""Dedicated workspace"", ""Microwave"", ""Clothing storage"", ""Heating"", ""Air conditioning"", ""Outdoor furniture"", ""Conditioner"", ""Free parking on premises"", ""Dishes and silverware"", ""Refrigerator"", ""Free street parking"", ""Breakfast"", ""Bidet""]",1393638070589049592,"['Smoke alarm', 'Kitchen', 'Wifi', 'Shower gel', 'Hot water', 'TV', 'Bed linens', 'Bathtub', 'Shampoo', 'Hot water kettle', 'Dedicated workspace', 'Microwave', 'Clothing storage', 'Heating', 'Air conditioning', 'Outdoor furniture', 'Conditioner', 'Free parking on premises', 'Dishes and silverware', 'Refrigerator', 'Free street parking', 'Breakfast', 'Bidet']",23,1,0,1,0,1,1,1,0,0,0,0,1,Entire place
THIRTEENTH WARD,42.669917189344,-73.78632927186241,12,Private room,Private room in rental unit,1,1.0,2.0,2,0.34,2,4.0,4.0,5.0,346,t,"[""Smoke alarm"", ""Kitchen"", ""Wifi"", ""Hot water"", ""Hair dryer"", ""TV"", ""Carbon monoxide alarm"", ""GE refrigerator"", ""Bathtub"", ""Hot water kettle"", ""Microwave"", ""Dining table"", ""Pets allowed"", ""BBQ grill"", ""Exterior security cameras on property"", ""Air conditioning"", ""Laundromat nearby"", ""Lock on bedroom door"", ""Central heating"", ""First aid kit"", ""Dishes and silverware"", ""Coffee maker: drip coffee maker"", ""Fire extinguisher""]",1395671676833912969,"['Smoke alarm', 'Kitchen', 'Wifi', 'Hot water', 'Hair dryer', 'TV', 'Carbon monoxide alarm', 'GE refrigerator', 'Bathtub', 'Hot water kettle', 'Microwave', 'Dining table', 'Pets allowed', 'BBQ grill', 'Exterior security cameras on property', 'Air conditioning', 'Laundromat nearby', 'Lock on bedroom door', 'Central heating', 'First aid kit', 'Dishes and silverware', 'Coffee maker: drip coffee maker', 'Fire extinguisher']",23,1,1,0,0,0,1,1,0,0,0,1,1,Private room
FOURTEENTH WARD,42.661116057130855,-73.79408139551636,168,Private room,Private room in home,1,1.0,1.0,3,0.37,3,5.0,4.67,4.67,165,f,"[""Smoke alarm"", ""Kitchen"", ""Dishwasher"", ""Wifi"", ""Hot water"", ""Coffee maker"", ""Dryer"", ""TV"", ""Carbon monoxide alarm"", ""Bed linens"", ""Luggage dropoff allowed"", ""Bathtub"", ""Cooking basics"", ""Baking sheet"", ""Iron"", ""Dedicated workspace"", ""Microwave"", ""Clothing storage"", ""Dining table"", ""Heating"", ""Washer"", ""Long term stays allowed"", ""Oven"", ""Exterior security cameras on property"", ""Air conditioning"", ""Toaster"", ""Essentials"", ""Lock on bedroom door"", ""Coffee"", ""Patio or balcony"", ""Free parking on premises"", ""Dishes and silverware"", ""Hangers"", ""Refrigerator"", ""Self check-in"", ""Freezer"", ""Free street parking"", ""Fire extinguisher"", ""Cleaning products"", ""Keypad"", ""Stove""]",1396921235971014566,"['Smoke alarm', 'Kitchen', 'Dishwasher', 'Wifi', 'Hot water', 'Coffee maker', 'Dryer', 'TV', 'Carbon monoxide alarm', 'Bed linens', 'Luggage dropoff allowed', 'Bathtub', 'Cooking basics', 'Baking sheet', 'Iron', 'Dedicated workspace', 'Microwave', 'Clothing storage', 'Dining table', 'Heating', 'Washer', 'Long term stays allowed', 'Oven', 'Exterior security cameras on property', 'Air conditioning', 'Toaster', 'Essentials', 'Lock on bedroom door', 'Coffee', 'Patio or balcony', 'Free parking on premises', 'Dishes and silverware', 'Hangers', 'Refrigerator', 'Self check-in', 'Freezer', 'Free street parking', 'Fire extinguisher', 'Cleaning products', 'Keypad', 'Stove']",41,1,1,1,1,1,1,1,0,0,0,0,1,Private room
TENTH WARD,42.6605291,-73.7831549,112,Entire home/apt,Entire home,5,4.0,1.0,2,0.26,2,4.0,4.5,3.0,364,f,"[""Smoke alarm"", ""Kitchen"", ""Dishwasher"", ""Gas stove"", ""Wifi"", ""Hot water"", ""Private entrance"", ""Outdoor dining area"", ""TV"", ""Carbon monoxide alarm"", ""Bed linens"", ""Bathtub"", ""Cooking basics"", ""Ceiling fan"", ""Room-darkening shades"", ""Microwave"", ""Dining table"", ""Stainless steel oven"", ""Washer"", ""Long term stays allowed"", ""BBQ grill"", ""Radiant heating"", ""Exterior security cameras on property"", ""Air conditioning"", ""First aid kit"", ""Dishes and silverware"", ""Hangers"", ""Refrigerator"", ""Free street parking"", ""Fire extinguisher"", ""Free dryer \u2013 In unit"", ""Private backyard \u2013 Fully fenced"", ""Cleaning products""]",1402461183704514588,"['Smoke alarm', 'Kitchen', 'Dishwasher', 'Gas stove', 'Wifi', 'Hot water', 'Private entrance', 'Outdoor dining area', 'TV', 'Carbon monoxide alarm', 'Bed linens', 'Bathtub', 'Cooking basics', 'Ceiling fan', 'Room-darkening shades', 'Microwave', 'Dining table', 'Stainless steel oven', 'Washer', 'Long term stays allowed', 'BBQ grill', 'Radiant heating', 'Exterior security cameras on property', 'Air conditioning', 'First aid kit', 'Dishes and silverware', 'Hangers', 'Refrigerator', 'Free street parking', 'Fire extinguisher', 'Free dryer – In unit', 'Private backyard – Fully fenced', 'Cleaning products']",33,1,1,1,0,0,1,1,0,0,0,0,1,Entire place
TENTH WARD,42.659903296506094,-73.78257397435888,0,Private room,Private room in home,1,1.0,1.0,0,,0,,,,363,f,"[""Smoke alarm"", ""Kitchen"", ""Dishwasher"", ""Wifi"", ""Coffee maker"", ""Outdoor dining area"", ""Carbon monoxide alarm"", ""Bed linens"", ""Iron"", ""Room-darkening shades"", ""Microwave"", ""Clothing storage"", ""Heating"", ""Washer"", ""Oven"", ""BBQ grill"", ""Air conditioning"", ""Lock on bedroom door"", ""First aid kit"", ""Dishes and silverware"", ""Hangers"", ""Refrigerator"", ""Freezer"", ""Fire extinguisher"", ""Stove""]",1405327220192978468,"['Smoke alarm', 'Kitchen', 'Dishwasher', 'Wifi', 'Coffee maker', 'Outdoor dining area', 'Carbon monoxide alarm', 'Bed linens', 'Iron', 'Room-darkening shades', 'Microwave', 'Clothing storage', 'Heating', 'Washer', 'Oven', 'BBQ grill', 'Air conditioning', 'Lock on bedroom door', 'First aid kit', 'Dishes and silverware', 'Hangers', 'Refrigerator', 'Freezer', 'Fire extinguisher', 'Stove']",25,1,1,0,0,0,1,1,0,0,0,0,0,Private room
SIXTH WARD,42.655450233068514,-73.76273815121087,72,Entire home/apt,Entire rental unit,2,1.0,,12,1.45,12,4.42,4.67,4.67,4,t,"[""Smoke alarm"", ""Kitchen"", ""Dishwasher"", ""Wifi"", ""Shower gel"", ""Hot water"", ""Body soap"", ""Outdoor dining area"", ""TV"", ""Carbon monoxide alarm"", ""Bed linens"", ""Luggage dropoff allowed"", ""Cooking basics"", ""Baking sheet"", ""Shampoo"", ""Wine glasses"", ""Dedicated workspace"", ""Microwave"", ""Coffee maker: Keurig coffee machine"", ""Dining table"", ""Washer"", ""Long term stays allowed"", ""Noise decibel monitors on property"", ""Air conditioning"", ""Exterior security cameras on property"", ""Essentials"", ""Toaster"", ""Laundromat nearby"", ""Shared patio or balcony"", ""Single oven"", ""Central heating"", ""First aid kit"", ""Self check-in"", ""Refrigerator"", ""Freezer"", ""Housekeeping available 2 days a week - available at extra cost"", ""Fire extinguisher"", ""Free dryer \u2013 In unit"", ""Paid parking on premises"", ""Cleaning products"", ""Keypad"", ""Stove""]",1405768102601327206,"['Smoke alarm', 'Kitchen', 'Dishwasher', 'Wifi', 'Shower gel', 'Hot water', 'Body soap', 'Outdoor dining area', 'TV', 'Carbon monoxide alarm', 'Bed linens', 'Luggage dropoff allowed', 'Cooking basics', 'Baking sheet', 'Shampoo', 'Wine glasses', 'Dedicated workspace', 'Microwave', 'Coffee maker: Keurig coffee machine', 'Dining table', 'Washer', 'Long term stays allowed', 'Noise decibel monitors on property', 'Air conditioning', 'Exterior security cameras on property', 'Essentials', 'Toaster', 'Laundromat nearby', 'Shared patio or balcony', 'Single oven', 'Central heating', 'First aid kit', 'Self check-in', 'Refrigerator', 'Freezer', 'Housekeeping available 2 days a week - available at extra cost', 'Fire extinguisher', 'Free dryer – In unit', 'Paid parking on premises', 'Cleaning products', 'Keypad', 'Stove']",42,1,1,1,1,1,1,1,0,0,0,0,1,Entire place
FOURTH WARD,42.67225930444639,-73.7390519905538,24,Entire home/apt,Entire rental unit,2,1.0,1.0,4,0.71,4,5.0,4.75,4.75,86,f,"[""Smoke alarm"", ""Kitchen"", ""Dishwasher"", ""Wifi"", ""Shower gel"", ""Hot water"", ""Private entrance"", ""Hair dryer"", ""Carbon monoxide alarm"", ""Bed linens"", ""Heating - split type ductless system"", ""Cooking basics"", ""50 inch TV with Roku"", ""Shampoo"", ""Wine glasses"", ""Free dryer \u2013 In building"", ""Microwave"", ""Coffee maker: Keurig coffee machine"", ""Dining table"", ""Electric stove"", ""AC - split type ductless system"", ""Exterior security cameras on property"", ""Conditioner"", ""Dishes and silverware"", ""Hangers"", ""Refrigerator"", ""Self check-in"", ""Free washer \u2013 In building"", ""Free street parking"", ""Fire extinguisher"", ""Keypad"", ""Clothing storage: walk-in closet""]",1409646921435856252,"['Smoke alarm', 'Kitchen', 'Dishwasher', 'Wifi', 'Shower gel', 'Hot water', 'Private entrance', 'Hair dryer', 'Carbon monoxide alarm', 'Bed linens', 'Heating - split type ductless system', 'Cooking basics', '50 inch TV with Roku', 'Shampoo', 'Wine glasses', 'Free dryer – In building', 'Microwave', 'Coffee maker: Keurig coffee machine', 'Dining table', 'Electric stove', 'AC - split type ductless system', 'Exterior security cameras on property', 'Conditioner', 'Dishes and silverware', 'Hangers', 'Refrigerator', 'Self check-in', 'Free washer – In building', 'Free street parking', 'Fire extinguisher', 'Keypad', 'Clothing storage: walk-in closet']",32,1,1,1,1,0,1,0,0,0,0,0,1,Entire place
SIXTH WARD,42.65166,-73.76622,0,Entire home/apt,Entire rental unit,2,1.0,1.0,0,,0,,,,337,t,"[""BBQ grill"", ""Smoke alarm"", ""Kitchen"", ""Bathtub"", ""Shampoo"", ""Fire extinguisher"", ""Wifi"", ""Shower gel"", ""Carbon monoxide alarm"", ""Hot water"", ""Hair dryer"", ""Body soap"", ""Heating"", ""First aid kit"", ""Outdoor dining area"", ""TV"", ""Free parking on premises"", ""Washer""]",1417686058428307591,"['BBQ grill', 'Smoke alarm', 'Kitchen', 'Bathtub', 'Shampoo', 'Fire extinguisher', 'Wifi', 'Shower gel', 'Carbon monoxide alarm', 'Hot water', 'Hair dryer', 'Body soap', 'Heating', 'First aid kit', 'Outdoor dining area', 'TV', 'Free parking on premises', 'Washer']",18,1,1,1,0,0,0,1,0,0,0,0,1,Entire place
THIRD WARD,42.65665,-73.74868,90,Entire home/apt,Entire home,12,4.0,3.5,15,2.14,15,5.0,4.87,4.6,181,t,"[""Smoke alarm"", ""Kitchen"", ""Dishwasher"", ""Pack \u2019n play/Travel crib - always at the listing"", ""Wifi"", ""Shower gel"", ""Hot water"", ""Coffee maker"", ""Hair dryer"", ""Body soap"", ""Outdoor dining area"", ""Dryer"", ""Carbon monoxide alarm"", ""Bed linens"", ""Hot tub - available all year, open 24 hours"", ""Bathtub"", ""Cooking basics"", ""Ceiling fan"", ""Shampoo"", ""Iron"", ""Room-darkening shades"", ""Hot water kettle"", ""Wine glasses"", ""Dedicated workspace"", ""Microwave"", ""Baking sheet"", ""Clothing storage"", ""Dining table"", ""Heating"", ""65 inch HDTV with Roku"", ""Exercise equipment"", ""Washer"", ""Smart lock"", ""Extra pillows and blankets"", ""Rice maker"", ""Pets allowed"", ""Oven"", ""EV charger - level 2"", ""BBQ grill"", ""Long term stays allowed"", ""Crib - always at the listing"", ""Backyard"", ""Exterior security cameras on property"", ""Air conditioning"", ""Folding or convertible high chair - always at the listing"", ""Essentials"", ""Toaster"", ""Coffee"", ""Books and reading material"", ""First aid kit"", ""Arcade games"", ""Baby bath"", ""Conditioner"", ""Barbecue utensils"", ""Dishes and silverware"", ""Free parking on premises"", ""Hangers"", ""Refrigerator"", ""Blender"", ""Self check-in"", ""Freezer"", ""Free street parking"", ""Fire extinguisher"", ""Cleaning products"", ""Board games"", ""Stove""]",1429997390383679972,"['Smoke alarm', 'Kitchen', 'Dishwasher', 'Pack ’n play/Travel crib - always at the listing', 'Wifi', 'Shower gel', 'Hot water', 'Coffee maker', 'Hair dryer', 'Body soap', 'Outdoor dining area', 'Dryer', 'Carbon monoxide alarm', 'Bed linens', 'Hot tub - available all year, open 24 hours', 'Bathtub', 'Cooking basics', 'Ceiling fan', 'Shampoo', 'Iron', 'Room-darkening shades', 'Hot water kettle', 'Wine glasses', 'Dedicated workspace', 'Microwave', 'Baking sheet', 'Clothing storage', 'Dining table', 'Heating', '65 inch HDTV with Roku', 'Exercise equipment', 'Washer', 'Smart lock', 'Extra pillows and blankets', 'Rice maker', 'Pets allowed', 'Oven', 'EV charger - level 2', 'BBQ grill', 'Long term stays allowed', 'Crib - always at the listing', 'Backyard', 'Exterior security cameras on property', 'Air conditioning', 'Folding or convertible high chair - always at the listing', 'Essentials', 'Toaster', 'Coffee', 'Books and reading material', 'First aid kit', 'Arcade games', 'Baby bath', 'Conditioner', 'Barbecue utensils', 'Dishes and silverware', 'Free parking on premises', 'Hangers', 'Refrigerator', 'Blender', 'Self check-in', 'Freezer', 'Free street parking', 'Fire extinguisher', 'Cleaning products', 'Board games', 'Stove']",66,1,1,1,1,1,1,1,1,1,0,1,1,Entire place
SECOND WARD,42.64619243272902,-73.75658877629596,66,Entire home/apt,Entire rental unit,4,2.0,1.0,11,1.42,11,4.91,4.73,4.18,142,t,"[""Smoke alarm"", ""Kitchen"", ""Dishwasher"", ""Clothing storage: closet and dresser"", ""Gas stove"", ""Wifi"", ""Shower gel"", ""Hot water"", ""Hair dryer"", ""Body soap"", ""TV"", ""Bed linens"", ""Bathtub"", ""Cooking basics"", ""Ceiling fan"", ""Shampoo"", ""Iron"", ""Room-darkening shades"", ""Hot water kettle"", ""Wine glasses"", ""Microwave"", ""Coffee maker: Keurig coffee machine"", ""Dining table"", ""Washer"", ""Air conditioning"", ""Toaster"", ""Coffee"", ""Laundromat nearby"", ""Single oven"", ""Books and reading material"", ""Central heating"", ""Conditioner"", ""Dishes and silverware"", ""Hangers"", ""Refrigerator"", ""Freezer"", ""Free street parking"", ""Paid parking lot off premises"", ""Free dryer \u2013 In unit"", ""Cleaning products""]",1430417055174000914,"['Smoke alarm', 'Kitchen', 'Dishwasher', 'Clothing storage: closet and dresser', 'Gas stove', 'Wifi', 'Shower gel', 'Hot water', 'Hair dryer', 'Body soap', 'TV', 'Bed linens', 'Bathtub', 'Cooking basics', 'Ceiling fan', 'Shampoo', 'Iron', 'Room-darkening shades', 'Hot water kettle', 'Wine glasses', 'Microwave', 'Coffee maker: Keurig coffee machine', 'Dining table', 'Washer', 'Air conditioning', 'Toaster', 'Coffee', 'Laundromat nearby', 'Single oven', 'Books and reading material', 'Central heating', 'Conditioner', 'Dishes and silverware', 'Hangers', 'Refrigerator', 'Freezer', 'Free street parking', 'Paid parking lot off premises', 'Free dryer – In unit', 'Cleaning products']",40,1,1,1,0,0,1,0,0,0,0,0,1,Entire place
THIRD WARD,42.6579207870488,-73.75026566418697,0,Entire home/apt,Entire rental unit,2,1.0,1.0,0,,0,,,,251,t,"[""Smoke alarm"", ""Kitchen"", ""Dishwasher"", ""Wifi"", ""Shower gel"", ""Hot water"", ""Indoor fireplace"", ""Carbon monoxide alarm"", ""Ceiling fan"", ""Shampoo"", ""Room-darkening shades"", ""Microwave"", ""Dining table"", ""Dryer \u2013\u00a0In unit"", ""Washer \u2013\u00a0In unit"", ""Long term stays allowed"", ""Air conditioning"", ""First aid kit"", ""TV with Roku"", ""Conditioner"", ""Dishes and silverware"", ""Free street parking"", ""Fire extinguisher"", ""Cleaning products""]",1432823196473666155,"['Smoke alarm', 'Kitchen', 'Dishwasher', 'Wifi', 'Shower gel', 'Hot water', 'Indoor fireplace', 'Carbon monoxide alarm', 'Ceiling fan', 'Shampoo', 'Room-darkening shades', 'Microwave', 'Dining table', 'Dryer –\xa0In unit', 'Washer –\xa0In unit', 'Long term stays allowed', 'Air conditioning', 'First aid kit', 'TV with Roku', 'Conditioner', 'Dishes and silverware', 'Free street parking', 'Fire extinguisher', 'Cleaning products']",24,1,1,1,0,0,1,0,0,0,0,0,1,Entire place
ELEVENTH WARD,42.682246872011966,-73.78338389658927,96,Entire home/apt,Entire rental unit,4,1.0,1.0,16,1.89,16,4.13,4.25,4.31,365,f,"[""Kitchen"", ""Wifi"", ""Shower gel"", ""Hot water"", ""TV"", ""Bed linens"", ""Shampoo"", ""Hot water kettle"", ""Wine glasses"", ""Dedicated workspace"", ""Clothing storage"", ""Dining table"", ""Heating"", ""Air conditioning"", ""Coffee"", ""Conditioner"", ""Free parking on premises"", ""Hangers"", ""Bidet""]",1434108183586713709,"['Kitchen', 'Wifi', 'Shower gel', 'Hot water', 'TV', 'Bed linens', 'Shampoo', 'Hot water kettle', 'Wine glasses', 'Dedicated workspace', 'Clothing storage', 'Dining table', 'Heating', 'Air conditioning', 'Coffee', 'Conditioner', 'Free parking on premises', 'Hangers', 'Bidet']",19,1,0,1,0,1,1,0,0,0,0,0,1,Entire place
ELEVENTH WARD,42.680525565301686,-73.7852461638938,42,Entire home/apt,Entire rental unit,2,1.0,1.0,7,0.96,7,4.43,4.86,4.71,365,f,"[""Kitchen"", ""Wifi"", ""Hot water"", ""Body soap"", ""TV"", ""Bed linens"", ""Bathtub"", ""Cooking basics"", ""Hot water kettle"", ""Wine glasses"", ""Dedicated workspace"", ""Heating"", ""Drying rack for clothing"", ""Patio or balcony"", ""Air conditioning"", ""Coffee"", ""Outdoor furniture"", ""Conditioner"", ""Free parking on premises"", ""Hangers"", ""Free street parking"", ""Cleaning products"", ""Bidet""]",1434112653259573474,"['Kitchen', 'Wifi', 'Hot water', 'Body soap', 'TV', 'Bed linens', 'Bathtub', 'Cooking basics', 'Hot water kettle', 'Wine glasses', 'Dedicated workspace', 'Heating', 'Drying rack for clothing', 'Patio or balcony', 'Air conditioning', 'Coffee', 'Outdoor furniture', 'Conditioner', 'Free parking on premises', 'Hangers', 'Free street parking', 'Cleaning products', 'Bidet']",23,1,1,1,0,1,1,1,0,0,0,0,1,Entire place
SIXTH WARD,42.65422697397571,-73.76720390736077,108,Entire home/apt,Entire rental unit,2,1.0,1.0,18,2.28,18,4.89,4.83,4.83,232,t,"[""Smoke alarm"", ""Kitchen"", ""Wifi"", ""Shower gel"", ""Hot water"", ""Hair dryer"", ""TV"", ""Carbon monoxide alarm"", ""Bed linens"", ""Cooking basics"", ""Baking sheet"", ""Iron"", ""Hot water kettle"", ""Dedicated workspace"", ""Microwave"", ""Clothing storage"", ""Heating"", ""Smart lock"", ""Extra pillows and blankets"", ""Oven"", ""Exterior security cameras on property"", ""Toaster"", ""Coffee"", ""Books and reading material"", ""Window AC unit"", ""Dishes and silverware"", ""Hangers"", ""Refrigerator"", ""Self check-in"", ""Freezer"", ""Free street parking"", ""Stove""]",1435590570769303352,"['Smoke alarm', 'Kitchen', 'Wifi', 'Shower gel', 'Hot water', 'Hair dryer', 'TV', 'Carbon monoxide alarm', 'Bed linens', 'Cooking basics', 'Baking sheet', 'Iron', 'Hot water kettle', 'Dedicated workspace', 'Microwave', 'Clothing storage', 'Heating', 'Smart lock', 'Extra pillows and blankets', 'Oven', 'Exterior security cameras on property', 'Toaster', 'Coffee', 'Books and reading material', 'Window AC unit', 'Dishes and silverware', 'Hangers', 'Refrigerator', 'Self check-in', 'Freezer', 'Free street parking', 'Stove']",32,1,1,1,1,1,1,0,0,0,0,0,1,Entire place
SIXTH WARD,42.65759,-73.7652,0,Entire home/apt,Entire home,4,2.0,2.0,0,,0,,,,365,f,"[""Smoke alarm"", ""Kitchen"", ""Air conditioning"", ""Fire extinguisher"", ""Wifi"", ""Dedicated workspace"", ""Carbon monoxide alarm"", ""First aid kit"", ""TV"", ""Washer""]",1435797229942642808,"['Smoke alarm', 'Kitchen', 'Air conditioning', 'Fire extinguisher', 'Wifi', 'Dedicated workspace', 'Carbon monoxide alarm', 'First aid kit', 'TV', 'Washer']",10,1,1,0,0,1,1,0,0,0,0,0,1,Entire place
SECOND WARD,42.64439,-73.75296,156,Entire home/apt,Entire rental unit,6,2.0,1.0,26,3.25,26,4.73,4.69,4.38,360,f,"[""Smoke alarm"", ""Kitchen"", ""Dishwasher"", ""Private patio or balcony"", ""Gas stove"", ""Wifi"", ""Shower gel"", ""Free driveway parking on premises \u2013 1 space"", ""Hot water"", ""Private entrance"", ""Hair dryer"", ""Body soap"", ""TV"", ""Carbon monoxide alarm"", ""Bed linens"", ""Pack \u2019n play/Travel crib - available upon request"", ""Luggage dropoff allowed"", ""Bathtub"", ""Cooking basics"", ""Ceiling fan"", ""Shampoo"", ""Iron"", ""Room-darkening shades"", ""Hot water kettle"", ""Wine glasses"", ""Dedicated workspace"", ""Microwave"", ""Baking sheet"", ""Dining table"", ""Washer"", ""Paid street parking off premises"", ""Extra pillows and blankets"", ""Pets allowed"", ""Long term stays allowed"", ""Smart lock"", ""Radiant heating"", ""Portable fans"", ""Noise decibel monitors on property"", ""Air conditioning"", ""Exterior security cameras on property"", ""Essentials"", ""Toaster"", ""Coffee"", ""Laundromat nearby"", ""Single oven"", ""First aid kit"", ""Conditioner"", ""Dishes and silverware"", ""Hangers"", ""Refrigerator"", ""Self check-in"", ""Freezer"", ""Coffee maker: drip coffee maker"", ""Free street parking"", ""Fire extinguisher"", ""Free dryer \u2013 In unit"", ""Paid parking on premises"", ""Shared backyard \u2013 Fully fenced""]",1439472202376740681,"['Smoke alarm', 'Kitchen', 'Dishwasher', 'Private patio or balcony', 'Gas stove', 'Wifi', 'Shower gel', 'Free driveway parking on premises – 1 space', 'Hot water', 'Private entrance', 'Hair dryer', 'Body soap', 'TV', 'Carbon monoxide alarm', 'Bed linens', 'Pack ’n play/Travel crib - available upon request', 'Luggage dropoff allowed', 'Bathtub', 'Cooking basics', 'Ceiling fan', 'Shampoo', 'Iron', 'Room-darkening shades', 'Hot water kettle', 'Wine glasses', 'Dedicated workspace', 'Microwave', 'Baking sheet', 'Dining table', 'Washer', 'Paid street parking off premises', 'Extra pillows and blankets', 'Pets allowed', 'Long term stays allowed', 'Smart lock', 'Radiant heating', 'Portable fans', 'Noise decibel monitors on property', 'Air conditioning', 'Exterior security cameras on property', 'Essentials', 'Toaster', 'Coffee', 'Laundromat nearby', 'Single oven', 'First aid kit', 'Conditioner', 'Dishes and silverware', 'Hangers', 'Refrigerator', 'Self check-in', 'Freezer', 'Coffee maker: drip coffee maker', 'Free street parking', 'Fire extinguisher', 'Free dryer – In unit', 'Paid parking on premises', 'Shared backyard – Fully fenced']",58,1,1,1,1,1,1,1,1,0,0,1,1,Entire place
TENTH WARD,42.66035,-73.78296,12,Private room,Private room in rental unit,1,1.0,1.0,2,0.25,2,2.5,2.5,3.5,365,f,"[""Smoke alarm"", ""Kitchen"", ""Exterior security cameras on property"", ""Lock on bedroom door"", ""Wifi"", ""Carbon monoxide alarm"", ""Free parking on premises"", ""Washer""]",1441615290727481693,"['Smoke alarm', 'Kitchen', 'Exterior security cameras on property', 'Lock on bedroom door', 'Wifi', 'Carbon monoxide alarm', 'Free parking on premises', 'Washer']",8,1,1,1,0,0,0,0,0,0,0,0,0,Private room
THIRTEENTH WARD,42.66951,-73.78736,18,Entire home/apt,Entire rental unit,4,3.0,1.0,3,0.43,3,5.0,5.0,5.0,363,t,"[""Smoke alarm"", ""Kitchen"", ""Dishwasher"", ""Wifi"", ""Hot water"", ""Hair dryer"", ""Mini fridge"", ""TV"", ""Carbon monoxide alarm"", ""Bed linens"", ""Luggage dropoff allowed"", ""Cooking basics"", ""Ceiling fan"", ""Iron"", ""Hot water kettle"", ""Free dryer \u2013 In building"", ""Dedicated workspace"", ""Microwave"", ""Washer"", ""Extra pillows and blankets"", ""Long term stays allowed"", ""Electric stove"", ""Radiant heating"", ""Exterior security cameras on property"", ""Air conditioning"", ""Toaster"", ""Single oven"", ""Clothing storage: closet"", ""Dishes and silverware"", ""Hangers"", ""Refrigerator"", ""Self check-in"", ""Freezer"", ""Game console: PS5"", ""Free parking on premises \u2013 1 space"", ""Free street parking"", ""Fire extinguisher"", ""Keypad""]",1447202556849361134,"['Smoke alarm', 'Kitchen', 'Dishwasher', 'Wifi', 'Hot water', 'Hair dryer', 'Mini fridge', 'TV', 'Carbon monoxide alarm', 'Bed linens', 'Luggage dropoff allowed', 'Cooking basics', 'Ceiling fan', 'Iron', 'Hot water kettle', 'Free dryer – In building', 'Dedicated workspace', 'Microwave', 'Washer', 'Extra pillows and blankets', 'Long term stays allowed', 'Electric stove', 'Radiant heating', 'Exterior security cameras on property', 'Air conditioning', 'Toaster', 'Single oven', 'Clothing storage: closet', 'Dishes and silverware', 'Hangers', 'Refrigerator', 'Self check-in', 'Freezer', 'Game console: PS5', 'Free parking on premises – 1 space', 'Free street parking', 'Fire extinguisher', 'Keypad']",38,1,1,1,1,1,1,0,0,0,0,0,1,Entire place
SECOND WARD,42.64587,-73.75356,54,Entire home/apt,Entire rental unit,5,2.0,1.0,9,1.19,9,4.67,4.56,4.56,359,f,"[""Smoke alarm"", ""Kitchen"", ""Dishwasher"", ""Wifi"", ""Shower gel"", ""Hot water"", ""Coffee maker"", ""Hair dryer"", ""Dryer"", ""TV"", ""Carbon monoxide alarm"", ""Bed linens"", ""Bathtub"", ""Cooking basics"", ""Baking sheet"", ""Shampoo"", ""Iron"", ""Room-darkening shades"", ""Hot water kettle"", ""Wine glasses"", ""Microwave"", ""Clothing storage"", ""Dining table"", ""Heating"", ""Washer"", ""Extra pillows and blankets"", ""Pets allowed"", ""Oven"", ""Noise decibel monitors on property"", ""Air conditioning"", ""Exterior security cameras on property"", ""Toaster"", ""Coffee"", ""First aid kit"", ""Conditioner"", ""Dishes and silverware"", ""Hangers"", ""Refrigerator"", ""Freezer"", ""Fire extinguisher"", ""Bidet"", ""Stove""]",1448501719166920474,"['Smoke alarm', 'Kitchen', 'Dishwasher', 'Wifi', 'Shower gel', 'Hot water', 'Coffee maker', 'Hair dryer', 'Dryer', 'TV', 'Carbon monoxide alarm', 'Bed linens', 'Bathtub', 'Cooking basics', 'Baking sheet', 'Shampoo', 'Iron', 'Room-darkening shades', 'Hot water kettle', 'Wine glasses', 'Microwave', 'Clothing storage', 'Dining table', 'Heating', 'Washer', 'Extra pillows and blankets', 'Pets allowed', 'Oven', 'Noise decibel monitors on property', 'Air conditioning', 'Exterior security cameras on property', 'Toaster', 'Coffee', 'First aid kit', 'Conditioner', 'Dishes and silverware', 'Hangers', 'Refrigerator', 'Freezer', 'Fire extinguisher', 'Bidet', 'Stove']",42,1,1,0,0,0,1,0,0,0,0,1,1,Entire place
SECOND WARD,42.64535,-73.75678,255,Entire home/apt,Entire rental unit,2,1.0,1.0,48,6.99,48,4.65,4.68,4.11,336,f,"[""Smoke alarm"", ""Kitchen"", ""Clothing storage: closet and dresser"", ""Wifi"", ""Hot water"", ""Private entrance"", ""Body soap"", ""TV"", ""Carbon monoxide alarm"", ""Bed linens"", ""Luggage dropoff allowed"", ""Cooking basics"", ""Iron"", ""Microwave"", ""Dining table"", ""Washer"", ""Long term stays allowed"", ""Pets allowed"", ""Electric stove"", ""Radiant heating"", ""Patio or balcony"", ""Air conditioning"", ""Toaster"", ""Single oven"", ""First aid kit"", ""Free parking on premises"", ""Dishes and silverware"", ""Hangers"", ""Refrigerator"", ""Free dryer"", ""Coffee maker: drip coffee maker"", ""Fire extinguisher"", ""Smoking allowed""]",1450136720901316807,"['Smoke alarm', 'Kitchen', 'Clothing storage: closet and dresser', 'Wifi', 'Hot water', 'Private entrance', 'Body soap', 'TV', 'Carbon monoxide alarm', 'Bed linens', 'Luggage dropoff allowed', 'Cooking basics', 'Iron', 'Microwave', 'Dining table', 'Washer', 'Long term stays allowed', 'Pets allowed', 'Electric stove', 'Radiant heating', 'Patio or balcony', 'Air conditioning', 'Toaster', 'Single oven', 'First aid kit', 'Free parking on premises', 'Dishes and silverware', 'Hangers', 'Refrigerator', 'Free dryer', 'Coffee maker: drip coffee maker', 'Fire extinguisher', 'Smoking allowed']",33,1,1,1,0,0,1,1,0,0,0,1,1,Entire place
SECOND WARD,42.64510481133944,-73.75712113379716,234,Entire home/apt,Entire rental unit,2,1.0,1.0,39,5.49,39,4.72,4.74,4.1,332,f,"[""Smoke alarm"", ""Kitchen"", ""Dryer \u2013 In building"", ""Private patio or balcony"", ""Wifi"", ""Hot water"", ""Coffee maker"", ""Body soap"", ""TV"", ""Carbon monoxide alarm"", ""Bed linens"", ""Cooking basics"", ""Microwave"", ""Dining table"", ""Heating"", ""Washer"", ""Long term stays allowed"", ""Pets allowed"", ""Air conditioning"", ""Single oven"", ""First aid kit"", ""Free parking on premises"", ""Hangers"", ""Refrigerator"", ""Fire extinguisher"", ""Stove"", ""Outlet covers"", ""Smoking allowed""]",1450156329560932974,"['Smoke alarm', 'Kitchen', 'Dryer – In building', 'Private patio or balcony', 'Wifi', 'Hot water', 'Coffee maker', 'Body soap', 'TV', 'Carbon monoxide alarm', 'Bed linens', 'Cooking basics', 'Microwave', 'Dining table', 'Heating', 'Washer', 'Long term stays allowed', 'Pets allowed', 'Air conditioning', 'Single oven', 'First aid kit', 'Free parking on premises', 'Hangers', 'Refrigerator', 'Fire extinguisher', 'Stove', 'Outlet covers', 'Smoking allowed']",28,1,1,1,0,0,1,1,1,0,0,1,1,Entire place
FIFTH WARD,42.67725,-73.78034,48,Entire home/apt,Entire rental unit,2,1.0,1.0,8,1.19,8,3.88,4.25,4.13,362,f,"[""Kitchen"", ""Wifi"", ""Shower gel"", ""Hot water"", ""TV"", ""Bed linens"", ""Bathtub"", ""Shampoo"", ""Hot water kettle"", ""Dedicated workspace"", ""Microwave"", ""Clothing storage"", ""Dining table"", ""Heating"", ""Backyard"", ""Air conditioning"", ""Coffee"", ""Outdoor furniture"", ""Free parking on premises"", ""Hangers"", ""Refrigerator"", ""Freezer"", ""Free street parking"", ""Cleaning products"", ""Bidet""]",1454413975547667690,"['Kitchen', 'Wifi', 'Shower gel', 'Hot water', 'TV', 'Bed linens', 'Bathtub', 'Shampoo', 'Hot water kettle', 'Dedicated workspace', 'Microwave', 'Clothing storage', 'Dining table', 'Heating', 'Backyard', 'Air conditioning', 'Coffee', 'Outdoor furniture', 'Free parking on premises', 'Hangers', 'Refrigerator', 'Freezer', 'Free street parking', 'Cleaning products', 'Bidet']",25,1,0,1,0,1,1,1,0,0,0,0,1,Entire place
FIFTH WARD,42.67619,-73.78121,12,Entire home/apt,Entire rental unit,2,1.0,1.0,2,0.29,2,3.0,3.0,4.0,365,f,"[""Smoke alarm"", ""Wifi"", ""Hot water"", ""Outdoor dining area"", ""TV"", ""Bed linens"", ""Bathtub"", ""Hot water kettle"", ""Dedicated workspace"", ""Clothing storage"", ""Dining table"", ""Heating"", ""Backyard"", ""Air conditioning"", ""Coffee"", ""Outdoor furniture"", ""First aid kit"", ""Conditioner"", ""Free parking on premises"", ""Hangers"", ""Refrigerator"", ""Bidet""]",1454415655361201543,"['Smoke alarm', 'Wifi', 'Hot water', 'Outdoor dining area', 'TV', 'Bed linens', 'Bathtub', 'Hot water kettle', 'Dedicated workspace', 'Clothing storage', 'Dining table', 'Heating', 'Backyard', 'Air conditioning', 'Coffee', 'Outdoor furniture', 'First aid kit', 'Conditioner', 'Free parking on premises', 'Hangers', 'Refrigerator', 'Bidet']",22,0,0,1,0,1,1,1,0,0,0,0,1,Entire place
FIFTH WARD,42.67639,-73.78086,54,Entire home/apt,Entire rental unit,2,1.0,1.0,9,1.27,9,4.67,4.56,4.78,365,f,"[""Wifi"", ""Hot water"", ""Outdoor dining area"", ""TV"", ""Bed linens"", ""Bathtub"", ""Shampoo"", ""Hot water kettle"", ""Dedicated workspace"", ""Microwave"", ""Dining table"", ""Heating"", ""Backyard"", ""Air conditioning"", ""Coffee"", ""Outdoor furniture"", ""Conditioner"", ""Free parking on premises"", ""Hangers"", ""Refrigerator"", ""Cleaning products"", ""Bidet""]",1454417108090792705,"['Wifi', 'Hot water', 'Outdoor dining area', 'TV', 'Bed linens', 'Bathtub', 'Shampoo', 'Hot water kettle', 'Dedicated workspace', 'Microwave', 'Dining table', 'Heating', 'Backyard', 'Air conditioning', 'Coffee', 'Outdoor furniture', 'Conditioner', 'Free parking on premises', 'Hangers', 'Refrigerator', 'Cleaning products', 'Bidet']",22,1,0,1,0,1,1,1,0,0,0,0,1,Entire place
FIFTH WARD,42.67612,-73.78092,114,Entire home/apt,Entire rental unit,2,1.0,1.0,19,2.51,19,4.37,4.47,4.37,362,f,"[""Smoke alarm"", ""Wifi"", ""Shower gel"", ""Hot water"", ""Outdoor dining area"", ""TV"", ""Bed linens"", ""Bathtub"", ""Shampoo"", ""Hot water kettle"", ""Dedicated workspace"", ""Clothing storage"", ""Dining table"", ""Heating"", ""Air conditioning"", ""Coffee"", ""Outdoor furniture"", ""First aid kit"", ""Conditioner"", ""Free parking on premises"", ""Hangers"", ""Cleaning products"", ""Bidet""]",1454418356838968327,"['Smoke alarm', 'Wifi', 'Shower gel', 'Hot water', 'Outdoor dining area', 'TV', 'Bed linens', 'Bathtub', 'Shampoo', 'Hot water kettle', 'Dedicated workspace', 'Clothing storage', 'Dining table', 'Heating', 'Air conditioning', 'Coffee', 'Outdoor furniture', 'First aid kit', 'Conditioner', 'Free parking on premises', 'Hangers', 'Cleaning products', 'Bidet']",23,0,0,1,0,1,1,1,0,0,0,0,1,Entire place
TENTH WARD,42.66355584811417,-73.7934588865277,36,Entire home/apt,Entire home,2,1.0,1.0,6,0.83,6,4.5,4.5,4.17,351,t,"[""Smoke alarm"", ""Air conditioning"", ""Fire extinguisher"", ""Wifi"", ""Carbon monoxide alarm"", ""First aid kit"", ""Indoor fireplace"", ""TV"", ""Washer""]",1455799924350084157,"['Smoke alarm', 'Air conditioning', 'Fire extinguisher', 'Wifi', 'Carbon monoxide alarm', 'First aid kit', 'Indoor fireplace', 'TV', 'Washer']",9,0,1,0,0,0,1,0,0,0,0,0,1,Entire place
FOURTEENTH WARD,42.6677,-73.80023,102,Entire home/apt,Entire condo,2,1.0,2.0,17,2.36,17,4.76,4.76,4.76,331,t,"[""Smoke alarm"", ""Wifi"", ""Shower gel"", ""Hot water"", ""Hair dryer"", ""Body soap"", ""Dryer"", ""TV"", ""Carbon monoxide alarm"", ""Bed linens"", ""Shampoo"", ""Iron"", ""Dedicated workspace"", ""Heating"", ""Washer"", ""Extra pillows and blankets"", ""Piano"", ""Drying rack for clothing"", ""Exterior security cameras on property"", ""Air conditioning"", ""Essentials"", ""Lock on bedroom door"", ""Books and reading material"", ""Conditioner"", ""Free parking on premises"", ""Hangers"", ""Self check-in"", ""Lockbox"", ""Cleaning products"", ""Bidet""]",1459126168828019962,"['Smoke alarm', 'Wifi', 'Shower gel', 'Hot water', 'Hair dryer', 'Body soap', 'Dryer', 'TV', 'Carbon monoxide alarm', 'Bed linens', 'Shampoo', 'Iron', 'Dedicated workspace', 'Heating', 'Washer', 'Extra pillows and blankets', 'Piano', 'Drying rack for clothing', 'Exterior security cameras on property', 'Air conditioning', 'Essentials', 'Lock on bedroom door', 'Books and reading material', 'Conditioner', 'Free parking on premises', 'Hangers', 'Self check-in', 'Lockbox', 'Cleaning products', 'Bidet']",30,0,1,1,1,1,1,0,0,0,0,0,1,Entire place
SECOND WARD,42.64604,-73.75419,42,Entire home/apt,Entire rental unit,4,2.0,1.0,7,1.0,7,5.0,5.0,4.71,100,t,"[""Smoke alarm"", ""Kitchen"", ""Cooking basics"", ""Exterior security cameras on property"", ""Fire extinguisher"", ""Portable air conditioning"", ""Wifi"", ""Dedicated workspace"", ""Paid parking on premises"", ""Keypad"", ""Central heating"", ""First aid kit"", ""TV"", ""Free parking on premises"", ""Carbon monoxide alarm"", ""Window AC unit"", ""Self check-in""]",1459718314728545998,"['Smoke alarm', 'Kitchen', 'Cooking basics', 'Exterior security cameras on property', 'Fire extinguisher', 'Portable air conditioning', 'Wifi', 'Dedicated workspace', 'Paid parking on premises', 'Keypad', 'Central heating', 'First aid kit', 'TV', 'Free parking on premises', 'Carbon monoxide alarm', 'Window AC unit', 'Self check-in']",17,1,0,1,1,1,1,0,0,0,0,0,1,Entire place
SECOND WARD,42.64403,-73.75853,192,Entire home/apt,Entire condo,4,2.0,1.0,32,4.71,32,4.75,4.75,4.5,346,t,"[""Smoke alarm"", ""Kitchen"", ""Dishwasher"", ""Wifi"", ""Shower gel"", ""Hot water"", ""Hair dryer"", ""Body soap"", ""TV"", ""Carbon monoxide alarm"", ""Bed linens"", ""Cooking basics"", ""Shampoo"", ""Iron"", ""Hot water kettle"", ""Free dryer \u2013 In building"", ""Microwave"", ""Coffee maker: Keurig coffee machine"", ""Washer"", ""Smart lock"", ""Long term stays allowed"", ""Pets allowed"", ""Oven"", ""Radiant heating"", ""Portable fans"", ""Exterior security cameras on property"", ""Air conditioning"", ""Coffee"", ""Laundromat nearby"", ""Books and reading material"", ""First aid kit"", ""Conditioner"", ""Free parking on premises"", ""Dishes and silverware"", ""Hangers"", ""Refrigerator"", ""Self check-in"", ""Freezer"", ""Fire extinguisher"", ""Mosquito net"", ""Stove"", ""Private backyard""]",1462505515338851900,"['Smoke alarm', 'Kitchen', 'Dishwasher', 'Wifi', 'Shower gel', 'Hot water', 'Hair dryer', 'Body soap', 'TV', 'Carbon monoxide alarm', 'Bed linens', 'Cooking basics', 'Shampoo', 'Iron', 'Hot water kettle', 'Free dryer – In building', 'Microwave', 'Coffee maker: Keurig coffee machine', 'Washer', 'Smart lock', 'Long term stays allowed', 'Pets allowed', 'Oven', 'Radiant heating', 'Portable fans', 'Exterior security cameras on property', 'Air conditioning', 'Coffee', 'Laundromat nearby', 'Books and reading material', 'First aid kit', 'Conditioner', 'Free parking on premises', 'Dishes and silverware', 'Hangers', 'Refrigerator', 'Self check-in', 'Freezer', 'Fire extinguisher', 'Mosquito net', 'Stove', 'Private backyard']",42,1,1,1,1,0,1,1,0,0,0,1,1,Entire place
SECOND WARD,42.64491,-73.7594,138,Entire home/apt,Entire rental unit,4,2.0,1.0,23,3.43,23,4.78,4.68,4.64,356,t,"[""Smoke alarm"", ""Kitchen"", ""Dishwasher"", ""Wifi"", ""Shower gel"", ""Hot water"", ""Coffee maker"", ""Hair dryer"", ""Body soap"", ""TV"", ""Carbon monoxide alarm"", ""Bed linens"", ""Cooking basics"", ""Shampoo"", ""Iron"", ""Hot water kettle"", ""Free dryer \u2013 In building"", ""Microwave"", ""Clothing storage"", ""Heating"", ""Washer"", ""Smart lock"", ""Pets allowed"", ""Oven"", ""Exterior security cameras on property"", ""Air conditioning"", ""Coffee"", ""Sound system"", ""Books and reading material"", ""First aid kit"", ""Conditioner"", ""Free parking on premises"", ""Dishes and silverware"", ""Hangers"", ""Refrigerator"", ""Self check-in"", ""Freezer"", ""Fire extinguisher"", ""Stove""]",1464782804892875821,"['Smoke alarm', 'Kitchen', 'Dishwasher', 'Wifi', 'Shower gel', 'Hot water', 'Coffee maker', 'Hair dryer', 'Body soap', 'TV', 'Carbon monoxide alarm', 'Bed linens', 'Cooking basics', 'Shampoo', 'Iron', 'Hot water kettle', 'Free dryer – In building', 'Microwave', 'Clothing storage', 'Heating', 'Washer', 'Smart lock', 'Pets allowed', 'Oven', 'Exterior security cameras on property', 'Air conditioning', 'Coffee', 'Sound system', 'Books and reading material', 'First aid kit', 'Conditioner', 'Free parking on premises', 'Dishes and silverware', 'Hangers', 'Refrigerator', 'Self check-in', 'Freezer', 'Fire extinguisher', 'Stove']",39,1,1,1,1,0,1,0,0,0,0,1,1,Entire place
THIRD WARD,42.65704,-73.75167,0,Entire home/apt,Entire rental unit,4,1.0,1.0,0,,0,,,,365,f,"[""Smoke alarm"", ""Kitchen"", ""Exterior security cameras on property"", ""Iron"", ""Air conditioning"", ""Fire extinguisher"", ""Wifi"", ""Dedicated workspace"", ""Carbon monoxide alarm"", ""Hair dryer"", ""First aid kit"", ""Outdoor dining area"", ""TV"", ""Free parking on premises"", ""Washer"", ""Pets allowed""]",1465797274904716360,"['Smoke alarm', 'Kitchen', 'Exterior security cameras on property', 'Iron', 'Air conditioning', 'Fire extinguisher', 'Wifi', 'Dedicated workspace', 'Carbon monoxide alarm', 'Hair dryer', 'First aid kit', 'Outdoor dining area', 'TV', 'Free parking on premises', 'Washer', 'Pets allowed']",16,1,1,1,0,1,1,1,0,0,0,1,1,Entire place
FIFTH WARD,42.67627,-73.78226,6,Entire home/apt,Entire rental unit,2,1.0,1.0,1,0.18,1,4.0,5.0,4.0,365,f,"[""Wifi"", ""Shower gel"", ""Hot water"", ""TV"", ""Bed linens"", ""Bathtub"", ""Shampoo"", ""Hot water kettle"", ""Dedicated workspace"", ""Microwave"", ""Clothing storage"", ""Dining table"", ""Heating"", ""Air conditioning"", ""Coffee"", ""Conditioner"", ""Free parking on premises"", ""Hangers"", ""Refrigerator"", ""Freezer"", ""Free street parking"", ""Bidet""]",1468113967156529966,"['Wifi', 'Shower gel', 'Hot water', 'TV', 'Bed linens', 'Bathtub', 'Shampoo', 'Hot water kettle', 'Dedicated workspace', 'Microwave', 'Clothing storage', 'Dining table', 'Heating', 'Air conditioning', 'Coffee', 'Conditioner', 'Free parking on premises', 'Hangers', 'Refrigerator', 'Freezer', 'Free street parking', 'Bidet']",22,1,0,1,0,1,1,0,0,0,0,0,1,Entire place
FIFTH WARD,42.67663,-73.78053,42,Entire home/apt,Entire rental unit,4,1.0,1.0,7,1.07,7,4.14,4.29,4.57,365,f,"[""Bathtub"", ""Free street parking"", ""Shampoo"", ""Air conditioning"", ""Hot water kettle"", ""Wifi"", ""Shower gel"", ""Bed linens"", ""Hot water"", ""Clothing storage"", ""Bidet"", ""Heating"", ""Dedicated workspace"", ""Microwave"", ""TV"", ""Conditioner"", ""Free parking on premises"", ""Hangers""]",1468116522806636814,"['Bathtub', 'Free street parking', 'Shampoo', 'Air conditioning', 'Hot water kettle', 'Wifi', 'Shower gel', 'Bed linens', 'Hot water', 'Clothing storage', 'Bidet', 'Heating', 'Dedicated workspace', 'Microwave', 'TV', 'Conditioner', 'Free parking on premises', 'Hangers']",18,0,0,1,0,1,1,0,0,0,0,0,1,Entire place
FIFTH WARD,42.67602,-73.78066,12,Entire home/apt,Entire rental unit,2,1.0,1.0,2,0.4,2,5.0,4.0,3.5,365,f,"[""Bathtub"", ""Free street parking"", ""Shampoo"", ""Air conditioning"", ""Hot water kettle"", ""Wifi"", ""Shower gel"", ""Bed linens"", ""Hot water"", ""Clothing storage"", ""Bidet"", ""Heating"", ""Dedicated workspace"", ""Microwave"", ""TV"", ""Conditioner"", ""Free parking on premises"", ""Hangers""]",1468119019136340688,"['Bathtub', 'Free street parking', 'Shampoo', 'Air conditioning', 'Hot water kettle', 'Wifi', 'Shower gel', 'Bed linens', 'Hot water', 'Clothing storage', 'Bidet', 'Heating', 'Dedicated workspace', 'Microwave', 'TV', 'Conditioner', 'Free parking on premises', 'Hangers']",18,0,0,1,0,1,1,0,0,0,0,0,1,Entire place
SIXTH WARD,42.65116120175577,-73.76489493995905,0,Entire home/apt,Entire rental unit,2,1.0,1.0,0,,0,,,,274,f,"[""Smoke alarm"", ""Kitchen"", ""Exterior security cameras on property"", ""Air conditioning"", ""Fire extinguisher"", ""Wifi"", ""Dedicated workspace"", ""TV"", ""Free parking on premises"", ""Carbon monoxide alarm"", ""Pets allowed""]",1470493488040078187,"['Smoke alarm', 'Kitchen', 'Exterior security cameras on property', 'Air conditioning', 'Fire extinguisher', 'Wifi', 'Dedicated workspace', 'TV', 'Free parking on premises', 'Carbon monoxide alarm', 'Pets allowed']",11,1,0,1,0,1,1,0,0,0,0,1,1,Entire place
FOURTH WARD,42.65791,-73.74669,48,Entire home/apt,Entire rental unit,2,1.0,1.0,8,1.18,8,4.88,4.75,4.63,360,f,"[""Smoke alarm"", ""Kitchen"", ""Dishwasher"", ""Wifi"", ""Hot water"", ""Hair dryer"", ""Body soap"", ""Fire pit"", ""Dryer"", ""TV"", ""Carbon monoxide alarm"", ""Bed linens"", ""Luggage dropoff allowed"", ""Cooking basics"", ""Shampoo"", ""Iron"", ""Room-darkening shades"", ""Hot water kettle"", ""Wine glasses"", ""Dedicated workspace"", ""Microwave"", ""Coffee maker: Keurig coffee machine"", ""Clothing storage"", ""Dining table"", ""Heating"", ""Washer"", ""Extra pillows and blankets"", ""Pets allowed"", ""Long term stays allowed"", ""Oven"", ""BBQ grill"", ""Backyard"", ""Air conditioning"", ""Toaster"", ""Essentials"", ""Coffee"", ""Laundromat nearby"", ""Outdoor furniture"", ""First aid kit"", ""Conditioner"", ""Free parking on premises"", ""Dishes and silverware"", ""Hangers"", ""Refrigerator"", ""Self check-in"", ""Freezer"", ""Free street parking"", ""Lockbox"", ""Fire extinguisher"", ""Cleaning products"", ""Stove""]",1472122509160785254,"['Smoke alarm', 'Kitchen', 'Dishwasher', 'Wifi', 'Hot water', 'Hair dryer', 'Body soap', 'Fire pit', 'Dryer', 'TV', 'Carbon monoxide alarm', 'Bed linens', 'Luggage dropoff allowed', 'Cooking basics', 'Shampoo', 'Iron', 'Room-darkening shades', 'Hot water kettle', 'Wine glasses', 'Dedicated workspace', 'Microwave', 'Coffee maker: Keurig coffee machine', 'Clothing storage', 'Dining table', 'Heating', 'Washer', 'Extra pillows and blankets', 'Pets allowed', 'Long term stays allowed', 'Oven', 'BBQ grill', 'Backyard', 'Air conditioning', 'Toaster', 'Essentials', 'Coffee', 'Laundromat nearby', 'Outdoor furniture', 'First aid kit', 'Conditioner', 'Free parking on premises', 'Dishes and silverware', 'Hangers', 'Refrigerator', 'Self check-in', 'Freezer', 'Free street parking', 'Lockbox', 'Fire extinguisher', 'Cleaning products', 'Stove']",51,1,1,1,1,1,1,1,0,0,0,1,1,Entire place
TENTH WARD,42.66295,-73.78792,112,Private room,Private room in home,1,1.0,1.0,2,0.3,2,5.0,5.0,5.0,158,t,"[""Smoke alarm"", ""Kitchen"", ""Ethernet connection"", ""Clothing storage: closet and dresser"", ""Wifi"", ""Hot water"", ""Hair dryer"", ""Carbon monoxide alarm"", ""Bed linens"", ""Bathtub"", ""Cooking basics"", ""Baking sheet"", ""Shampoo"", ""Room-darkening shades"", ""Hot water kettle"", ""Free dryer \u2013 In building"", ""Dedicated workspace"", ""Microwave"", ""Wine glasses"", ""Dining table"", ""Washer"", ""Extra pillows and blankets"", ""Long term stays allowed"", ""Oven"", ""Radiant heating"", ""Drying rack for clothing"", ""Exterior security cameras on property"", ""Air conditioning"", ""Lock on bedroom door"", ""Single level home"", ""Books and reading material"", ""First aid kit"", ""Dishes and silverware"", ""Hangers"", ""Refrigerator"", ""Freezer"", ""Free street parking"", ""Stove""]",1473485941065182946,"['Smoke alarm', 'Kitchen', 'Ethernet connection', 'Clothing storage: closet and dresser', 'Wifi', 'Hot water', 'Hair dryer', 'Carbon monoxide alarm', 'Bed linens', 'Bathtub', 'Cooking basics', 'Baking sheet', 'Shampoo', 'Room-darkening shades', 'Hot water kettle', 'Free dryer – In building', 'Dedicated workspace', 'Microwave', 'Wine glasses', 'Dining table', 'Washer', 'Extra pillows and blankets', 'Long term stays allowed', 'Oven', 'Radiant heating', 'Drying rack for clothing', 'Exterior security cameras on property', 'Air conditioning', 'Lock on bedroom door', 'Single level home', 'Books and reading material', 'First aid kit', 'Dishes and silverware', 'Hangers', 'Refrigerator', 'Freezer', 'Free street parking', 'Stove']",38,1,1,1,0,1,1,0,0,0,0,0,1,Private room
TENTH WARD,42.66241617967561,-73.78837960927946,10,Private room,Private room in home,1,1.0,1.0,1,0.28,1,5.0,3.0,5.0,29,t,"[""Smoke alarm"", ""Kitchen"", ""Private patio or balcony"", ""Ethernet connection"", ""Clothing storage: closet and dresser"", ""Wifi"", ""Hot water"", ""Hair dryer"", ""Carbon monoxide alarm"", ""Bed linens"", ""Cooking basics"", ""Ceiling fan"", ""Shampoo"", ""Baking sheet"", ""Room-darkening shades"", ""Hot water kettle"", ""Free dryer \u2013 In building"", ""Dedicated workspace"", ""Microwave"", ""Wine glasses"", ""Dining table"", ""Washer"", ""Extra pillows and blankets"", ""Long term stays allowed"", ""Radiant heating"", ""Exterior security cameras on property"", ""Air conditioning"", ""Outdoor furniture"", ""Lock on bedroom door"", ""Books and reading material"", ""First aid kit"", ""Dishes and silverware"", ""Refrigerator"", ""Freezer"", ""Free street parking"", ""Cleaning products"", ""Cleaning available during stay"", ""Stove""]",1473500943932986440,"['Smoke alarm', 'Kitchen', 'Private patio or balcony', 'Ethernet connection', 'Clothing storage: closet and dresser', 'Wifi', 'Hot water', 'Hair dryer', 'Carbon monoxide alarm', 'Bed linens', 'Cooking basics', 'Ceiling fan', 'Shampoo', 'Baking sheet', 'Room-darkening shades', 'Hot water kettle', 'Free dryer – In building', 'Dedicated workspace', 'Microwave', 'Wine glasses', 'Dining table', 'Washer', 'Extra pillows and blankets', 'Long term stays allowed', 'Radiant heating', 'Exterior security cameras on property', 'Air conditioning', 'Outdoor furniture', 'Lock on bedroom door', 'Books and reading material', 'First aid kit', 'Dishes and silverware', 'Refrigerator', 'Freezer', 'Free street parking', 'Cleaning products', 'Cleaning available during stay', 'Stove']",38,1,1,1,0,1,1,1,0,0,0,0,1,Private room
TENTH WARD,42.66325814454161,-73.78982669559142,56,Private room,Private room in home,1,1.0,1.0,1,0.64,1,5.0,5.0,5.0,88,t,"[""Smoke alarm"", ""Kitchen"", ""Ethernet connection"", ""Gas stove"", ""Wifi"", ""Hot water"", ""Hair dryer"", ""Carbon monoxide alarm"", ""Bed linens"", ""Bathtub"", ""Cooking basics"", ""Ceiling fan"", ""Shampoo"", ""Room-darkening shades"", ""Hot water kettle"", ""Free dryer \u2013 In building"", ""Dedicated workspace"", ""Microwave"", ""Wine glasses"", ""Dining table"", ""Washer"", ""Extra pillows and blankets"", ""Long term stays allowed"", ""Clothing storage: walk-in closet and dresser"", ""Oven"", ""Radiant heating"", ""Drying rack for clothing"", ""Exterior security cameras on property"", ""Air conditioning"", ""Patio or balcony"", ""Laundromat nearby"", ""Lock on bedroom door"", ""Outdoor furniture"", ""Single level home"", ""Books and reading material"", ""First aid kit"", ""Conditioner"", ""Dishes and silverware"", ""Hangers"", ""Refrigerator"", ""Freezer"", ""Free street parking"", ""Cleaning products"", ""Cleaning available during stay""]",1473509751949424528,"['Smoke alarm', 'Kitchen', 'Ethernet connection', 'Gas stove', 'Wifi', 'Hot water', 'Hair dryer', 'Carbon monoxide alarm', 'Bed linens', 'Bathtub', 'Cooking basics', 'Ceiling fan', 'Shampoo', 'Room-darkening shades', 'Hot water kettle', 'Free dryer – In building', 'Dedicated workspace', 'Microwave', 'Wine glasses', 'Dining table', 'Washer', 'Extra pillows and blankets', 'Long term stays allowed', 'Clothing storage: walk-in closet and dresser', 'Oven', 'Radiant heating', 'Drying rack for clothing', 'Exterior security cameras on property', 'Air conditioning', 'Patio or balcony', 'Laundromat nearby', 'Lock on bedroom door', 'Outdoor furniture', 'Single level home', 'Books and reading material', 'First aid kit', 'Conditioner', 'Dishes and silverware', 'Hangers', 'Refrigerator', 'Freezer', 'Free street parking', 'Cleaning products', 'Cleaning available during stay']",44,1,1,1,0,1,1,1,0,0,0,0,1,Private room
TENTH WARD,42.66232293480178,-73.78771391087372,56,Private room,Private room in home,1,1.0,1.0,1,0.16,1,5.0,5.0,5.0,54,t,"[""Smoke alarm"", ""Kitchen"", ""Ethernet connection"", ""Clothing storage: closet and dresser"", ""Wifi"", ""Hot water"", ""Hair dryer"", ""Body soap"", ""Shared backyard"", ""Carbon monoxide alarm"", ""Bed linens"", ""Bathtub"", ""Cooking basics"", ""Ceiling fan"", ""Shampoo"", ""Baking sheet"", ""Room-darkening shades"", ""Hot water kettle"", ""Free dryer \u2013 In building"", ""Dedicated workspace"", ""Microwave"", ""Wine glasses"", ""Dining table"", ""Washer"", ""Extra pillows and blankets"", ""Long term stays allowed"", ""Oven"", ""Radiant heating"", ""Portable fans"", ""Drying rack for clothing"", ""Exterior security cameras on property"", ""Air conditioning"", ""Patio or balcony"", ""Laundromat nearby"", ""Lock on bedroom door"", ""Outdoor furniture"", ""Single level home"", ""Books and reading material"", ""First aid kit"", ""Dishes and silverware"", ""Hangers"", ""Refrigerator"", ""Self check-in"", ""Freezer"", ""Free street parking"", ""Cleaning products"", ""Keypad"", ""Stove""]",1476084665532782592,"['Smoke alarm', 'Kitchen', 'Ethernet connection', 'Clothing storage: closet and dresser', 'Wifi', 'Hot water', 'Hair dryer', 'Body soap', 'Shared backyard', 'Carbon monoxide alarm', 'Bed linens', 'Bathtub', 'Cooking basics', 'Ceiling fan', 'Shampoo', 'Baking sheet', 'Room-darkening shades', 'Hot water kettle', 'Free dryer – In building', 'Dedicated workspace', 'Microwave', 'Wine glasses', 'Dining table', 'Washer', 'Extra pillows and blankets', 'Long term stays allowed', 'Oven', 'Radiant heating', 'Portable fans', 'Drying rack for clothing', 'Exterior security cameras on property', 'Air conditioning', 'Patio or balcony', 'Laundromat nearby', 'Lock on bedroom door', 'Outdoor furniture', 'Single level home', 'Books and reading material', 'First aid kit', 'Dishes and silverware', 'Hangers', 'Refrigerator', 'Self check-in', 'Freezer', 'Free street parking', 'Cleaning products', 'Keypad', 'Stove']",48,1,1,1,1,1,1,1,0,0,0,0,1,Private room
THIRD WARD,42.6498098,-73.75325649999999,60,Entire home/apt,Entire condo,2,1.0,1.0,10,1.66,10,5.0,5.0,4.9,233,t,"[""Smoke alarm"", ""Kitchen"", ""Dishwasher"", ""Ethernet connection"", ""Gas stove"", ""Wifi"", ""Hot water"", ""Private entrance"", ""Dryer"", ""TV"", ""Carbon monoxide alarm"", ""Bed linens"", ""Cooking basics"", ""Paid parking off premises"", ""Elevator"", ""Iron"", ""Room-darkening shades"", ""Dedicated workspace"", ""Microwave"", ""Coffee maker: Keurig coffee machine"", ""Clothing storage"", ""Heating"", ""Washer"", ""Extra pillows and blankets"", ""Pets allowed"", ""Long term stays allowed"", ""Oven"", ""Exterior security cameras on property"", ""Air conditioning"", ""Coffee"", ""Dishes and silverware"", ""Self check-in"", ""Refrigerator"", ""Paid parking lot on premises \u2013 1 space"", ""Fire extinguisher"", ""Keypad""]",1476780998285613744,"['Smoke alarm', 'Kitchen', 'Dishwasher', 'Ethernet connection', 'Gas stove', 'Wifi', 'Hot water', 'Private entrance', 'Dryer', 'TV', 'Carbon monoxide alarm', 'Bed linens', 'Cooking basics', 'Paid parking off premises', 'Elevator', 'Iron', 'Room-darkening shades', 'Dedicated workspace', 'Microwave', 'Coffee maker: Keurig coffee machine', 'Clothing storage', 'Heating', 'Washer', 'Extra pillows and blankets', 'Pets allowed', 'Long term stays allowed', 'Oven', 'Exterior security cameras on property', 'Air conditioning', 'Coffee', 'Dishes and silverware', 'Self check-in', 'Refrigerator', 'Paid parking lot on premises – 1 space', 'Fire extinguisher', 'Keypad']",36,1,1,1,1,1,1,0,0,0,0,1,1,Entire place
NINTH WARD,42.65547,-73.78949,222,Entire home/apt,Entire home,8,3.0,2.5,37,6.45,37,4.89,4.84,4.78,324,t,"[""Smoke alarm"", ""Kitchen"", ""Dishwasher"", ""Wifi"", ""Shower gel"", ""Hot water"", ""Coffee maker"", ""Private entrance"", ""Hair dryer"", ""Outdoor dining area"", ""Indoor fireplace"", ""TV"", ""Carbon monoxide alarm"", ""Clothing storage: walk-in closet and closet"", ""Pool table"", ""Bathtub"", ""Cooking basics"", ""Baking sheet"", ""Shampoo"", ""Iron"", ""Hot water kettle"", ""Wine glasses"", ""Free dryer \u2013 In building"", ""Dedicated workspace"", ""LG refrigerator"", ""Washer"", ""Long term stays allowed"", ""Pets allowed"", ""Oven"", ""Samsung stainless steel gas stove"", ""Portable fans"", ""Exterior security cameras on property"", ""Air conditioning"", ""Essentials"", ""Coffee"", ""Central heating"", ""First aid kit"", ""Conditioner"", ""Free parking on premises"", ""Dishes and silverware"", ""Fire extinguisher""]",1477111453930200793,"['Smoke alarm', 'Kitchen', 'Dishwasher', 'Wifi', 'Shower gel', 'Hot water', 'Coffee maker', 'Private entrance', 'Hair dryer', 'Outdoor dining area', 'Indoor fireplace', 'TV', 'Carbon monoxide alarm', 'Clothing storage: walk-in closet and closet', 'Pool table', 'Bathtub', 'Cooking basics', 'Baking sheet', 'Shampoo', 'Iron', 'Hot water kettle', 'Wine glasses', 'Free dryer – In building', 'Dedicated workspace', 'LG refrigerator', 'Washer', 'Long term stays allowed', 'Pets allowed', 'Oven', 'Samsung stainless steel gas stove', 'Portable fans', 'Exterior security cameras on property', 'Air conditioning', 'Essentials', 'Coffee', 'Central heating', 'First aid kit', 'Conditioner', 'Free parking on premises', 'Dishes and silverware', 'Fire extinguisher']",41,1,1,1,0,1,1,1,0,0,0,1,1,Entire place
SIXTH WARD,42.65787363814481,-73.76544767506958,0,Entire home/apt,Entire rental unit,4,2.0,2.0,0,,0,,,,365,f,"[""Smoke alarm"", ""Kitchen"", ""Air conditioning"", ""Fire extinguisher"", ""Wifi"", ""Dedicated workspace"", ""Carbon monoxide alarm"", ""First aid kit"", ""TV"", ""Washer""]",1477115953609986339,"['Smoke alarm', 'Kitchen', 'Air conditioning', 'Fire extinguisher', 'Wifi', 'Dedicated workspace', 'Carbon monoxide alarm', 'First aid kit', 'TV', 'Washer']",10,1,1,0,0,1,1,0,0,0,0,0,1,Entire place
TENTH WARD,42.66344,-73.78752,0,Entire home/apt,Entire home,9,4.0,1.0,0,,0,,,,113,t,"[""Smoke alarm"", ""Kitchen"", ""Wifi"", ""Carbon monoxide alarm"", ""Cooking basics"", ""Baking sheet"", ""Hot water kettle"", ""Dedicated workspace"", ""Heating"", ""Washer"", ""Oven"", ""Exterior security cameras on property"", ""Air conditioning"", ""Books and reading material"", ""First aid kit"", ""Free parking on premises"", ""Dishes and silverware"", ""Self check-in"", ""Refrigerator"", ""Freezer"", ""Keypad"", ""Stove""]",1477468172276783780,"['Smoke alarm', 'Kitchen', 'Wifi', 'Carbon monoxide alarm', 'Cooking basics', 'Baking sheet', 'Hot water kettle', 'Dedicated workspace', 'Heating', 'Washer', 'Oven', 'Exterior security cameras on property', 'Air conditioning', 'Books and reading material', 'First aid kit', 'Free parking on premises', 'Dishes and silverware', 'Self check-in', 'Refrigerator', 'Freezer', 'Keypad', 'Stove']",22,1,1,1,1,1,1,0,0,0,0,0,1,Entire place
SIXTH WARD,42.6523779,-73.7671603,78,Entire home/apt,Entire rental unit,2,1.0,1.0,13,2.34,13,4.92,5.0,4.77,357,t,"[""Smoke alarm"", ""Kitchen"", ""Dishwasher"", ""Wifi"", ""Hot water"", ""Coffee maker"", ""Hair dryer"", ""Body soap"", ""Dryer"", ""TV"", ""Carbon monoxide alarm"", ""Bed linens"", ""Bathtub"", ""Cooking basics"", ""Shampoo"", ""Iron"", ""Wine glasses"", ""Dedicated workspace"", ""Microwave"", ""Clothing storage"", ""Dining table"", ""Heating"", ""Washer"", ""Smart lock"", ""Pets allowed"", ""Oven"", ""Noise decibel monitors on property"", ""Air conditioning"", ""Coffee"", ""Conditioner"", ""Free parking on premises"", ""Dishes and silverware"", ""Hangers"", ""Refrigerator"", ""Self check-in"", ""Freezer"", ""Cleaning products"", ""Stove""]",1479696659954496070,"['Smoke alarm', 'Kitchen', 'Dishwasher', 'Wifi', 'Hot water', 'Coffee maker', 'Hair dryer', 'Body soap', 'Dryer', 'TV', 'Carbon monoxide alarm', 'Bed linens', 'Bathtub', 'Cooking basics', 'Shampoo', 'Iron', 'Wine glasses', 'Dedicated workspace', 'Microwave', 'Clothing storage', 'Dining table', 'Heating', 'Washer', 'Smart lock', 'Pets allowed', 'Oven', 'Noise decibel monitors on property', 'Air conditioning', 'Coffee', 'Conditioner', 'Free parking on premises', 'Dishes and silverware', 'Hangers', 'Refrigerator', 'Self check-in', 'Freezer', 'Cleaning products', 'Stove']",38,1,1,1,1,1,1,0,0,0,0,1,1,Entire place
ELEVENTH WARD,42.67808,-73.78208,18,Entire home/apt,Entire rental unit,4,1.0,1.0,3,0.67,3,3.0,3.0,2.67,365,f,"[""Wifi"", ""Shower gel"", ""Hot water"", ""TV"", ""Bed linens"", ""Bathtub"", ""Shampoo"", ""Hot water kettle"", ""Dedicated workspace"", ""Microwave"", ""Clothing storage"", ""Dining table"", ""Heating"", ""Air conditioning"", ""Coffee"", ""Conditioner"", ""Free parking on premises"", ""Hangers"", ""Refrigerator"", ""Freezer"", ""Free street parking"", ""Cleaning products"", ""Bidet""]",1481862654824444067,"['Wifi', 'Shower gel', 'Hot water', 'TV', 'Bed linens', 'Bathtub', 'Shampoo', 'Hot water kettle', 'Dedicated workspace', 'Microwave', 'Clothing storage', 'Dining table', 'Heating', 'Air conditioning', 'Coffee', 'Conditioner', 'Free parking on premises', 'Hangers', 'Refrigerator', 'Freezer', 'Free street parking', 'Cleaning products', 'Bidet']",23,1,0,1,0,1,1,0,0,0,0,0,1,Entire place
FIFTH WARD,42.675801777825,-73.78036874911213,12,Entire home/apt,Entire rental unit,2,1.0,1.0,2,0.42,2,4.0,4.0,4.0,365,f,"[""Wifi"", ""Shower gel"", ""Hot water"", ""TV"", ""Bed linens"", ""Bathtub"", ""Shampoo"", ""Hot water kettle"", ""Dedicated workspace"", ""Clothing storage"", ""Heating"", ""Air conditioning"", ""Coffee"", ""Conditioner"", ""Free parking on premises"", ""Hangers"", ""Refrigerator"", ""Freezer"", ""Bidet""]",1481865863422349835,"['Wifi', 'Shower gel', 'Hot water', 'TV', 'Bed linens', 'Bathtub', 'Shampoo', 'Hot water kettle', 'Dedicated workspace', 'Clothing storage', 'Heating', 'Air conditioning', 'Coffee', 'Conditioner', 'Free parking on premises', 'Hangers', 'Refrigerator', 'Freezer', 'Bidet']",19,0,0,1,0,1,1,0,0,0,0,0,1,Entire place
FIFTH WARD,42.67736,-73.78108,54,Entire home/apt,Entire rental unit,4,1.0,1.0,9,1.48,9,4.33,4.22,4.33,361,f,"[""Wifi"", ""Shower gel"", ""TV"", ""Bed linens"", ""Bathtub"", ""Shampoo"", ""Hot water kettle"", ""Dedicated workspace"", ""Microwave"", ""Clothing storage"", ""Dining table"", ""Heating"", ""Backyard"", ""Air conditioning"", ""Coffee"", ""Outdoor furniture"", ""Free parking on premises"", ""Hangers"", ""Refrigerator"", ""Bidet""]",1481869272871304149,"['Wifi', 'Shower gel', 'TV', 'Bed linens', 'Bathtub', 'Shampoo', 'Hot water kettle', 'Dedicated workspace', 'Microwave', 'Clothing storage', 'Dining table', 'Heating', 'Backyard', 'Air conditioning', 'Coffee', 'Outdoor furniture', 'Free parking on premises', 'Hangers', 'Refrigerator', 'Bidet']",20,1,0,1,0,1,1,1,0,0,0,0,1,Entire place
ELEVENTH WARD,42.68094050143159,-73.7846106000441,42,Entire home/apt,Entire rental unit,2,1.0,1.0,7,1.15,7,4.57,4.71,4.57,352,f,"[""Wifi"", ""Shower gel"", ""Hot water"", ""Outdoor dining area"", ""TV"", ""Bed linens"", ""Bathtub"", ""Shampoo"", ""Hot water kettle"", ""Dedicated workspace"", ""Microwave"", ""Clothing storage"", ""Dining table"", ""Heating"", ""Backyard"", ""Patio or balcony"", ""Air conditioning"", ""Coffee"", ""Free parking on premises"", ""Hangers"", ""Freezer"", ""Free street parking"", ""Bidet""]",1482199242377376639,"['Wifi', 'Shower gel', 'Hot water', 'Outdoor dining area', 'TV', 'Bed linens', 'Bathtub', 'Shampoo', 'Hot water kettle', 'Dedicated workspace', 'Microwave', 'Clothing storage', 'Dining table', 'Heating', 'Backyard', 'Patio or balcony', 'Air conditioning', 'Coffee', 'Free parking on premises', 'Hangers', 'Freezer', 'Free street parking', 'Bidet']",23,1,0,1,0,1,1,1,0,0,0,0,1,Entire place
ELEVENTH WARD,42.68205,-73.7846,0,Entire home/apt,Entire rental unit,4,1.0,1.0,0,,0,,,,365,f,"[""Wifi"", ""Shower gel"", ""Hot water"", ""TV"", ""Bed linens"", ""Bathtub"", ""Shampoo"", ""Hot water kettle"", ""Dedicated workspace"", ""Microwave"", ""Clothing storage"", ""Heating"", ""Air conditioning"", ""Coffee"", ""Outdoor furniture"", ""Conditioner"", ""Free parking on premises"", ""Hangers"", ""Freezer"", ""Free street parking"", ""Bidet""]",1485723149961736573,"['Wifi', 'Shower gel', 'Hot water', 'TV', 'Bed linens', 'Bathtub', 'Shampoo', 'Hot water kettle', 'Dedicated workspace', 'Microwave', 'Clothing storage', 'Heating', 'Air conditioning', 'Coffee', 'Outdoor furniture', 'Conditioner', 'Free parking on premises', 'Hangers', 'Freezer', 'Free street parking', 'Bidet']",21,0,0,1,0,1,1,1,0,0,0,0,1,Entire place
ELEVENTH WARD,42.68211,-73.78306,18,Entire home/apt,Entire rental unit,4,1.0,1.0,3,0.52,3,2.67,2.67,3.0,365,f,"[""Wifi"", ""Shower gel"", ""Hot water"", ""TV"", ""Bed linens"", ""Bathtub"", ""Shampoo"", ""Hot water kettle"", ""Dedicated workspace"", ""Microwave"", ""Clothing storage"", ""Dining table"", ""Heating"", ""Backyard"", ""Air conditioning"", ""Coffee"", ""Conditioner"", ""Free parking on premises"", ""Hangers"", ""Refrigerator"", ""Freezer"", ""Bidet""]",1485726503410193437,"['Wifi', 'Shower gel', 'Hot water', 'TV', 'Bed linens', 'Bathtub', 'Shampoo', 'Hot water kettle', 'Dedicated workspace', 'Microwave', 'Clothing storage', 'Dining table', 'Heating', 'Backyard', 'Air conditioning', 'Coffee', 'Conditioner', 'Free parking on premises', 'Hangers', 'Refrigerator', 'Freezer', 'Bidet']",22,1,0,1,0,1,1,1,0,0,0,0,1,Entire place
SIXTH WARD,42.65406,-73.76964,96,Entire home/apt,Entire rental unit,6,2.0,1.0,16,2.65,16,4.63,4.75,4.81,360,f,"[""Smoke alarm"", ""Kitchen"", ""Dishes and silverware"", ""Exterior security cameras on property"", ""Fire extinguisher"", ""Gas stove"", ""Wifi"", ""Dedicated workspace"", ""Coffee maker: Keurig coffee machine"", ""Keypad"", ""Self check-in"", ""TV"", ""Carbon monoxide alarm"", ""Window AC unit"", ""Hangers""]",1486971933919777260,"['Smoke alarm', 'Kitchen', 'Dishes and silverware', 'Exterior security cameras on property', 'Fire extinguisher', 'Gas stove', 'Wifi', 'Dedicated workspace', 'Coffee maker: Keurig coffee machine', 'Keypad', 'Self check-in', 'TV', 'Carbon monoxide alarm', 'Window AC unit', 'Hangers']",15,1,0,0,1,1,1,0,0,0,0,0,1,Entire place
SIXTH WARD,42.65334,-73.76605,192,Entire home/apt,Entire rental unit,3,1.0,1.0,32,6.4,32,4.91,4.9,4.71,99,f,"[""Housekeeping available from 9:00\u202fAM to 2:00\u202fPM, Sunday, Tuesday, Thursday, Saturday - available at extra cost"", ""Smoke alarm"", ""Kitchen"", ""Indoor fireplace: electric"", ""Wifi"", ""Shower gel"", ""Hot water"", ""Private entrance"", ""Body soap"", ""TV"", ""Carbon monoxide alarm"", ""Bed linens"", ""Luggage dropoff allowed"", ""Cooking basics"", ""Shampoo"", ""Room-darkening shades"", ""Dedicated workspace"", ""Microwave"", ""Coffee maker: Keurig coffee machine"", ""Long term stays allowed"", ""Electric stove"", ""Radiant heating"", ""Exterior security cameras on property"", ""Essentials"", ""Outdoor furniture"", ""Books and reading material"", ""Conditioner"", ""Dishes and silverware"", ""Self check-in"", ""Refrigerator"", ""Blender"", ""Freezer"", ""Free street parking"", ""Crib - available upon request"", ""Fire extinguisher"", ""Keypad"", ""Standalone high chair - available upon request""]",1498161268794053659,"['Housekeeping available from 9:00\u202fAM to 2:00\u202fPM, Sunday, Tuesday, Thursday, Saturday - available at extra cost', 'Smoke alarm', 'Kitchen', 'Indoor fireplace: electric', 'Wifi', 'Shower gel', 'Hot water', 'Private entrance', 'Body soap', 'TV', 'Carbon monoxide alarm', 'Bed linens', 'Luggage dropoff allowed', 'Cooking basics', 'Shampoo', 'Room-darkening shades', 'Dedicated workspace', 'Microwave', 'Coffee maker: Keurig coffee machine', 'Long term stays allowed', 'Electric stove', 'Radiant heating', 'Exterior security cameras on property', 'Essentials', 'Outdoor furniture', 'Books and reading material', 'Conditioner', 'Dishes and silverware', 'Self check-in', 'Refrigerator', 'Blender', 'Freezer', 'Free street parking', 'Crib - available upon request', 'Fire extinguisher', 'Keypad', 'Standalone high chair - available upon request']",37,1,0,1,1,1,0,1,1,0,0,0,1,Entire place
THIRD WARD,42.6567,-73.75412,90,Entire home/apt,Entire home,8,3.0,2.0,15,7.38,15,5.0,5.0,5.0,35,f,"[""Smoke alarm"", ""Kitchen"", ""Dishwasher"", ""Ethernet connection"", ""Wifi"", ""Shower gel"", ""Hot water"", ""Coffee maker"", ""Private entrance"", ""Hair dryer"", ""Body soap"", ""Fire pit"", ""Dryer"", ""Outdoor dining area"", ""TV"", ""Carbon monoxide alarm"", ""Bed linens"", ""Luggage dropoff allowed"", ""Bathtub"", ""Cooking basics"", ""Ceiling fan"", ""Shampoo"", ""Iron"", ""Hot water kettle"", ""Wine glasses"", ""Baking sheet"", ""Dedicated workspace"", ""Microwave"", ""Bread maker"", ""Clothing storage"", ""Dining table"", ""Heating"", ""Exercise equipment"", ""Hammock"", ""Washer"", ""Extra pillows and blankets"", ""Rice maker"", ""Pets allowed"", ""Oven"", ""Long term stays allowed"", ""BBQ grill"", ""Drying rack for clothing"", ""Exterior security cameras on property"", ""Air conditioning"", ""Toaster"", ""Coffee"", ""Patio or balcony"", ""Backyard"", ""Outdoor furniture"", ""Books and reading material"", ""First aid kit"", ""Barbecue utensils"", ""Conditioner"", ""Children\u2019s books and toys"", ""Dishes and silverware"", ""Free parking on premises"", ""Hangers"", ""Refrigerator"", ""Blender"", ""Self check-in"", ""Freezer"", ""Free street parking"", ""EV charger"", ""Lockbox"", ""Fire extinguisher"", ""Paid parking on premises"", ""Cleaning products"", ""Bidet"", ""Board games"", ""Cleaning available during stay""]",1498389804589049324,"['Smoke alarm', 'Kitchen', 'Dishwasher', 'Ethernet connection', 'Wifi', 'Shower gel', 'Hot water', 'Coffee maker', 'Private entrance', 'Hair dryer', 'Body soap', 'Fire pit', 'Dryer', 'Outdoor dining area', 'TV', 'Carbon monoxide alarm', 'Bed linens', 'Luggage dropoff allowed', 'Bathtub', 'Cooking basics', 'Ceiling fan', 'Shampoo', 'Iron', 'Hot water kettle', 'Wine glasses', 'Baking sheet', 'Dedicated workspace', 'Microwave', 'Bread maker', 'Clothing storage', 'Dining table', 'Heating', 'Exercise equipment', 'Hammock', 'Washer', 'Extra pillows and blankets', 'Rice maker', 'Pets allowed', 'Oven', 'Long term stays allowed', 'BBQ grill', 'Drying rack for clothing', 'Exterior security cameras on property', 'Air conditioning', 'Toaster', 'Coffee', 'Patio or balcony', 'Backyard', 'Outdoor furniture', 'Books and reading material', 'First aid kit', 'Barbecue utensils', 'Conditioner', 'Children’s books and toys', 'Dishes and silverware', 'Free parking on premises', 'Hangers', 'Refrigerator', 'Blender', 'Self check-in', 'Freezer', 'Free street parking', 'EV charger', 'Lockbox', 'Fire extinguisher', 'Paid parking on premises', 'Cleaning products', 'Bidet', 'Board games', 'Cleaning available during stay']",70,1,1,1,1,1,1,1,1,1,0,1,1,Entire place
SIXTH WARD,42.653261512538336,-73.76980902840452,36,Private room,Private room in rental unit,2,1.0,1.0,6,1.08,6,5.0,5.0,5.0,350,t,"[""Smoke alarm"", ""Kitchen"", ""Wifi"", ""Hair dryer"", ""Outdoor dining area"", ""Iron"", ""Free dryer \u2013 In building"", ""Dedicated workspace"", ""Microwave"", ""Portable heater"", ""Washer"", ""Oven"", ""BBQ grill"", ""Air conditioning"", ""Lock on bedroom door"", ""Central heating"", ""First aid kit"", ""Hangers"", ""Freezer"", ""Free street parking""]",1498884258657376096,"['Smoke alarm', 'Kitchen', 'Wifi', 'Hair dryer', 'Outdoor dining area', 'Iron', 'Free dryer – In building', 'Dedicated workspace', 'Microwave', 'Portable heater', 'Washer', 'Oven', 'BBQ grill', 'Air conditioning', 'Lock on bedroom door', 'Central heating', 'First aid kit', 'Hangers', 'Freezer', 'Free street parking']",20,1,1,1,0,1,1,1,0,0,0,0,0,Private room
SIXTH WARD,42.65479,-73.76274,0,Entire home/apt,Entire rental unit,2,1.0,1.0,0,,0,,,,352,f,"[""Smoke alarm"", ""Kitchen"", ""Cooking basics"", ""Lockbox"", ""Fire extinguisher"", ""Wifi"", ""Dedicated workspace"", ""Hair dryer"", ""Heating"", ""First aid kit"", ""TV"", ""Carbon monoxide alarm"", ""Self check-in""]",1498913624552583326,"['Smoke alarm', 'Kitchen', 'Cooking basics', 'Lockbox', 'Fire extinguisher', 'Wifi', 'Dedicated workspace', 'Hair dryer', 'Heating', 'First aid kit', 'TV', 'Carbon monoxide alarm', 'Self check-in']",13,1,1,0,1,1,0,0,0,0,0,0,1,Entire place
ELEVENTH WARD,42.66452327071085,-73.77739963718653,60,Entire home/apt,Entire rental unit,6,3.0,1.0,10,1.94,10,4.6,4.7,4.4,232,f,"[""Smoke alarm"", ""Kitchen"", ""Smart lock"", ""Exterior security cameras on property"", ""Air conditioning"", ""Wifi"", ""TV"", ""Carbon monoxide alarm"", ""Pets allowed"", ""Self check-in""]",1503537470526077849,"['Smoke alarm', 'Kitchen', 'Smart lock', 'Exterior security cameras on property', 'Air conditioning', 'Wifi', 'TV', 'Carbon monoxide alarm', 'Pets allowed', 'Self check-in']",10,1,0,0,1,0,1,0,0,0,0,1,1,Entire place
SEVENTH WARD,42.64166,-73.78424,12,Private room,Private room in home,2,1.0,1.0,2,0.4,2,5.0,5.0,4.0,319,f,"[""BBQ grill"", ""Smoke alarm"", ""Kitchen"", ""Radiant heating"", ""Bathtub"", ""Iron"", ""Fire extinguisher"", ""Laundromat nearby"", ""Wifi"", ""Bed linens"", ""Hot water"", ""Clothing storage"", ""Self check-in"", ""Keypad"", ""TV"", ""Carbon monoxide alarm"", ""Extra pillows and blankets"", ""Hangers""]",1510280924413149938,"['BBQ grill', 'Smoke alarm', 'Kitchen', 'Radiant heating', 'Bathtub', 'Iron', 'Fire extinguisher', 'Laundromat nearby', 'Wifi', 'Bed linens', 'Hot water', 'Clothing storage', 'Self check-in', 'Keypad', 'TV', 'Carbon monoxide alarm', 'Extra pillows and blankets', 'Hangers']",18,1,1,0,1,0,0,1,0,0,0,0,1,Private room
THIRTEENTH WARD,42.66490908542253,-73.77879829543551,24,Entire home/apt,Entire rental unit,6,3.0,1.0,4,0.92,4,4.0,4.0,4.0,323,f,"[""Smoke alarm"", ""Kitchen"", ""Air conditioning"", ""Wifi"", ""Dedicated workspace"", ""TV"", ""Carbon monoxide alarm"", ""Pets allowed""]",1511129185939661958,"['Smoke alarm', 'Kitchen', 'Air conditioning', 'Wifi', 'Dedicated workspace', 'TV', 'Carbon monoxide alarm', 'Pets allowed']",8,1,0,0,0,1,1,0,0,0,0,1,1,Entire place
SIXTH WARD,42.65294,-73.76511,0,Entire home/apt,Entire rental unit,2,1.0,1.0,0,,0,,,,365,f,"[""Smoke alarm"", ""Kitchen"", ""Paid washer \u2013 In unit"", ""Ethernet connection"", ""Wifi"", ""Shower gel"", ""Hot water"", ""Coffee maker"", ""Private entrance"", ""Hair dryer"", ""Body soap"", ""Mini fridge"", ""TV"", ""Carbon monoxide alarm"", ""Bed linens"", ""Paid dryer \u2013 In unit"", ""Pool table"", ""Cooking basics"", ""Shampoo"", ""Iron"", ""Room-darkening shades"", ""Hot water kettle"", ""Wine glasses"", ""Dedicated workspace"", ""Microwave"", ""Clothing storage"", ""Dining table"", ""Long term stays allowed"", ""Oven"", ""Exterior security cameras on property"", ""Toaster"", ""Essentials"", ""Coffee"", ""Laundromat nearby"", ""Central heating"", ""First aid kit"", ""Conditioner"", ""Window AC unit"", ""Dishes and silverware"", ""Hangers"", ""Refrigerator"", ""Freezer"", ""Free street parking"", ""Gym in building"", ""Fire extinguisher"", ""Cleaning products"", ""Stove""]",1511453437878117120,"['Smoke alarm', 'Kitchen', 'Paid washer – In unit', 'Ethernet connection', 'Wifi', 'Shower gel', 'Hot water', 'Coffee maker', 'Private entrance', 'Hair dryer', 'Body soap', 'Mini fridge', 'TV', 'Carbon monoxide alarm', 'Bed linens', 'Paid dryer – In unit', 'Pool table', 'Cooking basics', 'Shampoo', 'Iron', 'Room-darkening shades', 'Hot water kettle', 'Wine glasses', 'Dedicated workspace', 'Microwave', 'Clothing storage', 'Dining table', 'Long term stays allowed', 'Oven', 'Exterior security cameras on property', 'Toaster', 'Essentials', 'Coffee', 'Laundromat nearby', 'Central heating', 'First aid kit', 'Conditioner', 'Window AC unit', 'Dishes and silverware', 'Hangers', 'Refrigerator', 'Freezer', 'Free street parking', 'Gym in building', 'Fire extinguisher', 'Cleaning products', 'Stove']",47,1,1,1,0,1,1,0,0,1,0,0,1,Entire place
FOURTH WARD,42.67410612815129,-73.75067767016992,0,Entire home/apt,Entire rental unit,3,1.0,1.0,0,,0,,,,365,f,"[""Smoke alarm"", ""Kitchen"", ""Ethernet connection"", ""Wifi"", ""Shower gel"", ""Hot water"", ""Coffee maker"", ""Hair dryer"", ""Body soap"", ""Dryer"", ""Mini fridge"", ""TV"", ""Gym"", ""Carbon monoxide alarm"", ""Bed linens"", ""Bathtub"", ""Cooking basics"", ""Shampoo"", ""Iron"", ""Room-darkening shades"", ""Hot water kettle"", ""Wine glasses"", ""Dedicated workspace"", ""Microwave"", ""Clothing storage"", ""Dining table"", ""Extra pillows and blankets"", ""Long term stays allowed"", ""Oven"", ""Drying rack for clothing"", ""Coffee"", ""Central heating"", ""First aid kit"", ""Conditioner"", ""Free parking on premises"", ""Window AC unit"", ""Dishes and silverware"", ""Hangers"", ""Refrigerator"", ""Freezer"", ""Free street parking"", ""Fire extinguisher"", ""Cleaning products"", ""Stove""]",1511463115578002586,"['Smoke alarm', 'Kitchen', 'Ethernet connection', 'Wifi', 'Shower gel', 'Hot water', 'Coffee maker', 'Hair dryer', 'Body soap', 'Dryer', 'Mini fridge', 'TV', 'Gym', 'Carbon monoxide alarm', 'Bed linens', 'Bathtub', 'Cooking basics', 'Shampoo', 'Iron', 'Room-darkening shades', 'Hot water kettle', 'Wine glasses', 'Dedicated workspace', 'Microwave', 'Clothing storage', 'Dining table', 'Extra pillows and blankets', 'Long term stays allowed', 'Oven', 'Drying rack for clothing', 'Coffee', 'Central heating', 'First aid kit', 'Conditioner', 'Free parking on premises', 'Window AC unit', 'Dishes and silverware', 'Hangers', 'Refrigerator', 'Freezer', 'Free street parking', 'Fire extinguisher', 'Cleaning products', 'Stove']",44,1,1,1,0,1,1,0,0,1,0,0,1,Entire place
SIXTH WARD,42.65562,-73.76445,0,Entire home/apt,Entire home,3,1.0,1.0,0,,0,,,,365,f,"[""Smoke alarm"", ""Kitchen"", ""Ethernet connection"", ""Wifi"", ""Shower gel"", ""Hot water"", ""Hair dryer"", ""Body soap"", ""Mini fridge"", ""TV"", ""Carbon monoxide alarm"", ""Bed linens"", ""Bathtub"", ""Cooking basics"", ""Baking sheet"", ""Shampoo"", ""Iron"", ""Room-darkening shades"", ""Hot water kettle"", ""Wine glasses"", ""Dedicated workspace"", ""Microwave"", ""Clothing storage"", ""Extra pillows and blankets"", ""Long term stays allowed"", ""Oven"", ""Exterior security cameras on property"", ""Essentials"", ""Coffee"", ""Laundromat nearby"", ""Central heating"", ""First aid kit"", ""Conditioner"", ""Dishes and silverware"", ""Hangers"", ""Refrigerator"", ""Freezer"", ""Free street parking"", ""Fire extinguisher"", ""Cleaning products"", ""Stove""]",1511475748634247539,"['Smoke alarm', 'Kitchen', 'Ethernet connection', 'Wifi', 'Shower gel', 'Hot water', 'Hair dryer', 'Body soap', 'Mini fridge', 'TV', 'Carbon monoxide alarm', 'Bed linens', 'Bathtub', 'Cooking basics', 'Baking sheet', 'Shampoo', 'Iron', 'Room-darkening shades', 'Hot water kettle', 'Wine glasses', 'Dedicated workspace', 'Microwave', 'Clothing storage', 'Extra pillows and blankets', 'Long term stays allowed', 'Oven', 'Exterior security cameras on property', 'Essentials', 'Coffee', 'Laundromat nearby', 'Central heating', 'First aid kit', 'Conditioner', 'Dishes and silverware', 'Hangers', 'Refrigerator', 'Freezer', 'Free street parking', 'Fire extinguisher', 'Cleaning products', 'Stove']",41,1,1,1,0,1,0,0,0,0,0,0,1,Entire place
SIXTH WARD,42.65426,-73.76308,0,Entire home/apt,Entire home,2,1.0,1.0,0,,0,,,,365,f,"[""Smoke alarm"", ""Kitchen"", ""Paid washer \u2013 In unit"", ""Ethernet connection"", ""Wifi"", ""Shower gel"", ""Hot water"", ""Hair dryer"", ""Body soap"", ""Mini fridge"", ""TV"", ""Gym"", ""Carbon monoxide alarm"", ""Bed linens"", ""Paid dryer \u2013 In unit"", ""Cooking basics"", ""Shampoo"", ""Iron"", ""Room-darkening shades"", ""Hot water kettle"", ""Wine glasses"", ""Dedicated workspace"", ""Microwave"", ""Coffee maker: Keurig coffee machine"", ""Clothing storage"", ""Exercise equipment"", ""Long term stays allowed"", ""Oven"", ""Essentials"", ""Coffee"", ""Laundromat nearby"", ""Central heating"", ""First aid kit"", ""Conditioner"", ""Window AC unit"", ""Dishes and silverware"", ""Refrigerator"", ""Freezer"", ""Free street parking"", ""Fire extinguisher"", ""Cleaning products"", ""Stove""]",1511560319275262460,"['Smoke alarm', 'Kitchen', 'Paid washer – In unit', 'Ethernet connection', 'Wifi', 'Shower gel', 'Hot water', 'Hair dryer', 'Body soap', 'Mini fridge', 'TV', 'Gym', 'Carbon monoxide alarm', 'Bed linens', 'Paid dryer – In unit', 'Cooking basics', 'Shampoo', 'Iron', 'Room-darkening shades', 'Hot water kettle', 'Wine glasses', 'Dedicated workspace', 'Microwave', 'Coffee maker: Keurig coffee machine', 'Clothing storage', 'Exercise equipment', 'Long term stays allowed', 'Oven', 'Essentials', 'Coffee', 'Laundromat nearby', 'Central heating', 'First aid kit', 'Conditioner', 'Window AC unit', 'Dishes and silverware', 'Refrigerator', 'Freezer', 'Free street parking', 'Fire extinguisher', 'Cleaning products', 'Stove']",42,1,1,1,0,1,1,0,0,1,0,0,1,Entire place
SIXTH WARD,42.65228,-73.76491,0,Entire home/apt,Entire rental unit,2,1.0,1.0,0,,0,,,,360,f,"[""Smoke alarm"", ""Kitchen"", ""Paid washer \u2013 In unit"", ""Ethernet connection"", ""Wifi"", ""Shower gel"", ""Hot water"", ""Hair dryer"", ""Body soap"", ""Mini fridge"", ""TV"", ""Carbon monoxide alarm"", ""Bed linens"", ""Shared gym in building"", ""Paid dryer \u2013 In unit"", ""Cooking basics"", ""Shampoo"", ""Iron"", ""Room-darkening shades"", ""Hot water kettle"", ""Wine glasses"", ""Dedicated workspace"", ""Microwave"", ""Coffee maker: Keurig coffee machine"", ""Clothing storage"", ""Exercise equipment"", ""Long term stays allowed"", ""Oven"", ""Exterior security cameras on property"", ""Essentials"", ""Coffee"", ""Central heating"", ""First aid kit"", ""Conditioner"", ""Window AC unit"", ""Dishes and silverware"", ""Hangers"", ""Refrigerator"", ""Freezer"", ""Free street parking"", ""Fire extinguisher"", ""Cleaning products"", ""Stove""]",1511573692636646423,"['Smoke alarm', 'Kitchen', 'Paid washer – In unit', 'Ethernet connection', 'Wifi', 'Shower gel', 'Hot water', 'Hair dryer', 'Body soap', 'Mini fridge', 'TV', 'Carbon monoxide alarm', 'Bed linens', 'Shared gym in building', 'Paid dryer – In unit', 'Cooking basics', 'Shampoo', 'Iron', 'Room-darkening shades', 'Hot water kettle', 'Wine glasses', 'Dedicated workspace', 'Microwave', 'Coffee maker: Keurig coffee machine', 'Clothing storage', 'Exercise equipment', 'Long term stays allowed', 'Oven', 'Exterior security cameras on property', 'Essentials', 'Coffee', 'Central heating', 'First aid kit', 'Conditioner', 'Window AC unit', 'Dishes and silverware', 'Hangers', 'Refrigerator', 'Freezer', 'Free street parking', 'Fire extinguisher', 'Cleaning products', 'Stove']",43,1,1,1,0,1,1,0,0,1,0,0,1,Entire place
SIXTH WARD,42.65303,-73.76101,0,Entire home/apt,Entire rental unit,3,1.0,,0,,0,,,,361,f,"[""Smoke alarm"", ""Kitchen"", ""Paid washer \u2013 In unit"", ""Ethernet connection"", ""Wifi"", ""Shower gel"", ""Hot water"", ""Coffee maker"", ""Private entrance"", ""Hair dryer"", ""Body soap"", ""TV"", ""Carbon monoxide alarm"", ""Bed linens"", ""Paid dryer \u2013 In unit"", ""Cooking basics"", ""Baking sheet"", ""Shampoo"", ""Iron"", ""Hot water kettle"", ""Wine glasses"", ""Dedicated workspace"", ""Microwave"", ""Clothing storage"", ""Heating"", ""Oven"", ""Air conditioning"", ""Toaster"", ""Coffee"", ""First aid kit"", ""Conditioner"", ""Dishes and silverware"", ""Refrigerator"", ""Free street parking"", ""Fire extinguisher"", ""Stove""]",1511582525879389671,"['Smoke alarm', 'Kitchen', 'Paid washer – In unit', 'Ethernet connection', 'Wifi', 'Shower gel', 'Hot water', 'Coffee maker', 'Private entrance', 'Hair dryer', 'Body soap', 'TV', 'Carbon monoxide alarm', 'Bed linens', 'Paid dryer – In unit', 'Cooking basics', 'Baking sheet', 'Shampoo', 'Iron', 'Hot water kettle', 'Wine glasses', 'Dedicated workspace', 'Microwave', 'Clothing storage', 'Heating', 'Oven', 'Air conditioning', 'Toaster', 'Coffee', 'First aid kit', 'Conditioner', 'Dishes and silverware', 'Refrigerator', 'Free street parking', 'Fire extinguisher', 'Stove']",36,1,1,1,0,1,1,0,0,0,0,0,1,Entire place
SIXTH WARD,42.6525801,-73.7723427,84,Entire home/apt,Entire home,6,3.0,2.0,14,2.82,14,4.71,4.57,4.93,329,t,"[""Smoke alarm"", ""Kitchen"", ""Exterior security cameras on property"", ""Air conditioning"", ""Wifi"", ""Dedicated workspace"", ""Carbon monoxide alarm"", ""First aid kit"", ""TV"", ""Washer""]",1513028059149782480,"['Smoke alarm', 'Kitchen', 'Exterior security cameras on property', 'Air conditioning', 'Wifi', 'Dedicated workspace', 'Carbon monoxide alarm', 'First aid kit', 'TV', 'Washer']",10,1,1,0,0,1,1,0,0,0,0,0,1,Entire place
NINTH WARD,42.65527,-73.78585,6,Entire home/apt,Entire rental unit,6,3.0,1.0,1,0.51,1,5.0,5.0,5.0,359,f,"[""Smoke alarm"", ""Kitchen"", ""Cooking basics"", ""Iron"", ""Lockbox"", ""Fire extinguisher"", ""Wifi"", ""Dedicated workspace"", ""Heating"", ""Hair dryer"", ""First aid kit"", ""TV"", ""Free parking on premises"", ""Carbon monoxide alarm"", ""Self check-in""]",1518943235257584991,"['Smoke alarm', 'Kitchen', 'Cooking basics', 'Iron', 'Lockbox', 'Fire extinguisher', 'Wifi', 'Dedicated workspace', 'Heating', 'Hair dryer', 'First aid kit', 'TV', 'Free parking on premises', 'Carbon monoxide alarm', 'Self check-in']",15,1,1,1,1,1,0,0,0,0,0,0,1,Entire place
TENTH WARD,42.65841,-73.78321,36,Entire home/apt,Entire home,8,4.0,2.0,6,5.29,6,4.83,4.83,4.67,291,f,"[""Smoke alarm"", ""Kitchen"", ""Dishwasher"", ""Private patio or balcony"", ""Clothing storage: closet and dresser"", ""Wifi"", ""Shower gel"", ""Hot water"", ""Private entrance"", ""Hair dryer"", ""Body soap"", ""Carbon monoxide alarm"", ""Bed linens"", ""55 inch HDTV"", ""Bathtub"", ""Cooking basics"", ""Ceiling fan"", ""Shampoo"", ""Iron"", ""Hot water kettle"", ""Dedicated workspace"", ""Microwave"", ""Coffee maker: Keurig coffee machine"", ""Dining table"", ""Washer \u2013\u00a0In unit"", ""Stainless steel oven"", ""Smart lock"", ""Pets allowed"", ""Crib - always at the listing"", ""Backyard"", ""Exterior security cameras on property"", ""Air conditioning"", ""Toaster"", ""Essentials"", ""Coffee"", ""Outdoor furniture"", ""Central heating"", ""Conditioner"", ""Free parking on premises"", ""Dishes and silverware"", ""Hangers"", ""Refrigerator"", ""Self check-in"", ""Freezer"", ""Fire extinguisher"", ""Free dryer \u2013 In unit"", ""Samsung electric stove""]",1519726896462850649,"['Smoke alarm', 'Kitchen', 'Dishwasher', 'Private patio or balcony', 'Clothing storage: closet and dresser', 'Wifi', 'Shower gel', 'Hot water', 'Private entrance', 'Hair dryer', 'Body soap', 'Carbon monoxide alarm', 'Bed linens', '55 inch HDTV', 'Bathtub', 'Cooking basics', 'Ceiling fan', 'Shampoo', 'Iron', 'Hot water kettle', 'Dedicated workspace', 'Microwave', 'Coffee maker: Keurig coffee machine', 'Dining table', 'Washer –\xa0In unit', 'Stainless steel oven', 'Smart lock', 'Pets allowed', 'Crib - always at the listing', 'Backyard', 'Exterior security cameras on property', 'Air conditioning', 'Toaster', 'Essentials', 'Coffee', 'Outdoor furniture', 'Central heating', 'Conditioner', 'Free parking on premises', 'Dishes and silverware', 'Hangers', 'Refrigerator', 'Self check-in', 'Freezer', 'Fire extinguisher', 'Free dryer – In unit', 'Samsung electric stove']",47,1,1,1,1,1,1,1,1,0,0,1,1,Entire place
ELEVENTH WARD,42.6817,-73.78439,18,Entire home/apt,Entire rental unit,2,1.0,1.0,3,0.71,3,4.33,4.67,4.33,365,f,"[""Wifi"", ""Shower gel"", ""Hot water"", ""Coffee maker"", ""Body soap"", ""TV"", ""Bed linens"", ""Bathtub"", ""Shampoo"", ""Hot water kettle"", ""Microwave"", ""Dedicated workspace"", ""Clothing storage"", ""Dining table"", ""Heating"", ""Backyard"", ""Air conditioning"", ""Coffee"", ""Conditioner"", ""Free parking on premises"", ""Hangers"", ""Free street parking"", ""Cleaning products"", ""Bidet""]",1521064839093130562,"['Wifi', 'Shower gel', 'Hot water', 'Coffee maker', 'Body soap', 'TV', 'Bed linens', 'Bathtub', 'Shampoo', 'Hot water kettle', 'Microwave', 'Dedicated workspace', 'Clothing storage', 'Dining table', 'Heating', 'Backyard', 'Air conditioning', 'Coffee', 'Conditioner', 'Free parking on premises', 'Hangers', 'Free street parking', 'Cleaning products', 'Bidet']",24,1,0,1,0,1,1,1,0,0,0,0,1,Entire place
SIXTH WARD,42.65393,-73.7693,18,Entire home/apt,Entire home,2,1.0,1.0,3,0.92,3,4.33,4.33,4.33,365,t,"[""Smoke alarm"", ""Kitchen"", ""Exterior security cameras on property"", ""Air conditioning"", ""Wifi"", ""First aid kit"", ""TV"", ""Carbon monoxide alarm""]",1522036487464000982,"['Smoke alarm', 'Kitchen', 'Exterior security cameras on property', 'Air conditioning', 'Wifi', 'First aid kit', 'TV', 'Carbon monoxide alarm']",8,1,0,0,0,0,1,0,0,0,0,0,1,Entire place
SIXTH WARD,42.65323354077172,-73.76717951148748,12,Entire home/apt,Entire rental unit,2,0.0,1.0,2,0.53,2,5.0,4.5,5.0,351,f,"[""Smoke alarm"", ""Kitchen"", ""Dishwasher"", ""Wifi"", ""Shower gel"", ""Hot water"", ""Coffee maker"", ""Hair dryer"", ""Dryer"", ""TV"", ""Carbon monoxide alarm"", ""Cooking basics"", ""Baking sheet"", ""Dedicated workspace"", ""Microwave"", ""Heating"", ""Washer"", ""Pets allowed"", ""Oven"", ""Drying rack for clothing"", ""Exterior security cameras on property"", ""Air conditioning"", ""Toaster"", ""Coffee"", ""First aid kit"", ""Dishes and silverware"", ""Self check-in"", ""Refrigerator"", ""Freezer"", ""Fire extinguisher"", ""Keypad"", ""Stove""]",1523640223905336810,"['Smoke alarm', 'Kitchen', 'Dishwasher', 'Wifi', 'Shower gel', 'Hot water', 'Coffee maker', 'Hair dryer', 'Dryer', 'TV', 'Carbon monoxide alarm', 'Cooking basics', 'Baking sheet', 'Dedicated workspace', 'Microwave', 'Heating', 'Washer', 'Pets allowed', 'Oven', 'Drying rack for clothing', 'Exterior security cameras on property', 'Air conditioning', 'Toaster', 'Coffee', 'First aid kit', 'Dishes and silverware', 'Self check-in', 'Refrigerator', 'Freezer', 'Fire extinguisher', 'Keypad', 'Stove']",32,1,1,0,1,1,1,0,0,0,0,1,1,Entire place
SIXTH WARD,42.6542,-73.77128,72,Entire home/apt,Entire home,4,2.0,1.0,12,2.81,12,5.0,4.92,4.92,359,t,"[""Kitchen"", ""Exterior security cameras on property"", ""Air conditioning"", ""Wifi"", ""Dedicated workspace"", ""TV"", ""Free parking on premises"", ""Washer""]",1528281264652621033,"['Kitchen', 'Exterior security cameras on property', 'Air conditioning', 'Wifi', 'Dedicated workspace', 'TV', 'Free parking on premises', 'Washer']",8,1,1,1,0,1,1,0,0,0,0,0,1,Entire place
EIGHTH WARD,42.64273221597384,-73.79208773618511,156,Entire home/apt,Entire home,5,2.0,1.0,26,6.5,26,5.0,5.0,4.85,271,t,"[""Smoke alarm"", ""Kitchen"", ""Dishwasher"", ""Wifi"", ""Shower gel"", ""Hot water"", ""Coffee maker"", ""Body soap"", ""Fire pit"", ""Outdoor dining area"", ""TV"", ""Carbon monoxide alarm"", ""Bed linens"", ""Bathtub"", ""Cooking basics"", ""Baking sheet"", ""Shampoo"", ""Iron"", ""Room-darkening shades"", ""Hot water kettle"", ""Wine glasses"", ""Dedicated workspace"", ""Microwave"", ""Clothing storage"", ""Dining table"", ""Heating"", ""Washer"", ""Extra pillows and blankets"", ""Pets allowed"", ""Oven"", ""BBQ grill"", ""Exterior security cameras on property"", ""Air conditioning"", ""Toaster"", ""Coffee"", ""First aid kit"", ""Barbecue utensils"", ""Conditioner"", ""Free parking on premises"", ""Dishes and silverware"", ""Hangers"", ""Refrigerator"", ""Blender"", ""Freezer"", ""Fire extinguisher"", ""Cleaning products"", ""Bidet"", ""Stove""]",1528330624684718752,"['Smoke alarm', 'Kitchen', 'Dishwasher', 'Wifi', 'Shower gel', 'Hot water', 'Coffee maker', 'Body soap', 'Fire pit', 'Outdoor dining area', 'TV', 'Carbon monoxide alarm', 'Bed linens', 'Bathtub', 'Cooking basics', 'Baking sheet', 'Shampoo', 'Iron', 'Room-darkening shades', 'Hot water kettle', 'Wine glasses', 'Dedicated workspace', 'Microwave', 'Clothing storage', 'Dining table', 'Heating', 'Washer', 'Extra pillows and blankets', 'Pets allowed', 'Oven', 'BBQ grill', 'Exterior security cameras on property', 'Air conditioning', 'Toaster', 'Coffee', 'First aid kit', 'Barbecue utensils', 'Conditioner', 'Free parking on premises', 'Dishes and silverware', 'Hangers', 'Refrigerator', 'Blender', 'Freezer', 'Fire extinguisher', 'Cleaning products', 'Bidet', 'Stove']",48,1,1,1,0,1,1,1,0,0,0,1,1,Entire place
NINTH WARD,42.64724,-73.79126,36,Private room,Private room in home,4,2.0,1.0,6,1.5,6,4.83,5.0,4.83,328,f,"[""Smoke alarm"", ""Kitchen"", ""Dishwasher"", ""Private patio or balcony"", ""Baby safety gates"", ""Wifi"", ""Shower gel"", ""Hot water"", ""Hair dryer"", ""Outdoor dining area"", ""TV"", ""Carbon monoxide alarm"", ""Bed linens"", ""Bathtub"", ""Cooking basics"", ""Baking sheet"", ""Shampoo"", ""Iron"", ""Wine glasses"", ""Free dryer \u2013 In building"", ""Microwave"", ""Coffee maker: Keurig coffee machine"", ""Washer"", ""Electric stove"", ""BBQ grill"", ""Portable fans"", ""Exterior security cameras on property"", ""Air conditioning"", ""Toaster"", ""Outdoor furniture"", ""Clothing storage: closet"", ""Central heating"", ""First aid kit"", ""Barbecue utensils"", ""Conditioner"", ""Dishes and silverware"", ""Double oven"", ""Hangers"", ""Refrigerator"", ""Self check-in"", ""Freezer"", ""Free street parking"", ""Lockbox"", ""Fire extinguisher"", ""Private backyard \u2013 Fully fenced""]",1533289095503516108,"['Smoke alarm', 'Kitchen', 'Dishwasher', 'Private patio or balcony', 'Baby safety gates', 'Wifi', 'Shower gel', 'Hot water', 'Hair dryer', 'Outdoor dining area', 'TV', 'Carbon monoxide alarm', 'Bed linens', 'Bathtub', 'Cooking basics', 'Baking sheet', 'Shampoo', 'Iron', 'Wine glasses', 'Free dryer – In building', 'Microwave', 'Coffee maker: Keurig coffee machine', 'Washer', 'Electric stove', 'BBQ grill', 'Portable fans', 'Exterior security cameras on property', 'Air conditioning', 'Toaster', 'Outdoor furniture', 'Clothing storage: closet', 'Central heating', 'First aid kit', 'Barbecue utensils', 'Conditioner', 'Dishes and silverware', 'Double oven', 'Hangers', 'Refrigerator', 'Self check-in', 'Freezer', 'Free street parking', 'Lockbox', 'Fire extinguisher', 'Private backyard – Fully fenced']",45,1,1,1,1,0,1,1,1,0,0,0,1,Private room
NINTH WARD,42.65602,-73.79093,0,Private room,Private room in rental unit,2,1.0,,0,,0,,,,343,f,"[""Smoke alarm"", ""Kitchen"", ""Wifi"", ""Shower gel"", ""Hot water"", ""Coffee maker"", ""Hair dryer"", ""Body soap"", ""Outdoor dining area"", ""Dryer"", ""TV"", ""Carbon monoxide alarm"", ""Bed linens"", ""Luggage dropoff allowed"", ""Bathtub"", ""Cooking basics"", ""Baking sheet"", ""Shampoo"", ""Iron"", ""Room-darkening shades"", ""Hot water kettle"", ""Wine glasses"", ""Dedicated workspace"", ""Microwave"", ""Clothing storage"", ""Dining table"", ""Heating"", ""Washer"", ""Extra pillows and blankets"", ""Rice maker"", ""Long term stays allowed"", ""Oven"", ""Portable fans"", ""Drying rack for clothing"", ""Exterior security cameras on property"", ""Air conditioning"", ""Toaster"", ""Essentials"", ""Coffee"", ""Laundromat nearby"", ""Patio or balcony"", ""Backyard"", ""Outdoor furniture"", ""Books and reading material"", ""First aid kit"", ""Barbecue utensils"", ""Conditioner"", ""Dishes and silverware"", ""Hangers"", ""Refrigerator"", ""Blender"", ""Self check-in"", ""Freezer"", ""Free street parking"", ""Game console"", ""Fire extinguisher"", ""Cleaning products"", ""Keypad"", ""Board games"", ""Cleaning available during stay"", ""Stove""]",1536247531274306165,"['Smoke alarm', 'Kitchen', 'Wifi', 'Shower gel', 'Hot water', 'Coffee maker', 'Hair dryer', 'Body soap', 'Outdoor dining area', 'Dryer', 'TV', 'Carbon monoxide alarm', 'Bed linens', 'Luggage dropoff allowed', 'Bathtub', 'Cooking basics', 'Baking sheet', 'Shampoo', 'Iron', 'Room-darkening shades', 'Hot water kettle', 'Wine glasses', 'Dedicated workspace', 'Microwave', 'Clothing storage', 'Dining table', 'Heating', 'Washer', 'Extra pillows and blankets', 'Rice maker', 'Long term stays allowed', 'Oven', 'Portable fans', 'Drying rack for clothing', 'Exterior security cameras on property', 'Air conditioning', 'Toaster', 'Essentials', 'Coffee', 'Laundromat nearby', 'Patio or balcony', 'Backyard', 'Outdoor furniture', 'Books and reading material', 'First aid kit', 'Barbecue utensils', 'Conditioner', 'Dishes and silverware', 'Hangers', 'Refrigerator', 'Blender', 'Self check-in', 'Freezer', 'Free street parking', 'Game console', 'Fire extinguisher', 'Cleaning products', 'Keypad', 'Board games', 'Cleaning available during stay', 'Stove']",61,1,1,1,1,1,1,1,0,0,0,0,1,Private room
ELEVENTH WARD,42.68018,-73.78375,18,Entire home/apt,Entire rental unit,4,1.0,1.0,3,0.93,3,5.0,5.0,5.0,363,f,"[""Air conditioning"", ""Dedicated workspace"", ""Wifi"", ""Outdoor dining area"", ""TV"", ""Free parking on premises""]",1536278546396096866,"['Air conditioning', 'Dedicated workspace', 'Wifi', 'Outdoor dining area', 'TV', 'Free parking on premises']",6,0,0,1,0,1,1,1,0,0,0,0,1,Entire place
ELEVENTH WARD,42.68006,-73.78465,12,Entire home/apt,Entire rental unit,4,1.0,1.0,2,0.68,2,4.5,5.0,4.5,365,f,"[""Wifi"", ""Shower gel"", ""Hot water"", ""Coffee maker"", ""Outdoor dining area"", ""TV"", ""Bed linens"", ""Bathtub"", ""Shampoo"", ""Hot water kettle"", ""Dedicated workspace"", ""Microwave"", ""Clothing storage"", ""Heating"", ""Air conditioning"", ""Conditioner"", ""Free parking on premises"", ""Refrigerator"", ""Freezer"", ""Free street parking"", ""Cleaning products"", ""Bidet""]",1536284748778227579,"['Wifi', 'Shower gel', 'Hot water', 'Coffee maker', 'Outdoor dining area', 'TV', 'Bed linens', 'Bathtub', 'Shampoo', 'Hot water kettle', 'Dedicated workspace', 'Microwave', 'Clothing storage', 'Heating', 'Air conditioning', 'Conditioner', 'Free parking on premises', 'Refrigerator', 'Freezer', 'Free street parking', 'Cleaning products', 'Bidet']",22,1,0,1,0,1,1,1,0,0,0,0,1,Entire place
FIRST WARD,42.63622,-73.76152,0,Entire home/apt,Entire rental unit,2,2.0,1.0,0,,0,,,,356,f,"[""Smoke alarm"", ""Kitchen"", ""Radiant heating"", ""Cooking basics"", ""Exterior security cameras on property"", ""Air conditioning"", ""Fire extinguisher"", ""Wifi"", ""Portable heater"", ""Hot water"", ""TV"", ""Carbon monoxide alarm"", ""Oven""]",1537317274129063828,"['Smoke alarm', 'Kitchen', 'Radiant heating', 'Cooking basics', 'Exterior security cameras on property', 'Air conditioning', 'Fire extinguisher', 'Wifi', 'Portable heater', 'Hot water', 'TV', 'Carbon monoxide alarm', 'Oven']",13,1,0,0,0,0,1,0,0,0,0,0,1,Entire place
SECOND WARD,42.64727770491022,-73.75909371278735,12,Entire home/apt,Entire condo,4,2.0,2.0,2,1.28,2,5.0,5.0,4.5,67,f,"[""Smoke alarm"", ""Kitchen"", ""Dishwasher"", ""Wifi"", ""Hot water"", ""Coffee maker"", ""Private entrance"", ""Body soap"", ""Fire pit"", ""Dryer"", ""Indoor fireplace"", ""TV"", ""Carbon monoxide alarm"", ""Bed linens"", ""Luggage dropoff allowed"", ""Bathtub"", ""Cooking basics"", ""Baking sheet"", ""Shampoo"", ""Paid parking off premises"", ""Room-darkening shades"", ""Hot water kettle"", ""Wine glasses"", ""Dedicated workspace"", ""Microwave"", ""Clothing storage"", ""Dining table"", ""Washer"", ""Extra pillows and blankets"", ""Pets allowed"", ""Long term stays allowed"", ""Oven"", ""BBQ grill"", ""Portable fans"", ""Backyard"", ""Exterior security cameras on property"", ""Air conditioning"", ""Toaster"", ""Essentials"", ""Coffee"", ""Laundromat nearby"", ""Patio or balcony"", ""Outdoor furniture"", ""Single level home"", ""Books and reading material"", ""Central heating"", ""First aid kit"", ""Barbecue utensils"", ""Conditioner"", ""Children\u2019s books and toys"", ""Dishes and silverware"", ""Hangers"", ""Refrigerator"", ""Self check-in"", ""Freezer"", ""Free street parking"", ""Outdoor playground"", ""Lockbox"", ""Cleaning products"", ""Cleaning available during stay"", ""Stove"", ""Outlet covers""]",1539257231318688412,"['Smoke alarm', 'Kitchen', 'Dishwasher', 'Wifi', 'Hot water', 'Coffee maker', 'Private entrance', 'Body soap', 'Fire pit', 'Dryer', 'Indoor fireplace', 'TV', 'Carbon monoxide alarm', 'Bed linens', 'Luggage dropoff allowed', 'Bathtub', 'Cooking basics', 'Baking sheet', 'Shampoo', 'Paid parking off premises', 'Room-darkening shades', 'Hot water kettle', 'Wine glasses', 'Dedicated workspace', 'Microwave', 'Clothing storage', 'Dining table', 'Washer', 'Extra pillows and blankets', 'Pets allowed', 'Long term stays allowed', 'Oven', 'BBQ grill', 'Portable fans', 'Backyard', 'Exterior security cameras on property', 'Air conditioning', 'Toaster', 'Essentials', 'Coffee', 'Laundromat nearby', 'Patio or balcony', 'Outdoor furniture', 'Single level home', 'Books and reading material', 'Central heating', 'First aid kit', 'Barbecue utensils', 'Conditioner', 'Children’s books and toys', 'Dishes and silverware', 'Hangers', 'Refrigerator', 'Self check-in', 'Freezer', 'Free street parking', 'Outdoor playground', 'Lockbox', 'Cleaning products', 'Cleaning available during stay', 'Stove', 'Outlet covers']",62,1,1,1,1,1,1,1,1,0,0,1,1,Entire place
SIXTH WARD,42.65241,-73.76914,24,Entire home/apt,Entire rental unit,8,2.0,1.0,4,1.11,4,3.75,3.75,4.25,347,f,"[""Smoke alarm"", ""Kitchen"", ""Wifi"", ""Coffee maker"", ""Hair dryer"", ""Body soap"", ""TV"", ""Carbon monoxide alarm"", ""Bed linens"", ""Bathtub"", ""Shampoo"", ""Dining table"", ""Long term stays allowed"", ""Radiant heating"", ""Exterior security cameras on property"", ""Conditioner"", ""Dishes and silverware"", ""Refrigerator"", ""Freezer"", ""Fire extinguisher"", ""Stove""]",1539837082076857746,"['Smoke alarm', 'Kitchen', 'Wifi', 'Coffee maker', 'Hair dryer', 'Body soap', 'TV', 'Carbon monoxide alarm', 'Bed linens', 'Bathtub', 'Shampoo', 'Dining table', 'Long term stays allowed', 'Radiant heating', 'Exterior security cameras on property', 'Conditioner', 'Dishes and silverware', 'Refrigerator', 'Freezer', 'Fire extinguisher', 'Stove']",21,1,1,0,0,0,0,0,0,0,0,0,1,Entire place
SIXTH WARD,42.65363855900304,-73.76603515627508,24,Entire home/apt,Entire rental unit,2,1.0,1.0,4,3.75,4,5.0,5.0,4.75,325,t,"[""Smoke alarm"", ""Kitchen"", ""Dishwasher"", ""Ethernet connection"", ""Wifi"", ""Shower gel"", ""Hot water"", ""Coffee maker"", ""Hair dryer"", ""Body soap"", ""Dryer"", ""TV"", ""Carbon monoxide alarm"", ""Clothing storage: dresser"", ""Bed linens"", ""Cooking basics"", ""Shampoo"", ""Iron"", ""Room-darkening shades"", ""Hot water kettle"", ""Dedicated workspace"", ""Microwave"", ""Dining table"", ""Heating"", ""Washer"", ""Long term stays allowed"", ""Oven"", ""Air conditioning"", ""Essentials"", ""Coffee"", ""Conditioner"", ""Free parking on premises"", ""Dishes and silverware"", ""Refrigerator"", ""Freezer"", ""Cleaning products"", ""Stove""]",1551748338533337194,"['Smoke alarm', 'Kitchen', 'Dishwasher', 'Ethernet connection', 'Wifi', 'Shower gel', 'Hot water', 'Coffee maker', 'Hair dryer', 'Body soap', 'Dryer', 'TV', 'Carbon monoxide alarm', 'Clothing storage: dresser', 'Bed linens', 'Cooking basics', 'Shampoo', 'Iron', 'Room-darkening shades', 'Hot water kettle', 'Dedicated workspace', 'Microwave', 'Dining table', 'Heating', 'Washer', 'Long term stays allowed', 'Oven', 'Air conditioning', 'Essentials', 'Coffee', 'Conditioner', 'Free parking on premises', 'Dishes and silverware', 'Refrigerator', 'Freezer', 'Cleaning products', 'Stove']",37,1,1,1,0,1,1,0,0,0,0,0,1,Entire place
EIGHTH WARD,42.6566942427135,-73.81901754349369,0,Entire home/apt,Entire home,4,2.0,1.5,0,,0,,,,358,f,"[""BBQ grill"", ""Smoke alarm"", ""Exterior security cameras on property"", ""Iron"", ""Fire extinguisher"", ""Hair dryer"", ""First aid kit"", ""Indoor fireplace: gas"", ""Outdoor dining area"", ""Carbon monoxide alarm""]",1554405857186813446,"['BBQ grill', 'Smoke alarm', 'Exterior security cameras on property', 'Iron', 'Fire extinguisher', 'Hair dryer', 'First aid kit', 'Indoor fireplace: gas', 'Outdoor dining area', 'Carbon monoxide alarm']",10,0,1,0,0,0,0,1,0,0,0,0,0,Entire place
ELEVENTH WARD,42.67997,-73.78387,18,Entire home/apt,Entire rental unit,4,1.0,1.0,3,1.03,3,3.0,2.67,2.33,365,f,"[""Wifi"", ""Shower gel"", ""Hot water"", ""Outdoor dining area"", ""TV"", ""Bed linens"", ""Bathtub"", ""Shampoo"", ""Hot water kettle"", ""Dedicated workspace"", ""Microwave"", ""Clothing storage"", ""Backyard"", ""Air conditioning"", ""Coffee"", ""Conditioner"", ""Free parking on premises"", ""Refrigerator"", ""Freezer"", ""Bidet""]",1557309322062215916,"['Wifi', 'Shower gel', 'Hot water', 'Outdoor dining area', 'TV', 'Bed linens', 'Bathtub', 'Shampoo', 'Hot water kettle', 'Dedicated workspace', 'Microwave', 'Clothing storage', 'Backyard', 'Air conditioning', 'Coffee', 'Conditioner', 'Free parking on premises', 'Refrigerator', 'Freezer', 'Bidet']",20,1,0,1,0,1,1,1,0,0,0,0,1,Entire place
SIXTH WARD,42.6508268,-73.76684019999999,18,Entire home/apt,Entire rental unit,2,2.0,1.0,3,1.1,3,5.0,5.0,5.0,171,f,"[""Smoke alarm"", ""Kitchen"", ""Housekeeping - available at extra cost"", ""Private patio or balcony"", ""Wifi"", ""Hot water"", ""Private entrance"", ""Outdoor dining area"", ""TV"", ""Carbon monoxide alarm"", ""Bed linens"", ""Luggage dropoff allowed"", ""Bathtub"", ""Cooking basics"", ""Ceiling fan"", ""Iron"", ""Hot water kettle"", ""Dedicated workspace"", ""Microwave"", ""Dining table"", ""Extra pillows and blankets"", ""Long term stays allowed"", ""Whirlpool stainless steel electric stove"", ""Exterior security cameras on property"", ""Air conditioning"", ""Laundromat nearby"", ""Clothing storage: closet"", ""Central heating"", ""Dishes and silverware"", ""Hangers"", ""Self check-in"", ""Whirlpool  refrigerator"", ""Free street parking"", ""Fire extinguisher"", ""Cleaning products"", ""Keypad""]",1557418437023831902,"['Smoke alarm', 'Kitchen', 'Housekeeping - available at extra cost', 'Private patio or balcony', 'Wifi', 'Hot water', 'Private entrance', 'Outdoor dining area', 'TV', 'Carbon monoxide alarm', 'Bed linens', 'Luggage dropoff allowed', 'Bathtub', 'Cooking basics', 'Ceiling fan', 'Iron', 'Hot water kettle', 'Dedicated workspace', 'Microwave', 'Dining table', 'Extra pillows and blankets', 'Long term stays allowed', 'Whirlpool stainless steel electric stove', 'Exterior security cameras on property', 'Air conditioning', 'Laundromat nearby', 'Clothing storage: closet', 'Central heating', 'Dishes and silverware', 'Hangers', 'Self check-in', 'Whirlpool  refrigerator', 'Free street parking', 'Fire extinguisher', 'Cleaning products', 'Keypad']",36,1,1,1,1,1,1,1,0,1,0,0,1,Entire place
NINTH WARD,42.65644,-73.78689,0,Entire home/apt,Entire rental unit,6,3.0,1.0,0,,0,,,,362,f,"[""Smoke alarm"", ""Kitchen"", ""Cooking basics"", ""Iron"", ""Lockbox"", ""Fire extinguisher"", ""Wifi"", ""Dedicated workspace"", ""Heating"", ""Hair dryer"", ""First aid kit"", ""TV"", ""Free parking on premises"", ""Carbon monoxide alarm"", ""Self check-in""]",1558212573214197450,"['Smoke alarm', 'Kitchen', 'Cooking basics', 'Iron', 'Lockbox', 'Fire extinguisher', 'Wifi', 'Dedicated workspace', 'Heating', 'Hair dryer', 'First aid kit', 'TV', 'Free parking on premises', 'Carbon monoxide alarm', 'Self check-in']",15,1,1,1,1,1,0,0,0,0,0,0,1,Entire place
SIXTH WARD,42.65388029669575,-73.7679764985571,12,Entire home/apt,Entire rental unit,2,0.0,1.0,2,2.0,2,3.0,3.0,3.0,362,f,"[""Smoke alarm"", ""Kitchen"", ""Wifi"", ""Shower gel"", ""Hot water"", ""Coffee maker"", ""Hair dryer"", ""Outdoor dining area"", ""TV"", ""Carbon monoxide alarm"", ""Cooking basics"", ""Baking sheet"", ""Microwave"", ""Heating"", ""Pets allowed"", ""Oven"", ""Exterior security cameras on property"", ""Air conditioning"", ""Toaster"", ""Coffee"", ""First aid kit"", ""Dishes and silverware"", ""Self check-in"", ""Refrigerator"", ""Freezer"", ""Fire extinguisher"", ""Keypad"", ""Stove""]",1566232743630647475,"['Smoke alarm', 'Kitchen', 'Wifi', 'Shower gel', 'Hot water', 'Coffee maker', 'Hair dryer', 'Outdoor dining area', 'TV', 'Carbon monoxide alarm', 'Cooking basics', 'Baking sheet', 'Microwave', 'Heating', 'Pets allowed', 'Oven', 'Exterior security cameras on property', 'Air conditioning', 'Toaster', 'Coffee', 'First aid kit', 'Dishes and silverware', 'Self check-in', 'Refrigerator', 'Freezer', 'Fire extinguisher', 'Keypad', 'Stove']",28,1,1,0,1,0,1,1,0,0,0,1,1,Entire place
ELEVENTH WARD,42.68137,-73.78513,6,Entire home/apt,Entire rental unit,2,1.0,1.0,1,1.0,1,5.0,5.0,5.0,365,f,"[""Wifi"", ""Shower gel"", ""Hot water"", ""Outdoor dining area"", ""TV"", ""Bed linens"", ""Bathtub"", ""Shampoo"", ""Hot water kettle"", ""Dedicated workspace"", ""Clothing storage"", ""Heating"", ""Backyard"", ""Air conditioning"", ""Free parking on premises"", ""Hangers"", ""Refrigerator"", ""Free street parking"", ""Cleaning products"", ""Bidet""]",1566707423187643353,"['Wifi', 'Shower gel', 'Hot water', 'Outdoor dining area', 'TV', 'Bed linens', 'Bathtub', 'Shampoo', 'Hot water kettle', 'Dedicated workspace', 'Clothing storage', 'Heating', 'Backyard', 'Air conditioning', 'Free parking on premises', 'Hangers', 'Refrigerator', 'Free street parking', 'Cleaning products', 'Bidet']",20,0,0,1,0,1,1,1,0,0,0,0,1,Entire place
SIXTH WARD,42.65195580501727,-73.76696731690608,0,Entire home/apt,Entire rental unit,3,1.0,1.0,0,,0,,,,223,t,"[""Smoke alarm"", ""Kitchen"", ""Dishwasher"", ""Wifi"", ""Shower gel"", ""Hot water"", ""Hair dryer"", ""Body soap"", ""TV"", ""Carbon monoxide alarm"", ""Bed linens"", ""Cooking basics"", ""Shampoo"", ""Iron"", ""Room-darkening shades"", ""Hot water kettle"", ""Wine glasses"", ""Microwave"", ""Coffee maker: Keurig coffee machine"", ""Clothing storage"", ""Dining table"", ""Heating"", ""Extra pillows and blankets"", ""Long term stays allowed"", ""Oven"", ""Paid washer \u2013 In building"", ""Drying rack for clothing"", ""Air conditioning"", ""Exterior security cameras on property"", ""Essentials"", ""Toaster"", ""Coffee"", ""Conditioner"", ""Dishes and silverware"", ""Hangers"", ""Refrigerator"", ""Self check-in"", ""Freezer"", ""Free street parking"", ""Lockbox"", ""Cleaning products"", ""Paid dryer \u2013 In building"", ""Stove""]",1567582934369300353,"['Smoke alarm', 'Kitchen', 'Dishwasher', 'Wifi', 'Shower gel', 'Hot water', 'Hair dryer', 'Body soap', 'TV', 'Carbon monoxide alarm', 'Bed linens', 'Cooking basics', 'Shampoo', 'Iron', 'Room-darkening shades', 'Hot water kettle', 'Wine glasses', 'Microwave', 'Coffee maker: Keurig coffee machine', 'Clothing storage', 'Dining table', 'Heating', 'Extra pillows and blankets', 'Long term stays allowed', 'Oven', 'Paid washer – In building', 'Drying rack for clothing', 'Air conditioning', 'Exterior security cameras on property', 'Essentials', 'Toaster', 'Coffee', 'Conditioner', 'Dishes and silverware', 'Hangers', 'Refrigerator', 'Self check-in', 'Freezer', 'Free street parking', 'Lockbox', 'Cleaning products', 'Paid dryer – In building', 'Stove']",43,1,1,1,1,0,1,0,0,0,0,0,1,Entire place
NINTH WARD,42.65524020991202,-73.79811074584723,6,Private room,Private room in home,1,8.0,,1,0.48,1,5.0,5.0,5.0,8,t,"[""Smoke alarm"", ""Kitchen"", ""Dishwasher"", ""Clothing storage: closet and dresser"", ""Wifi"", ""Hot water"", ""Mini fridge"", ""TV"", ""Carbon monoxide alarm"", ""Bed linens"", ""Luggage dropoff allowed"", ""Bathtub"", ""Cooking basics"", ""Baking sheet"", ""Iron"", ""Room-darkening shades"", ""Free dryer \u2013 In building"", ""Dedicated workspace"", ""Microwave"", ""Coffee maker: Keurig coffee machine"", ""Dining table"", ""Washer"", ""Extra pillows and blankets"", ""Long term stays allowed"", ""Oven"", ""BBQ grill"", ""Radiant heating"", ""Portable fans"", ""Backyard"", ""Exterior security cameras on property"", ""Air conditioning"", ""Toaster"", ""Coffee"", ""Outdoor furniture"", ""Books and reading material"", ""Central heating"", ""First aid kit"", ""Free parking on premises"", ""Dishes and silverware"", ""Hangers"", ""Refrigerator"", ""Self check-in"", ""Freezer"", ""Free street parking"", ""Fire extinguisher"", ""Cleaning products"", ""Keypad"", ""Cleaning available during stay"", ""Stove""]",1568368313802744532,"['Smoke alarm', 'Kitchen', 'Dishwasher', 'Clothing storage: closet and dresser', 'Wifi', 'Hot water', 'Mini fridge', 'TV', 'Carbon monoxide alarm', 'Bed linens', 'Luggage dropoff allowed', 'Bathtub', 'Cooking basics', 'Baking sheet', 'Iron', 'Room-darkening shades', 'Free dryer – In building', 'Dedicated workspace', 'Microwave', 'Coffee maker: Keurig coffee machine', 'Dining table', 'Washer', 'Extra pillows and blankets', 'Long term stays allowed', 'Oven', 'BBQ grill', 'Radiant heating', 'Portable fans', 'Backyard', 'Exterior security cameras on property', 'Air conditioning', 'Toaster', 'Coffee', 'Outdoor furniture', 'Books and reading material', 'Central heating', 'First aid kit', 'Free parking on premises', 'Dishes and silverware', 'Hangers', 'Refrigerator', 'Self check-in', 'Freezer', 'Free street parking', 'Fire extinguisher', 'Cleaning products', 'Keypad', 'Cleaning available during stay', 'Stove']",49,1,1,1,1,1,1,1,0,0,0,0,1,Private room
NINTH WARD,42.65309,-73.77427,120,Entire home/apt,Entire rental unit,4,2.0,,2,2.0,2,5.0,5.0,5.0,156,f,"[""Smoke alarm"", ""Kitchen"", ""Dishwasher"", ""Wifi"", ""Hot water"", ""Coffee maker"", ""Private entrance"", ""Hair dryer"", ""Dryer"", ""TV"", ""Carbon monoxide alarm"", ""Bed linens"", ""Cooking basics"", ""Baking sheet"", ""Iron"", ""Hot water kettle"", ""Wine glasses"", ""Dedicated workspace"", ""Microwave"", ""Clothing storage"", ""Heating"", ""Washer"", ""Oven"", ""Air conditioning"", ""Toaster"", ""Essentials"", ""Coffee"", ""Dishes and silverware"", ""Hangers"", ""Refrigerator"", ""Fire extinguisher"", ""Stove""]",1569797647320776814,"['Smoke alarm', 'Kitchen', 'Dishwasher', 'Wifi', 'Hot water', 'Coffee maker', 'Private entrance', 'Hair dryer', 'Dryer', 'TV', 'Carbon monoxide alarm', 'Bed linens', 'Cooking basics', 'Baking sheet', 'Iron', 'Hot water kettle', 'Wine glasses', 'Dedicated workspace', 'Microwave', 'Clothing storage', 'Heating', 'Washer', 'Oven', 'Air conditioning', 'Toaster', 'Essentials', 'Coffee', 'Dishes and silverware', 'Hangers', 'Refrigerator', 'Fire extinguisher', 'Stove']",32,1,1,0,0,1,1,0,0,0,0,0,1,Entire place
SIXTH WARD,42.65444884256252,-73.77460435258136,60,Entire home/apt,Entire rental unit,2,1.0,,1,1.0,1,4.0,4.0,3.0,364,f,"[""Smoke alarm"", ""Kitchen"", ""Dishwasher"", ""Wifi"", ""Hot water"", ""Coffee maker"", ""Private entrance"", ""Hair dryer"", ""Dryer"", ""TV"", ""Carbon monoxide alarm"", ""Bed linens"", ""Cooking basics"", ""Baking sheet"", ""Iron"", ""Hot water kettle"", ""Wine glasses"", ""Dedicated workspace"", ""Microwave"", ""Clothing storage"", ""Heating"", ""Washer"", ""Oven"", ""Air conditioning"", ""Toaster"", ""Essentials"", ""Coffee"", ""Dishes and silverware"", ""Hangers"", ""Refrigerator"", ""Fire extinguisher"", ""Stove""]",1569797656869013772,"['Smoke alarm', 'Kitchen', 'Dishwasher', 'Wifi', 'Hot water', 'Coffee maker', 'Private entrance', 'Hair dryer', 'Dryer', 'TV', 'Carbon monoxide alarm', 'Bed linens', 'Cooking basics', 'Baking sheet', 'Iron', 'Hot water kettle', 'Wine glasses', 'Dedicated workspace', 'Microwave', 'Clothing storage', 'Heating', 'Washer', 'Oven', 'Air conditioning', 'Toaster', 'Essentials', 'Coffee', 'Dishes and silverware', 'Hangers', 'Refrigerator', 'Fire extinguisher', 'Stove']",32,1,1,0,0,1,1,0,0,0,0,0,1,Entire place
TENTH WARD,42.66156933118016,-73.7780683960021,6,Entire home/apt,Entire rental unit,7,3.0,1.0,1,0.65,1,4.0,3.0,2.0,240,f,"[""Smoke alarm"", ""Kitchen"", ""Exterior security cameras on property"", ""Air conditioning"", ""Wifi"", ""Dedicated workspace"", ""TV"", ""Carbon monoxide alarm"", ""Pets allowed""]",1572171021612252123,"['Smoke alarm', 'Kitchen', 'Exterior security cameras on property', 'Air conditioning', 'Wifi', 'Dedicated workspace', 'TV', 'Carbon monoxide alarm', 'Pets allowed']",9,1,0,0,0,1,1,0,0,0,0,1,1,Entire place
NINTH WARD,42.65319,-73.78387,14,Private room,Private room in home,1,4.0,,1,1.0,1,5.0,5.0,5.0,85,t,"[""Smoke alarm"", ""Kitchen"", ""Wifi"", ""Hot water"", ""Hair dryer"", ""Outdoor dining area"", ""TV"", ""Carbon monoxide alarm"", ""Bed linens"", ""Luggage dropoff allowed"", ""Bathtub"", ""Cooking basics"", ""Baking sheet"", ""Iron"", ""Dedicated workspace"", ""Microwave"", ""Coffee maker: Keurig coffee machine"", ""Clothing storage"", ""Dining table"", ""Extra pillows and blankets"", ""Long term stays allowed"", ""Oven"", ""Radiant heating"", ""Portable fans"", ""Backyard"", ""Exterior security cameras on property"", ""Air conditioning"", ""Coffee"", ""Laundromat nearby"", ""Books and reading material"", ""First aid kit"", ""Free parking on premises"", ""Dishes and silverware"", ""Hangers"", ""Refrigerator"", ""Blender"", ""Freezer"", ""Free street parking"", ""Fire extinguisher"", ""Cleaning products"", ""Cleaning available during stay"", ""Stove""]",1574726862531115374,"['Smoke alarm', 'Kitchen', 'Wifi', 'Hot water', 'Hair dryer', 'Outdoor dining area', 'TV', 'Carbon monoxide alarm', 'Bed linens', 'Luggage dropoff allowed', 'Bathtub', 'Cooking basics', 'Baking sheet', 'Iron', 'Dedicated workspace', 'Microwave', 'Coffee maker: Keurig coffee machine', 'Clothing storage', 'Dining table', 'Extra pillows and blankets', 'Long term stays allowed', 'Oven', 'Radiant heating', 'Portable fans', 'Backyard', 'Exterior security cameras on property', 'Air conditioning', 'Coffee', 'Laundromat nearby', 'Books and reading material', 'First aid kit', 'Free parking on premises', 'Dishes and silverware', 'Hangers', 'Refrigerator', 'Blender', 'Freezer', 'Free street parking', 'Fire extinguisher', 'Cleaning products', 'Cleaning available during stay', 'Stove']",42,1,1,1,0,1,1,1,0,0,0,0,1,Private room
ELEVENTH WARD,42.68146,-73.78313,0,Entire home/apt,Entire rental unit,2,1.0,1.0,0,,0,,,,360,f,"[""Smoke alarm"", ""Wifi"", ""Shower gel"", ""Hot water"", ""TV"", ""Bed linens"", ""Bathtub"", ""Shampoo"", ""Hot water kettle"", ""Dedicated workspace"", ""Microwave"", ""Clothing storage"", ""Heating"", ""Backyard"", ""Air conditioning"", ""Coffee"", ""Conditioner"", ""Free parking on premises"", ""Hangers"", ""Refrigerator"", ""Freezer"", ""Free street parking"", ""Bidet""]",1576913365361669361,"['Smoke alarm', 'Wifi', 'Shower gel', 'Hot water', 'TV', 'Bed linens', 'Bathtub', 'Shampoo', 'Hot water kettle', 'Dedicated workspace', 'Microwave', 'Clothing storage', 'Heating', 'Backyard', 'Air conditioning', 'Coffee', 'Conditioner', 'Free parking on premises', 'Hangers', 'Refrigerator', 'Freezer', 'Free street parking', 'Bidet']",23,1,0,1,0,1,1,1,0,0,0,0,1,Entire place
ELEVENTH WARD,42.68006,-73.78386,12,Entire home/apt,Entire rental unit,2,1.0,1.0,2,2.0,2,5.0,5.0,5.0,344,f,"[""Smoke alarm"", ""Wifi"", ""Shower gel"", ""Hot water"", ""Outdoor dining area"", ""TV"", ""Bed linens"", ""Shampoo"", ""Hot water kettle"", ""Dedicated workspace"", ""Microwave"", ""Clothing storage"", ""Heating"", ""Backyard"", ""Air conditioning"", ""Free parking on premises"", ""Hangers"", ""Refrigerator"", ""Cleaning products"", ""Bidet""]",1576918550123676963,"['Smoke alarm', 'Wifi', 'Shower gel', 'Hot water', 'Outdoor dining area', 'TV', 'Bed linens', 'Shampoo', 'Hot water kettle', 'Dedicated workspace', 'Microwave', 'Clothing storage', 'Heating', 'Backyard', 'Air conditioning', 'Free parking on premises', 'Hangers', 'Refrigerator', 'Cleaning products', 'Bidet']",20,0,0,1,0,1,1,1,0,0,0,0,1,Entire place
THIRTEENTH WARD,42.66958,-73.79722,8,Entire home/apt,Entire home,8,3.0,1.0,1,0.63,1,5.0,5.0,5.0,351,f,"[""Smoke alarm"", ""Kitchen"", ""Wifi"", ""Hot water"", ""Coffee maker"", ""Private entrance"", ""Hair dryer"", ""Indoor fireplace"", ""TV"", ""Carbon monoxide alarm"", ""Bed linens"", ""Bathtub"", ""Cooking basics"", ""Ceiling fan"", ""Shampoo"", ""Iron"", ""Dedicated workspace"", ""Microwave"", ""Dining table"", ""Oven"", ""Toaster"", ""Essentials"", ""Central heating"", ""First aid kit"", ""Free parking on premises"", ""Window AC unit"", ""Dishes and silverware"", ""Crib"", ""Hangers"", ""Refrigerator"", ""Self check-in"", ""Fire extinguisher"", ""Keypad""]",1579101894592916093,"['Smoke alarm', 'Kitchen', 'Wifi', 'Hot water', 'Coffee maker', 'Private entrance', 'Hair dryer', 'Indoor fireplace', 'TV', 'Carbon monoxide alarm', 'Bed linens', 'Bathtub', 'Cooking basics', 'Ceiling fan', 'Shampoo', 'Iron', 'Dedicated workspace', 'Microwave', 'Dining table', 'Oven', 'Toaster', 'Essentials', 'Central heating', 'First aid kit', 'Free parking on premises', 'Window AC unit', 'Dishes and silverware', 'Crib', 'Hangers', 'Refrigerator', 'Self check-in', 'Fire extinguisher', 'Keypad']",33,1,1,1,1,1,1,0,1,0,0,0,1,Entire place
THIRD WARD,42.6550306,-73.7517294,0,Entire home/apt,Entire home,2,1.0,1.0,0,,0,,,,89,f,"[""Kitchen"", ""Wifi"", ""Dedicated workspace"", ""TV"", ""Washer"", ""Pets allowed""]",1585685853276584426,"['Kitchen', 'Wifi', 'Dedicated workspace', 'TV', 'Washer', 'Pets allowed']",6,1,1,0,0,1,0,0,0,0,0,1,1,Entire place
EIGHTH WARD,42.64514,-73.78866,0,Entire home/apt,Entire home,10,4.0,2.0,0,,0,,,,346,f,"[""Smoke alarm"", ""Kitchen"", ""Dishwasher"", ""Wifi"", ""Hot water"", ""Private entrance"", ""Hair dryer"", ""TV"", ""Carbon monoxide alarm"", ""Bed linens"", ""Iron"", ""Room-darkening shades"", ""Microwave"", ""Clothing storage"", ""Dining table"", ""Heating"", ""Washer"", ""Extra pillows and blankets"", ""Pets allowed"", ""Backyard"", ""Air conditioning"", ""Essentials"", ""Free parking on premises"", ""Hangers"", ""Free dryer"", ""Refrigerator"", ""Fire extinguisher"", ""Paid parking on premises""]",1596638255963225382,"['Smoke alarm', 'Kitchen', 'Dishwasher', 'Wifi', 'Hot water', 'Private entrance', 'Hair dryer', 'TV', 'Carbon monoxide alarm', 'Bed linens', 'Iron', 'Room-darkening shades', 'Microwave', 'Clothing storage', 'Dining table', 'Heating', 'Washer', 'Extra pillows and blankets', 'Pets allowed', 'Backyard', 'Air conditioning', 'Essentials', 'Free parking on premises', 'Hangers', 'Free dryer', 'Refrigerator', 'Fire extinguisher', 'Paid parking on premises']",28,1,1,1,0,0,1,1,0,0,0,1,1,Entire place
SECOND WARD,42.64533778412286,-73.76016440370483,0,Entire home/apt,Entire rental unit,6,1.0,1.0,0,,0,,,,287,f,"[""BBQ grill"", ""Smoke alarm"", ""Kitchen"", ""Air conditioning"", ""Fire extinguisher"", ""Wifi"", ""Dedicated workspace"", ""Carbon monoxide alarm"", ""Keypad"", ""First aid kit"", ""Outdoor dining area"", ""Indoor fireplace"", ""Exercise equipment"", ""TV"", ""Free parking on premises"", ""Washer"", ""Self check-in""]",1597469740249614567,"['BBQ grill', 'Smoke alarm', 'Kitchen', 'Air conditioning', 'Fire extinguisher', 'Wifi', 'Dedicated workspace', 'Carbon monoxide alarm', 'Keypad', 'First aid kit', 'Outdoor dining area', 'Indoor fireplace', 'Exercise equipment', 'TV', 'Free parking on premises', 'Washer', 'Self check-in']",17,1,1,1,1,1,1,1,0,1,0,0,1,Entire place
SEVENTH WARD,42.649013030685936,-73.76681391621523,0,Entire home/apt,Entire rental unit,5,2.0,1.5,0,,0,,,,361,f,"[""Smoke alarm"", ""Kitchen"", ""Wifi"", ""Shower gel"", ""Hair dryer"", ""Body soap"", ""TV"", ""Carbon monoxide alarm"", ""Shampoo"", ""Room-darkening shades"", ""Wine glasses"", ""Dedicated workspace"", ""Microwave"", ""Heating"", ""Washer"", ""Extra pillows and blankets"", ""Oven"", ""Exterior security cameras on property"", ""Air conditioning"", ""Toaster"", ""First aid kit"", ""Free parking on premises"", ""Crib"", ""Hangers"", ""Self check-in"", ""Lockbox"", ""Fire extinguisher"", ""Stove""]",1598781483129471644,"['Smoke alarm', 'Kitchen', 'Wifi', 'Shower gel', 'Hair dryer', 'Body soap', 'TV', 'Carbon monoxide alarm', 'Shampoo', 'Room-darkening shades', 'Wine glasses', 'Dedicated workspace', 'Microwave', 'Heating', 'Washer', 'Extra pillows and blankets', 'Oven', 'Exterior security cameras on property', 'Air conditioning', 'Toaster', 'First aid kit', 'Free parking on premises', 'Crib', 'Hangers', 'Self check-in', 'Lockbox', 'Fire extinguisher', 'Stove']",28,1,1,1,1,1,1,0,1,0,0,0,1,Entire place
SIXTH WARD,42.65110780000001,-73.7658994,0,Entire home/apt,Entire rental unit,2,1.0,1.0,0,,0,,,,85,f,"[""Smoke alarm"", ""Kitchen"", ""Exterior security cameras on property"", ""Air conditioning"", ""Wifi"", ""Carbon monoxide alarm"", ""TV"", ""Washer"", ""Pets allowed""]",1599929109212956798,"['Smoke alarm', 'Kitchen', 'Exterior security cameras on property', 'Air conditioning', 'Wifi', 'Carbon monoxide alarm', 'TV', 'Washer', 'Pets allowed']",9,1,1,0,0,0,1,0,0,0,0,1,1,Entire place
EIGHTH WARD,42.65162,-73.81077,0,Entire home/apt,Entire home,4,2.0,1.0,0,,0,,,,56,f,"[""Smoke alarm"", ""Kitchen"", ""Dishwasher"", ""Clothing storage: closet and dresser"", ""Wifi"", ""Shower gel"", ""Hot water"", ""Hair dryer"", ""Body soap"", ""TV"", ""Carbon monoxide alarm"", ""Bed linens"", ""Bathtub"", ""Cooking basics"", ""Baking sheet"", ""Shampoo"", ""Iron"", ""Room-darkening shades"", ""Wine glasses"", ""Microwave"", ""Coffee maker: Keurig coffee machine"", ""Dining table"", ""Heating"", ""Washer"", ""Long term stays allowed"", ""Pets allowed"", ""Air conditioning"", ""Toaster"", ""Coffee"", ""Single level home"", ""Single oven"", ""Books and reading material"", ""First aid kit"", ""Conditioner"", ""Free parking on premises"", ""Dishes and silverware"", ""Hangers"", ""Refrigerator"", ""Self check-in"", ""Freezer"", ""Fire extinguisher"", ""Free dryer \u2013 In unit"", ""Cleaning products"", ""Keypad"", ""Board games"", ""Stove"", ""Private backyard""]",1601567688822954799,"['Smoke alarm', 'Kitchen', 'Dishwasher', 'Clothing storage: closet and dresser', 'Wifi', 'Shower gel', 'Hot water', 'Hair dryer', 'Body soap', 'TV', 'Carbon monoxide alarm', 'Bed linens', 'Bathtub', 'Cooking basics', 'Baking sheet', 'Shampoo', 'Iron', 'Room-darkening shades', 'Wine glasses', 'Microwave', 'Coffee maker: Keurig coffee machine', 'Dining table', 'Heating', 'Washer', 'Long term stays allowed', 'Pets allowed', 'Air conditioning', 'Toaster', 'Coffee', 'Single level home', 'Single oven', 'Books and reading material', 'First aid kit', 'Conditioner', 'Free parking on premises', 'Dishes and silverware', 'Hangers', 'Refrigerator', 'Self check-in', 'Freezer', 'Fire extinguisher', 'Free dryer – In unit', 'Cleaning products', 'Keypad', 'Board games', 'Stove', 'Private backyard']",47,1,1,1,1,0,1,1,0,0,0,1,1,Entire place
SIXTH WARD,42.65462,-73.76027,6,Entire home/apt,Entire rental unit,2,0.0,1.0,1,1.0,1,5.0,5.0,5.0,359,f,"[""Smoke alarm"", ""Kitchen"", ""Wifi"", ""First aid kit"", ""TV"", ""Free parking on premises"", ""Carbon monoxide alarm""]",1604760798212891657,"['Smoke alarm', 'Kitchen', 'Wifi', 'First aid kit', 'TV', 'Free parking on premises', 'Carbon monoxide alarm']",7,1,0,1,0,0,0,0,0,0,0,0,1,Entire place
FOURTH WARD,42.66779,-73.74198,24,Entire home/apt,Entire rental unit,4,1.0,1.0,4,4.0,4,4.0,4.25,3.75,334,f,"[""Smoke alarm"", ""Kitchen"", ""Cooking basics"", ""Exterior security cameras on property"", ""Iron"", ""Wifi"", ""Dedicated workspace"", ""Keypad"", ""Heating"", ""First aid kit"", ""TV"", ""Free parking on premises"", ""Carbon monoxide alarm"", ""Pets allowed"", ""Self check-in""]",1605352658027975031,"['Smoke alarm', 'Kitchen', 'Cooking basics', 'Exterior security cameras on property', 'Iron', 'Wifi', 'Dedicated workspace', 'Keypad', 'Heating', 'First aid kit', 'TV', 'Free parking on premises', 'Carbon monoxide alarm', 'Pets allowed', 'Self check-in']",15,1,0,1,1,1,0,0,0,0,0,1,1,Entire place
FIFTH WARD,42.66915740651244,-73.76762620544702,0,Entire home/apt,Entire home,6,2.0,2.0,0,,0,,,,362,f,"[""Smoke alarm"", ""Kitchen"", ""Smart lock"", ""Cooking basics"", ""Exterior security cameras on property"", ""Air conditioning"", ""Fire extinguisher"", ""Wifi"", ""Carbon monoxide alarm"", ""Heating"", ""TV"", ""Free parking on premises"", ""Washer"", ""Pets allowed"", ""Self check-in""]",1606217702961434071,"['Smoke alarm', 'Kitchen', 'Smart lock', 'Cooking basics', 'Exterior security cameras on property', 'Air conditioning', 'Fire extinguisher', 'Wifi', 'Carbon monoxide alarm', 'Heating', 'TV', 'Free parking on premises', 'Washer', 'Pets allowed', 'Self check-in']",15,1,1,1,1,0,1,0,0,0,0,1,1,Entire place
ELEVENTH WARD,42.68169,-73.78467,0,Entire home/apt,Entire rental unit,2,1.0,1.0,0,,0,,,,364,f,"[""Wifi"", ""Shower gel"", ""Hot water"", ""TV"", ""Bed linens"", ""Bathtub"", ""Shampoo"", ""Hot water kettle"", ""Dedicated workspace"", ""Microwave"", ""Clothing storage"", ""Dining table"", ""Heating"", ""Air conditioning"", ""Coffee"", ""Conditioner"", ""Free parking on premises"", ""Hangers"", ""Freezer"", ""Free street parking"", ""Bidet""]",1607330191548894098,"['Wifi', 'Shower gel', 'Hot water', 'TV', 'Bed linens', 'Bathtub', 'Shampoo', 'Hot water kettle', 'Dedicated workspace', 'Microwave', 'Clothing storage', 'Dining table', 'Heating', 'Air conditioning', 'Coffee', 'Conditioner', 'Free parking on premises', 'Hangers', 'Freezer', 'Free street parking', 'Bidet']",21,1,0,1,0,1,1,0,0,0,0,0,1,Entire place
ELEVENTH WARD,42.68166,-73.78337,0,Entire home/apt,Entire rental unit,2,1.0,1.0,0,,0,,,,365,f,"[""Wifi"", ""Shower gel"", ""Hot water"", ""Coffee maker"", ""TV"", ""Bed linens"", ""Bathtub"", ""Shampoo"", ""Hot water kettle"", ""Dedicated workspace"", ""Clothing storage"", ""Heating"", ""Backyard"", ""Air conditioning"", ""Coffee"", ""Conditioner"", ""Free parking on premises"", ""Hangers"", ""Refrigerator"", ""Free street parking"", ""Cleaning products"", ""Bidet""]",1607334788715779524,"['Wifi', 'Shower gel', 'Hot water', 'Coffee maker', 'TV', 'Bed linens', 'Bathtub', 'Shampoo', 'Hot water kettle', 'Dedicated workspace', 'Clothing storage', 'Heating', 'Backyard', 'Air conditioning', 'Coffee', 'Conditioner', 'Free parking on premises', 'Hangers', 'Refrigerator', 'Free street parking', 'Cleaning products', 'Bidet']",22,0,0,1,0,1,1,1,0,0,0,0,1,Entire place
ELEVENTH WARD,42.68231,-73.78321,0,Entire home/apt,Entire rental unit,2,1.0,1.0,0,,0,,,,360,f,"[""Wifi"", ""Shower gel"", ""Hot water"", ""Coffee maker"", ""TV"", ""Bed linens"", ""Shampoo"", ""Hot water kettle"", ""Dedicated workspace"", ""Microwave"", ""Clothing storage"", ""Dining table"", ""Heating"", ""Backyard"", ""Air conditioning"", ""Coffee"", ""Free parking on premises"", ""Hangers"", ""Refrigerator"", ""Free street parking"", ""Bidet""]",1607340037754690734,"['Wifi', 'Shower gel', 'Hot water', 'Coffee maker', 'TV', 'Bed linens', 'Shampoo', 'Hot water kettle', 'Dedicated workspace', 'Microwave', 'Clothing storage', 'Dining table', 'Heating', 'Backyard', 'Air conditioning', 'Coffee', 'Free parking on premises', 'Hangers', 'Refrigerator', 'Free street parking', 'Bidet']",21,1,0,1,0,1,1,1,0,0,0,0,1,Entire place
SIXTH WARD,42.65214369849858,-73.76736431886972,0,Entire home/apt,Entire rental unit,2,1.0,1.0,0,,0,,,,347,t,"[""Smoke alarm"", ""Kitchen"", ""Dishwasher"", ""Wifi"", ""Shower gel"", ""Hot water"", ""Coffee maker"", ""Hair dryer"", ""Body soap"", ""Dryer"", ""TV"", ""Carbon monoxide alarm"", ""Bed linens"", ""Bathtub"", ""Cooking basics"", ""Shampoo"", ""Iron"", ""Wine glasses"", ""Dedicated workspace"", ""Microwave"", ""Clothing storage"", ""Dining table"", ""Heating"", ""Washer"", ""Smart lock"", ""Pets allowed"", ""Oven"", ""Noise decibel monitors on property"", ""Air conditioning"", ""Coffee"", ""Conditioner"", ""Free parking on premises"", ""Dishes and silverware"", ""Self check-in"", ""Refrigerator"", ""Freezer"", ""Cleaning products"", ""Stove""]",1611095556132252611,"['Smoke alarm', 'Kitchen', 'Dishwasher', 'Wifi', 'Shower gel', 'Hot water', 'Coffee maker', 'Hair dryer', 'Body soap', 'Dryer', 'TV', 'Carbon monoxide alarm', 'Bed linens', 'Bathtub', 'Cooking basics', 'Shampoo', 'Iron', 'Wine glasses', 'Dedicated workspace', 'Microwave', 'Clothing storage', 'Dining table', 'Heating', 'Washer', 'Smart lock', 'Pets allowed', 'Oven', 'Noise decibel monitors on property', 'Air conditioning', 'Coffee', 'Conditioner', 'Free parking on premises', 'Dishes and silverware', 'Self check-in', 'Refrigerator', 'Freezer', 'Cleaning products', 'Stove']",38,1,1,1,1,1,1,0,0,0,0,1,1,Entire place
